<?xml version="1.0"?>
<COLLADA xmlns="http://www.collada.org/2005/11/COLLADASchema" version="1.4.1">
	<asset>
		<contributor>
			<author>Assimp</author>
			<authoring_tool>Assimp Exporter</authoring_tool>
		</contributor>
		<created>2022-06-16T13:16:45</created>
		<modified>2022-06-16T13:16:45</modified>
		<unit name="meter" meter="1.000000" />
		<up_axis>Y_UP</up_axis>
	</asset>
	<library_effects>
		<effect id="lambert1-fx" name="lambert1">
			<profile_COMMON>
				<technique sid="standard">
					<phong>
						<diffuse>
							<color sid="diffuse">0.500000   0.500000   0.500000   1.000000</color>
						</diffuse>
					</phong>
				</technique>
			</profile_COMMON>
		</effect>
	</library_effects>
	<library_materials>
		<material id="lambert1" name="lambert1">
			<instance_effect url="#lambert1-fx"/>
		</material>
	</library_materials>
	<library_geometries>
		<geometry id="meshId0" name="meshId0_name" >
			<mesh>
				<source id="meshId0-positions" name="meshId0-positions">
					<float_array id="meshId0-positions-array" count="2127"> 
						0.951058 1.000000 -0.309017 0.809018 1.000000 -0.587786 0.000000 1.000000 -0.000000 0.587786 1.000000 -0.809018 0.309016 1.000000 -0.951057 0.000000 1.000000 -1.000001 -0.309016 1.000000 -0.951057 -0.587785 1.000000 -0.809017 -0.809017 1.000000 -0.587785 -0.951056 1.000000 -0.309017 -1.000000 1.000000 -0.000000 -0.951056 1.000000 0.309017 -0.809017 1.000000 0.587785 -0.587785 1.000000 0.809017 -0.309016 1.000000 0.951057 0.000000 1.000000 1.000000 0.309016 1.000000 0.951057 0.587786 1.000000 0.809017 0.809017 1.000000 0.587785 0.951057 1.000000 0.309017 1.000001 1.000000 -0.000000 0.951058 -0.611515 -0.309017 0.809018 -0.611515 -0.587786 0.809018 1.000000 -0.587786 0.951058 1.000000 -0.309017 0.587786 -0.611515 -0.809018 0.587786 1.000000 -0.809018 0.587786 -0.611515 -0.809018 0.309016 -0.611515 -0.951057 0.309016 1.000000 -0.951057 0.587786 1.000000 -0.809018 0.000000 -0.611515 -1.000001 0.000000 1.000000 -1.000001 -0.309016 -0.611515 -0.951057 -0.309016 1.000000 -0.951057 -0.587785 -0.611515 -0.809017 -0.587785 1.000000 -0.809017 -0.587785 -0.611515 -0.809017 -0.809017 -0.611515 -0.587785 -0.809017 1.000000 -0.587785 -0.587785 1.000000 -0.809017 -0.951056 -0.611515 -0.309017 -0.951056 1.000000 -0.309017 -1.000000 -0.611515 -0.000000 -1.000000 1.000000 -0.000000 -0.951056 -0.611515 0.309017 -0.951056 1.000000 0.309017 -0.809017 -0.611515 0.587785 -0.809017 1.000000 0.587785 -0.587785 -0.611515 0.809017 -0.587785 1.000000 0.809017 -0.587785 -0.611515 0.809017 -0.309016 -0.611515 0.951057 -0.309016 1.000000 0.951057 -0.587785 1.000000 0.809017 0.000000 -0.611515 1.000000 0.000000 1.000000 1.000000 0.309016 -0.611515 0.951057 0.309016 1.000000 0.951057 0.587786 -0.611515 0.809017 0.587786 1.000000 0.809017 0.587786 -0.611515 0.809017 0.809017 -0.611515 0.587785 0.809017 1.000000 0.587785 
						0.587786 1.000000 0.809017 0.951057 -0.611515 0.309017 0.951057 1.000000 0.309017 1.000001 -0.611515 -0.000000 1.000001 1.000000 -0.000000 0.007026 -2.922759 -0.005105 0.008259 -2.922759 -0.002684 0.000000 -2.787148 -0.000000 0.005105 -2.922759 -0.007026 0.002683 -2.922759 -0.008259 0.005105 -2.922759 -0.007026 0.000000 -2.787148 -0.000000 0.000000 -2.922759 -0.008684 -0.002684 -2.922759 -0.008259 -0.005104 -2.922759 -0.007026 -0.007025 -2.922759 -0.005105 -0.005104 -2.922759 -0.007026 0.000000 -2.787148 -0.000000 -0.008258 -2.922759 -0.002684 -0.008684 -2.922759 -0.000001 -0.008258 -2.922759 0.002683 -0.007025 -2.922759 0.005104 -0.005104 -2.922759 0.007025 -0.002684 -2.922759 0.008258 -0.005104 -2.922759 0.007025 0.000000 -2.787148 -0.000000 -0.000007 -2.922759 0.008683 0.002677 -2.922759 0.008258 0.005105 -2.922759 0.007024 0.007026 -2.922759 0.005104 0.005105 -2.922759 0.007024 0.008259 -2.922759 0.002683 0.008684 -2.922759 -0.000001 0.855961 -0.947953 -0.278119 0.760866 -1.000000 -0.247220 0.647231 -1.000000 -0.470241 0.728124 -0.947953 -0.529013 0.925577 -0.805757 -0.300738 0.787343 -0.805757 -0.572038 0.855961 -0.947953 -0.278119 0.728124 -0.947953 -0.529013 0.470240 -1.000000 -0.647231 0.529014 -0.947953 -0.728124 0.572038 -0.805757 -0.787342 0.529014 -0.947953 -0.728124 0.247220 -1.000000 -0.760865 0.278119 -0.947953 -0.855961 0.572038 -0.805757 -0.787342 0.300739 -0.805757 -0.925576 0.529014 -0.947953 -0.728124 0.278119 -0.947953 -0.855961 0.000000 -1.000000 -0.800021 0.000000 -0.947953 -0.900011 0.000000 -0.805757 -0.973208 0.000000 -0.947953 -0.900011 -0.247220 -1.000000 -0.760865 -0.278118 -0.947953 -0.855961 -0.300738 -0.805757 -0.925576 -0.278118 -0.947953 -0.855961 -0.470240 -1.000000 -0.647231 -0.529013 -0.947953 -0.728124 -0.572037 -0.805757 -0.787342 -0.529013 -0.947953 -0.728124 -0.647230 -1.000000 -0.470241 
						-0.728124 -0.947953 -0.529013 -0.572037 -0.805757 -0.787342 -0.787342 -0.805757 -0.572037 -0.529013 -0.947953 -0.728124 -0.728124 -0.947953 -0.529013 -0.760866 -1.000000 -0.247220 -0.855961 -0.947953 -0.278119 -0.925577 -0.805757 -0.300738 -0.855961 -0.947953 -0.278119 -0.800021 -1.000000 -0.000000 -0.900011 -0.947953 -0.000000 -0.973208 -0.805757 -0.000000 -0.900011 -0.947953 -0.000000 -0.760866 -1.000000 0.247220 -0.855961 -0.947953 0.278119 -0.925577 -0.805757 0.300738 -0.855961 -0.947953 0.278119 -0.647230 -1.000000 0.470240 -0.728124 -0.947953 0.529013 -0.787342 -0.805757 0.572037 -0.728124 -0.947953 0.529013 -0.470240 -1.000000 0.647231 -0.529012 -0.947953 0.728124 -0.572037 -0.805757 0.787342 -0.529012 -0.947953 0.728124 -0.247220 -1.000000 0.760865 -0.278118 -0.947953 0.855961 -0.572037 -0.805757 0.787342 -0.300738 -0.805757 0.925576 -0.529012 -0.947953 0.728124 -0.278118 -0.947953 0.855961 0.000000 -1.000000 0.800021 0.000000 -0.947953 0.900011 0.000000 -0.805757 0.973208 0.000000 -0.947953 0.900011 0.247220 -1.000000 0.760865 0.278119 -0.947953 0.855961 0.300739 -0.805757 0.925576 0.278119 -0.947953 0.855961 0.470240 -1.000000 0.647230 0.529013 -0.947953 0.728124 0.572038 -0.805757 0.787342 0.529013 -0.947953 0.728124 0.647231 -1.000000 0.470240 0.728124 -0.947953 0.529013 0.572038 -0.805757 0.787342 0.787343 -0.805757 0.572037 0.529013 -0.947953 0.728124 0.728124 -0.947953 0.529013 0.760865 -1.000000 0.247220 0.855961 -0.947953 0.278119 0.925576 -0.805757 0.300738 0.855961 -0.947953 0.278119 0.800021 -1.000000 -0.000000 0.900010 -0.947953 -0.000000 0.973208 -0.805757 -0.000000 0.900010 -0.947953 -0.000000 0.168617 -1.054988 -0.518948 0.000000 -1.054988 -0.545655 0.320727 -1.054988 -0.441444 0.441445 -1.054988 -0.320728 0.518948 -1.054988 -0.168617 0.545655 -1.054988 -0.000000 0.518948 -1.054988 0.168616 
						0.441444 -1.054988 0.320728 0.320727 -1.054988 0.441444 0.168617 -1.054988 0.518948 0.000000 -1.054988 0.545654 -0.168616 -1.054988 0.518948 -0.320728 -1.054988 0.441444 -0.441443 -1.054988 0.320728 -0.518948 -1.054988 0.168616 -0.545654 -1.054988 0.000000 -0.518948 -1.054988 -0.168616 -0.441443 -1.054988 -0.320728 -0.320728 -1.054988 -0.441444 -0.168616 -1.054988 -0.518948 0.441445 -1.054988 -0.320728 0.518948 -1.054988 -0.168617 0.269004 -1.836642 -0.087404 0.228826 -1.836642 -0.166253 0.545655 -1.054988 -0.000000 0.282847 -1.836642 -0.000000 0.518948 -1.054988 0.168616 0.269004 -1.836642 0.087404 0.441444 -1.054988 0.320728 0.228826 -1.836642 0.166253 0.320727 -1.054988 0.441444 0.166253 -1.836642 0.228828 0.320727 -1.054988 0.441444 0.168617 -1.054988 0.518948 0.087201 -1.836642 0.269003 0.166253 -1.836642 0.228828 0.000000 -1.054988 0.545654 -0.000203 -1.836642 0.282847 -0.168616 -1.054988 0.518948 -0.087404 -1.836642 0.269003 -0.320728 -1.054988 0.441444 -0.166253 -1.836642 0.228828 -0.320728 -1.054988 0.441444 -0.441443 -1.054988 0.320728 -0.228828 -1.836642 0.166253 -0.166253 -1.836642 0.228828 -0.518948 -1.054988 0.168616 -0.269004 -1.836642 0.087404 -0.545654 -1.054988 0.000000 -0.282848 -1.836642 -0.000000 -0.518948 -1.054988 -0.168616 -0.269004 -1.836642 -0.087404 -0.441443 -1.054988 -0.320728 -0.228828 -1.836642 -0.166253 -0.320728 -1.054988 -0.441444 -0.166253 -1.836642 -0.228828 -0.320728 -1.054988 -0.441444 -0.168616 -1.054988 -0.518948 -0.087404 -1.836642 -0.269004 -0.166253 -1.836642 -0.228828 0.000000 -1.054988 -0.545655 0.000000 -1.836642 -0.282847 0.168617 -1.054988 -0.518948 0.087405 -1.836642 -0.269004 0.320727 -1.054988 -0.441444 0.166253 -1.836642 -0.228828 0.320727 -1.054988 -0.441444 0.166253 -1.836642 -0.228828 0.086334 -2.595210 -0.062725 0.101492 -2.595210 -0.032977 0.089106 -2.656401 -0.028952 
						0.075798 -2.656401 -0.055070 0.062725 -2.595210 -0.086334 0.055071 -2.656401 -0.075798 0.032977 -2.595210 -0.101492 0.062725 -2.595210 -0.086334 0.055071 -2.656401 -0.075798 0.028952 -2.656401 -0.089106 0.000000 -2.595210 -0.106715 0.000000 -2.656401 -0.093692 -0.032976 -2.595210 -0.101492 -0.028953 -2.656401 -0.089106 -0.062724 -2.595210 -0.086334 -0.055070 -2.656401 -0.075798 -0.086333 -2.595210 -0.062725 -0.062724 -2.595210 -0.086334 -0.055070 -2.656401 -0.075798 -0.075797 -2.656401 -0.055070 -0.101491 -2.595210 -0.032977 -0.089105 -2.656401 -0.028952 -0.106714 -2.595210 -0.000000 -0.093691 -2.656401 -0.000000 -0.101491 -2.595210 0.032976 -0.089105 -2.656401 0.028952 -0.086333 -2.595210 0.062725 -0.075797 -2.656401 0.055070 -0.062724 -2.595210 0.086334 -0.055070 -2.656401 0.075798 -0.032974 -2.595210 0.101492 -0.062724 -2.595210 0.086334 -0.055070 -2.656401 0.075798 -0.028951 -2.656401 0.089107 -0.000092 -2.595210 0.106715 -0.000079 -2.656402 0.093691 0.032888 -2.595211 0.101488 0.028876 -2.656400 0.089105 0.062732 -2.595211 0.086330 0.055074 -2.656403 0.075793 0.086334 -2.595210 0.062725 0.062732 -2.595211 0.086330 0.055074 -2.656403 0.075793 0.075798 -2.656401 0.055070 0.101492 -2.595210 0.032976 0.089106 -2.656401 0.028952 0.106715 -2.595210 -0.000000 0.093692 -2.656401 -0.000000 0.251540 -1.852920 -0.182754 0.263749 -1.906753 -0.191625 0.191626 -1.906753 -0.263749 0.182753 -1.852920 -0.251539 0.295702 -1.852920 -0.096080 0.310056 -1.906753 -0.100743 0.310919 -1.852920 -0.000000 0.326012 -1.906753 -0.000000 0.271753 -2.019882 -0.088298 0.298108 -1.990564 -0.096861 0.313449 -1.990564 -0.000000 0.285738 -2.019882 -0.000000 0.231166 -2.019882 -0.167953 0.253585 -1.990564 -0.184241 0.167953 -2.019882 -0.231166 0.184242 -1.990564 -0.253586 0.182753 -1.852920 -0.251539 0.191626 -1.906753 -0.263749 0.100744 -1.906753 -0.310056 
						0.096080 -1.852920 -0.295703 0.184242 -1.990564 -0.253586 0.167953 -2.019882 -0.231166 0.088298 -2.019882 -0.271753 0.096861 -1.990564 -0.298108 0.000000 -1.906753 -0.326012 0.000000 -1.852920 -0.310920 0.000000 -2.019881 -0.285738 0.000000 -1.990564 -0.313449 -0.100743 -1.906753 -0.310056 -0.096079 -1.852920 -0.295703 -0.088298 -2.019881 -0.271753 -0.096862 -1.990564 -0.298108 -0.191625 -1.906753 -0.263749 -0.182754 -1.852920 -0.251539 -0.167952 -2.019882 -0.231166 -0.184241 -1.990564 -0.253586 -0.182754 -1.852920 -0.251539 -0.191625 -1.906753 -0.263749 -0.263748 -1.906753 -0.191625 -0.251539 -1.852920 -0.182754 -0.184241 -1.990564 -0.253586 -0.167952 -2.019882 -0.231166 -0.231166 -2.019882 -0.167953 -0.253586 -1.990564 -0.184241 -0.310055 -1.906753 -0.100743 -0.295702 -1.852920 -0.096080 -0.271752 -2.019882 -0.088298 -0.298108 -1.990564 -0.096861 -0.326011 -1.906753 -0.000000 -0.310919 -1.852920 -0.000000 -0.285738 -2.019882 -0.000000 -0.313448 -1.990564 -0.000000 -0.310055 -1.906753 0.100743 -0.295702 -1.852920 0.096080 -0.271752 -2.019882 0.088298 -0.298108 -1.990564 0.096861 -0.263748 -1.906753 0.191625 -0.251539 -1.852920 0.182754 -0.231166 -2.019882 0.167952 -0.253586 -1.990564 0.184241 -0.191625 -1.906753 0.263749 -0.182754 -1.852920 0.251539 -0.167952 -2.019882 0.231166 -0.184241 -1.990564 0.253585 -0.182754 -1.852920 0.251539 -0.191625 -1.906753 0.263749 -0.100752 -1.906754 0.310054 -0.096085 -1.852921 0.295702 -0.184241 -1.990564 0.253585 -0.167952 -2.019882 0.231166 -0.088303 -2.019882 0.271753 -0.096870 -1.990565 0.298106 -0.000212 -1.906753 0.326010 -0.000208 -1.852920 0.310918 -0.000208 -2.019881 0.285736 -0.000212 -1.990564 0.313447 0.100516 -1.906755 0.310068 0.095863 -1.852921 0.295711 0.088082 -2.019883 0.271763 0.096633 -1.990566 0.298120 0.191601 -1.906753 0.263761 0.182739 -1.852919 0.251544 0.167936 -2.019879 0.231170 
						0.184216 -1.990563 0.253598 0.182739 -1.852919 0.251544 0.191601 -1.906753 0.263761 0.263749 -1.906753 0.191625 0.251540 -1.852920 0.182754 0.184216 -1.990563 0.253598 0.167936 -2.019879 0.231170 0.231166 -2.019882 0.167952 0.253585 -1.990564 0.184241 0.310056 -1.906753 0.100743 0.295702 -1.852920 0.096079 0.271753 -2.019882 0.088297 0.298108 -1.990564 0.096861 0.263749 -1.906753 -0.191625 0.310056 -1.906753 -0.100743 0.298108 -1.990564 -0.096861 0.253585 -1.990564 -0.184241 0.191626 -1.906753 -0.263749 0.184242 -1.990564 -0.253586 0.100744 -1.906753 -0.310056 0.191626 -1.906753 -0.263749 0.184242 -1.990564 -0.253586 0.096861 -1.990564 -0.298108 0.000000 -1.906753 -0.326012 0.000000 -1.990564 -0.313449 -0.100743 -1.906753 -0.310056 -0.096862 -1.990564 -0.298108 -0.191625 -1.906753 -0.263749 -0.184241 -1.990564 -0.253586 -0.263748 -1.906753 -0.191625 -0.191625 -1.906753 -0.263749 -0.184241 -1.990564 -0.253586 -0.253586 -1.990564 -0.184241 -0.310055 -1.906753 -0.100743 -0.298108 -1.990564 -0.096861 -0.326011 -1.906753 -0.000000 -0.313448 -1.990564 -0.000000 -0.310055 -1.906753 0.100743 -0.298108 -1.990564 0.096861 -0.263748 -1.906753 0.191625 -0.253586 -1.990564 0.184241 -0.191625 -1.906753 0.263749 -0.184241 -1.990564 0.253585 -0.100752 -1.906754 0.310054 -0.191625 -1.906753 0.263749 -0.184241 -1.990564 0.253585 -0.096870 -1.990565 0.298106 -0.000212 -1.906753 0.326010 -0.000212 -1.990564 0.313447 0.100516 -1.906755 0.310068 0.096633 -1.990566 0.298120 0.191601 -1.906753 0.263761 0.184216 -1.990563 0.253598 0.263749 -1.906753 0.191625 0.191601 -1.906753 0.263761 0.184216 -1.990563 0.253598 0.253585 -1.990564 0.184241 0.310056 -1.906753 0.100743 0.298108 -1.990564 0.096861 0.326012 -1.906753 -0.000000 0.313449 -1.990564 -0.000000 0.228826 -1.836642 -0.166253 0.269004 -1.836642 -0.087404 0.295702 -1.852920 -0.096080 
						0.251540 -1.852920 -0.182754 0.245190 -2.003686 -0.079667 0.208571 -2.003686 -0.151536 0.231166 -2.019882 -0.167953 0.271753 -2.019882 -0.088298 0.166253 -1.836642 -0.228828 0.182753 -1.852920 -0.251539 0.151536 -2.003686 -0.208571 0.167953 -2.019882 -0.231166 0.087405 -1.836642 -0.269004 0.096080 -1.852920 -0.295703 0.079668 -2.003686 -0.245190 0.088298 -2.019882 -0.271753 0.000000 -1.836642 -0.282847 0.000000 -1.852920 -0.310920 0.000000 -2.003686 -0.257808 0.000000 -2.019881 -0.285738 -0.087404 -1.836642 -0.269004 -0.096079 -1.852920 -0.295703 -0.079667 -2.003686 -0.245190 -0.088298 -2.019881 -0.271753 -0.166253 -1.836642 -0.228828 -0.182754 -1.852920 -0.251539 -0.151536 -2.003686 -0.208571 -0.167952 -2.019882 -0.231166 -0.228828 -1.836642 -0.166253 -0.251539 -1.852920 -0.182754 -0.208571 -2.003686 -0.151536 -0.231166 -2.019882 -0.167953 -0.269004 -1.836642 -0.087404 -0.295702 -1.852920 -0.096080 -0.245189 -2.003686 -0.079667 -0.271752 -2.019882 -0.088298 -0.282848 -1.836642 -0.000000 -0.269004 -1.836642 -0.087404 -0.295702 -1.852920 -0.096080 -0.310919 -1.852920 -0.000000 -0.257807 -2.003686 -0.000000 -0.285738 -2.019882 -0.000000 -0.269004 -1.836642 0.087404 -0.295702 -1.852920 0.096080 -0.245189 -2.003686 0.079667 -0.271752 -2.019882 0.088298 -0.228828 -1.836642 0.166253 -0.269004 -1.836642 0.087404 -0.295702 -1.852920 0.096080 -0.251539 -1.852920 0.182754 -0.208571 -2.003686 0.151536 -0.231166 -2.019882 0.167952 -0.166253 -1.836642 0.228828 -0.182754 -1.852920 0.251539 -0.151536 -2.003686 0.208571 -0.167952 -2.019882 0.231166 -0.087404 -1.836642 0.269003 -0.096085 -1.852921 0.295702 -0.079667 -2.003686 0.245190 -0.088303 -2.019882 0.271753 -0.000203 -1.836642 0.282847 -0.000208 -1.852920 0.310918 -0.000203 -2.003686 0.257808 -0.000208 -2.019881 0.285736 0.087201 -1.836642 0.269003 0.095863 -1.852921 0.295711 0.079463 -2.003686 0.245190 
						0.088082 -2.019883 0.271763 0.166253 -1.836642 0.228828 0.182739 -1.852919 0.251544 0.151536 -2.003686 0.208571 0.167936 -2.019879 0.231170 0.228826 -1.836642 0.166253 0.251540 -1.852920 0.182754 0.208571 -2.003686 0.151536 0.231166 -2.019882 0.167952 0.269004 -1.836642 0.087404 0.295702 -1.852920 0.096079 0.245190 -2.003686 0.079667 0.271753 -2.019882 0.088297 0.282847 -1.836642 -0.000000 0.269004 -1.836642 0.087404 0.295702 -1.852920 0.096079 0.310919 -1.852920 -0.000000 0.257808 -2.003686 -0.000000 0.285738 -2.019882 -0.000000 0.269004 -1.836642 -0.087404 0.295702 -1.852920 -0.096080 0.208571 -2.003686 -0.151536 0.245190 -2.003686 -0.079667 0.114186 -2.564418 -0.037101 0.097132 -2.564418 -0.070570 0.257808 -2.003686 -0.000000 0.120062 -2.564418 -0.000000 0.245190 -2.003686 0.079667 0.114186 -2.564418 0.037100 0.208571 -2.003686 0.151536 0.097132 -2.564418 0.070570 0.151536 -2.003686 0.208571 0.070570 -2.564418 0.097132 0.151536 -2.003686 0.208571 0.079463 -2.003686 0.245190 0.037007 -2.564418 0.114185 0.070570 -2.564418 0.097132 -0.000203 -2.003686 0.257808 -0.000094 -2.564418 0.120061 -0.079667 -2.003686 0.245190 -0.037101 -2.564418 0.114185 -0.151536 -2.003686 0.208571 -0.070570 -2.564418 0.097131 -0.151536 -2.003686 0.208571 -0.208571 -2.003686 0.151536 -0.097131 -2.564418 0.070570 -0.070570 -2.564418 0.097131 -0.245189 -2.003686 0.079667 -0.114185 -2.564418 0.037101 -0.257807 -2.003686 -0.000000 -0.120061 -2.564418 -0.000000 -0.245189 -2.003686 -0.079667 -0.114185 -2.564418 -0.037101 -0.208571 -2.003686 -0.151536 -0.097131 -2.564418 -0.070570 -0.151536 -2.003686 -0.208571 -0.070570 -2.564418 -0.097132 -0.151536 -2.003686 -0.208571 -0.079667 -2.003686 -0.245190 -0.037101 -2.564418 -0.114186 -0.070570 -2.564418 -0.097132 0.000000 -2.003686 -0.257808 0.000000 -2.564418 -0.120062 0.079668 -2.003686 -0.245190 
						0.037101 -2.564418 -0.114185 0.151536 -2.003686 -0.208571 0.070570 -2.564418 -0.097132 0.151536 -2.003686 -0.208571 0.070570 -2.564418 -0.097132 0.097132 -2.564418 -0.070570 0.114186 -2.564418 -0.037101 0.101492 -2.595210 -0.032977 0.086334 -2.595210 -0.062725 0.070570 -2.564418 -0.097132 0.062725 -2.595210 -0.086334 0.037101 -2.564418 -0.114185 0.070570 -2.564418 -0.097132 0.062725 -2.595210 -0.086334 0.032977 -2.595210 -0.101492 0.000000 -2.564418 -0.120062 0.000000 -2.595210 -0.106715 -0.037101 -2.564418 -0.114186 -0.032976 -2.595210 -0.101492 -0.070570 -2.564418 -0.097132 -0.062724 -2.595210 -0.086334 -0.097131 -2.564418 -0.070570 -0.070570 -2.564418 -0.097132 -0.062724 -2.595210 -0.086334 -0.086333 -2.595210 -0.062725 -0.114185 -2.564418 -0.037101 -0.101491 -2.595210 -0.032977 -0.120061 -2.564418 -0.000000 -0.106714 -2.595210 -0.000000 -0.114185 -2.564418 0.037101 -0.101491 -2.595210 0.032976 -0.097131 -2.564418 0.070570 -0.086333 -2.595210 0.062725 -0.070570 -2.564418 0.097131 -0.062724 -2.595210 0.086334 -0.037101 -2.564418 0.114185 -0.070570 -2.564418 0.097131 -0.062724 -2.595210 0.086334 -0.032974 -2.595210 0.101492 -0.000094 -2.564418 0.120061 -0.000092 -2.595210 0.106715 0.037007 -2.564418 0.114185 0.032888 -2.595211 0.101488 0.070570 -2.564418 0.097132 0.062732 -2.595211 0.086330 0.097132 -2.564418 0.070570 0.070570 -2.564418 0.097132 0.062732 -2.595211 0.086330 0.086334 -2.595210 0.062725 0.114186 -2.564418 0.037100 0.101492 -2.595210 0.032976 0.120062 -2.564418 -0.000000 0.106715 -2.595210 -0.000000 0.075798 -2.656401 -0.055070 0.089106 -2.656401 -0.028952 0.008259 -2.922759 -0.002684 0.007026 -2.922759 -0.005105 0.055071 -2.656401 -0.075798 0.075798 -2.656401 -0.055070 0.007026 -2.922759 -0.005105 0.005105 -2.922759 -0.007026 0.028952 -2.656401 -0.089106 0.055071 -2.656401 -0.075798 0.005105 -2.922759 -0.007026 
						0.002683 -2.922759 -0.008259 0.000000 -2.656401 -0.093692 0.028952 -2.656401 -0.089106 0.002683 -2.922759 -0.008259 0.000000 -2.922759 -0.008684 -0.028953 -2.656401 -0.089106 0.000000 -2.656401 -0.093692 0.000000 -2.922759 -0.008684 -0.002684 -2.922759 -0.008259 -0.055070 -2.656401 -0.075798 -0.028953 -2.656401 -0.089106 -0.002684 -2.922759 -0.008259 -0.005104 -2.922759 -0.007026 -0.075797 -2.656401 -0.055070 -0.055070 -2.656401 -0.075798 -0.005104 -2.922759 -0.007026 -0.007025 -2.922759 -0.005105 -0.089105 -2.656401 -0.028952 -0.075797 -2.656401 -0.055070 -0.007025 -2.922759 -0.005105 -0.008258 -2.922759 -0.002684 -0.093691 -2.656401 -0.000000 -0.089105 -2.656401 -0.028952 -0.008258 -2.922759 -0.002684 -0.008684 -2.922759 -0.000001 -0.089105 -2.656401 0.028952 -0.093691 -2.656401 -0.000000 -0.008684 -2.922759 -0.000001 -0.008258 -2.922759 0.002683 -0.075797 -2.656401 0.055070 -0.089105 -2.656401 0.028952 -0.008258 -2.922759 0.002683 -0.007025 -2.922759 0.005104 -0.055070 -2.656401 0.075798 -0.075797 -2.656401 0.055070 -0.007025 -2.922759 0.005104 -0.005104 -2.922759 0.007025 -0.028951 -2.656401 0.089107 -0.055070 -2.656401 0.075798 -0.005104 -2.922759 0.007025 -0.002684 -2.922759 0.008258 -0.000079 -2.656402 0.093691 -0.028951 -2.656401 0.089107 -0.002684 -2.922759 0.008258 -0.000007 -2.922759 0.008683 0.028876 -2.656400 0.089105 -0.000079 -2.656402 0.093691 -0.000007 -2.922759 0.008683 0.002677 -2.922759 0.008258 0.055074 -2.656403 0.075793 0.028876 -2.656400 0.089105 0.002677 -2.922759 0.008258 0.005105 -2.922759 0.007024 0.075798 -2.656401 0.055070 0.055074 -2.656403 0.075793 0.005105 -2.922759 0.007024 0.007026 -2.922759 0.005104 0.089106 -2.656401 0.028952 0.075798 -2.656401 0.055070 0.007026 -2.922759 0.005104 0.008259 -2.922759 0.002683 0.093692 -2.656401 -0.000000 0.089106 -2.656401 0.028952 0.008259 -2.922759 0.002683 
						0.008684 -2.922759 -0.000001 0.089106 -2.656401 -0.028952 0.093692 -2.656401 -0.000000 0.008684 -2.922759 -0.000001 0.008259 -2.922759 -0.002684 
					</float_array>
					<technique_common>
						<accessor count="709" offset="0" source="#meshId0-positions-array" stride="3">
							<param name="X" type="float" />
							<param name="Y" type="float" />
							<param name="Z" type="float" />
						</accessor>
					</technique_common>
				</source>
				<source id="meshId0-normals" name="meshId0-normals">
					<float_array id="meshId0-normals-array" count="2127"> 
						0.000000 1.000000 0.000000 0.000000 1.000000 0.000000 0.000000 1.000000 0.000000 0.000000 1.000000 0.000000 0.000000 1.000000 0.000000 0.000000 1.000000 0.000000 0.000000 1.000000 0.000000 0.000000 1.000000 0.000000 0.000000 1.000000 0.000000 0.000000 1.000000 0.000000 0.000000 1.000000 0.000000 0.000000 1.000000 0.000000 0.000000 1.000000 0.000000 0.000000 1.000000 0.000000 0.000000 1.000000 0.000000 0.000000 1.000000 0.000000 0.000000 1.000000 0.000000 0.000000 1.000000 0.000000 0.000000 1.000000 0.000000 0.000000 1.000000 0.000000 0.000000 1.000000 0.000000 0.950957 -0.014480 -0.308983 0.808932 -0.014480 -0.587724 0.809017 0.000000 -0.587785 0.951057 0.000000 -0.309015 0.587722 -0.014479 -0.808933 0.587783 0.000000 -0.809018 0.587722 -0.014479 -0.808933 0.308984 -0.014479 -0.950957 0.309017 0.000000 -0.951057 0.587783 0.000000 -0.809018 -0.000000 -0.014479 -0.999895 -0.000000 0.000000 -1.000000 -0.308985 -0.014479 -0.950957 -0.309017 0.000000 -0.951056 -0.587724 -0.014479 -0.808932 -0.587786 0.000000 -0.809017 -0.587724 -0.014479 -0.808932 -0.808933 -0.014479 -0.587723 -0.809018 0.000000 -0.587785 -0.587786 0.000000 -0.809017 -0.950957 -0.014479 -0.308984 -0.951057 0.000000 -0.309017 -0.999895 -0.014479 0.000000 -1.000000 0.000000 0.000000 -0.950957 -0.014479 0.308984 -0.951057 0.000000 0.309017 -0.808933 -0.014479 0.587723 -0.809017 0.000000 0.587785 -0.587724 -0.014479 0.808932 -0.587785 0.000000 0.809017 -0.587724 -0.014479 0.808932 -0.308984 -0.014479 0.950957 -0.309017 0.000000 0.951057 -0.587785 0.000000 0.809017 0.000000 -0.014479 0.999895 0.000000 0.000000 1.000000 0.308985 -0.014479 0.950957 0.309017 0.000000 0.951056 0.587722 -0.014479 0.808933 0.587784 0.000000 0.809018 0.587722 -0.014479 0.808933 0.808932 -0.014479 0.587723 0.809017 0.000000 0.587785 
						0.587784 0.000000 0.809018 0.950957 -0.014479 0.308984 0.951057 0.000000 0.309017 0.999895 -0.014480 0.000002 1.000000 0.000000 0.000002 -0.807346 -0.063908 0.586607 -0.949111 -0.063905 0.308391 -0.001470 -0.999999 0.000144 -0.586475 -0.063905 0.807443 -0.308390 -0.063904 0.949111 -0.586475 -0.063905 0.807443 -0.001470 -0.999999 0.000144 -0.000016 -0.063906 0.997956 0.308390 -0.063909 0.949111 0.586653 -0.063905 0.807313 0.807346 -0.063908 0.586607 0.586653 -0.063905 0.807313 -0.001470 -0.999999 0.000144 0.949111 -0.063905 0.308389 0.997956 -0.063907 0.000000 0.949111 -0.063903 -0.308392 0.807347 -0.063904 -0.586607 0.586668 -0.063901 -0.807302 0.308781 -0.063904 -0.948984 0.586668 -0.063901 -0.807302 -0.001470 -0.999999 0.000144 -0.000018 -0.063900 -0.997956 -0.308027 -0.063884 -0.949230 -0.585898 -0.063898 -0.807862 -0.807315 -0.063904 -0.586650 -0.585898 -0.063898 -0.807862 -0.949111 -0.063903 -0.308390 -0.997956 -0.063907 0.000000 0.439125 -0.887024 -0.142680 0.298212 -0.949569 -0.096895 0.253673 -0.949569 -0.184305 0.622360 -0.638914 -0.452170 0.914157 -0.275850 -0.297026 0.777628 -0.275849 -0.564979 0.845596 -0.457689 -0.274750 0.622360 -0.638914 -0.452170 0.184304 -0.949570 -0.253673 0.452171 -0.638914 -0.622359 0.564980 -0.275847 -0.777629 0.452171 -0.638914 -0.622359 0.096895 -0.949569 -0.298211 0.237720 -0.638913 -0.731628 0.564980 -0.275847 -0.777629 0.297028 -0.275846 -0.914157 0.452171 -0.638914 -0.622359 0.237720 -0.638913 -0.731628 0.000000 -0.949569 -0.313557 -0.000000 -0.638912 -0.769280 -0.000000 -0.275847 -0.961201 -0.000000 -0.638912 -0.769280 -0.096895 -0.949569 -0.298211 -0.142680 -0.887025 -0.439124 -0.297028 -0.275847 -0.914157 -0.274751 -0.457686 -0.845598 -0.184304 -0.949569 -0.253673 -0.271393 -0.887025 -0.373541 -0.564981 -0.275847 -0.777628 -0.522608 -0.457686 -0.719308 -0.253673 -0.949569 -0.184305 
						-0.622359 -0.638912 -0.452172 -0.564981 -0.275847 -0.777628 -0.777628 -0.275846 -0.564981 -0.522608 -0.457686 -0.719308 -0.622359 -0.638912 -0.452172 -0.298211 -0.949569 -0.096895 -0.731628 -0.638912 -0.237721 -0.914158 -0.275845 -0.297028 -0.731628 -0.638912 -0.237721 -0.313557 -0.949569 -0.000000 -0.461725 -0.887023 -0.000000 -0.961202 -0.275844 0.000000 -0.889113 -0.457688 0.000000 -0.298211 -0.949569 0.096895 -0.439126 -0.887023 0.142681 -0.914158 -0.275845 0.297028 -0.845596 -0.457689 0.274752 -0.253673 -0.949569 0.184305 -0.373542 -0.887023 0.271396 -0.777628 -0.275847 0.564981 -0.719306 -0.457688 0.522609 -0.184304 -0.949569 0.253673 -0.271394 -0.887024 0.373542 -0.564980 -0.275848 0.777628 -0.522608 -0.457687 0.719308 -0.096895 -0.949569 0.298211 -0.142680 -0.887025 0.439124 -0.564980 -0.275848 0.777628 -0.297028 -0.275847 0.914157 -0.522608 -0.457687 0.719308 -0.274751 -0.457687 0.845597 0.000000 -0.949569 0.313558 0.000000 -0.887025 0.461722 0.000000 -0.275847 0.961201 0.000000 -0.457687 0.889114 0.096895 -0.949569 0.298211 0.237720 -0.638913 0.731628 0.297029 -0.275847 0.914157 0.237720 -0.638913 0.731628 0.184304 -0.949569 0.253673 0.452170 -0.638914 0.622359 0.564980 -0.275847 0.777629 0.452170 -0.638914 0.622359 0.253673 -0.949569 0.184304 0.373540 -0.887025 0.271393 0.564980 -0.275847 0.777629 0.777629 -0.275848 0.564979 0.452170 -0.638914 0.622359 0.719308 -0.457687 0.522607 0.298211 -0.949569 0.096895 0.439124 -0.887025 0.142680 0.914157 -0.275848 0.297027 0.845597 -0.457687 0.274751 0.313558 -0.949569 0.000000 0.461723 -0.887024 0.000000 0.961201 -0.275849 0.000001 0.889113 -0.457687 0.000001 0.065294 -0.977422 -0.200954 0.000000 -0.977422 -0.211296 0.124197 -0.977422 -0.170942 0.170942 -0.977422 -0.124197 0.200955 -0.977422 -0.065294 0.211296 -0.977422 0.000000 0.200955 -0.977422 0.065294 
						0.170942 -0.977422 0.124197 0.124197 -0.977422 0.170942 0.065294 -0.977422 0.200954 0.000000 -0.977422 0.211296 -0.065294 -0.977422 0.200954 -0.124197 -0.977422 0.170942 -0.170942 -0.977422 0.124196 -0.200953 -0.977422 0.065294 -0.211294 -0.977422 0.000000 -0.200953 -0.977422 -0.065294 -0.170942 -0.977422 -0.124196 -0.124197 -0.977422 -0.170942 -0.065294 -0.977422 -0.200954 0.766834 -0.318690 -0.557138 0.901467 -0.318690 -0.292907 0.901467 -0.318690 -0.292907 0.766833 -0.318690 -0.557138 0.947859 -0.318690 0.000000 0.947859 -0.318690 -0.000000 0.901466 -0.318690 0.292908 0.901466 -0.318690 0.292908 0.766834 -0.318690 0.557138 0.766834 -0.318690 0.557138 0.556954 -0.318723 0.766954 0.556942 -0.318723 0.766962 0.556954 -0.318723 0.766954 0.292813 -0.318724 0.901485 0.292756 -0.318724 0.901504 0.556942 -0.318723 0.766962 0.000024 -0.318701 0.947855 -0.000028 -0.318701 0.947855 -0.293016 -0.318678 0.901435 -0.293021 -0.318678 0.901434 -0.557137 -0.318690 0.766834 -0.557137 -0.318690 0.766835 -0.557137 -0.318690 0.766834 -0.766834 -0.318689 0.557139 -0.766834 -0.318689 0.557139 -0.557137 -0.318690 0.766835 -0.901468 -0.318688 0.292907 -0.901468 -0.318688 0.292907 -0.947860 -0.318687 0.000000 -0.947860 -0.318687 -0.000000 -0.901468 -0.318688 -0.292907 -0.901468 -0.318688 -0.292907 -0.766834 -0.318689 -0.557138 -0.766834 -0.318689 -0.557138 -0.557137 -0.318690 -0.766834 -0.557137 -0.318690 -0.766834 -0.557137 -0.318690 -0.766834 -0.292904 -0.318690 -0.901468 -0.292904 -0.318690 -0.901468 -0.557137 -0.318690 -0.766834 0.000000 -0.318689 -0.947859 0.000000 -0.318689 -0.947859 0.292905 -0.318689 -0.901467 0.292905 -0.318689 -0.901468 0.557139 -0.318690 -0.766833 0.557139 -0.318690 -0.766833 0.557139 -0.318690 -0.766833 0.557139 -0.318690 -0.766833 0.791289 -0.208166 -0.574916 0.930219 -0.208171 -0.302253 0.930219 -0.208171 -0.302254 
						0.791289 -0.208166 -0.574916 0.574913 -0.208165 -0.791292 0.574914 -0.208165 -0.791291 0.302255 -0.208167 -0.930219 0.574913 -0.208165 -0.791292 0.574914 -0.208165 -0.791291 0.302253 -0.208167 -0.930220 0.000010 -0.208166 -0.978094 0.000010 -0.208166 -0.978094 -0.302247 -0.208161 -0.930224 -0.302252 -0.208161 -0.930222 -0.574915 -0.208160 -0.791291 -0.574917 -0.208160 -0.791290 -0.791296 -0.208166 -0.574907 -0.574915 -0.208160 -0.791291 -0.574917 -0.208160 -0.791290 -0.791296 -0.208166 -0.574906 -0.930219 -0.208170 -0.302254 -0.930219 -0.208170 -0.302254 -0.978093 -0.208170 0.000000 -0.978093 -0.208170 -0.000000 -0.930219 -0.208170 0.302254 -0.930219 -0.208170 0.302254 -0.791295 -0.208166 0.574908 -0.791295 -0.208166 0.574908 -0.574910 -0.208161 0.791295 -0.574912 -0.208161 0.791293 -0.302643 -0.208166 0.930094 -0.574910 -0.208161 0.791295 -0.574912 -0.208161 0.791293 -0.302648 -0.208166 0.930092 0.000022 -0.208158 0.978095 0.000058 -0.208158 0.978095 0.301883 -0.208095 0.930357 0.301898 -0.208095 0.930352 0.574297 -0.208166 0.791739 0.574274 -0.208166 0.791755 0.791309 -0.208175 0.574886 0.574297 -0.208166 0.791739 0.574274 -0.208166 0.791755 0.791306 -0.208175 0.574890 0.930219 -0.208170 0.302253 0.930219 -0.208170 0.302254 0.978093 -0.208169 -0.000000 0.978093 -0.208169 0.000000 0.778983 0.269938 -0.565968 0.778982 0.269938 -0.565968 0.565968 0.269939 -0.778982 0.565965 0.269939 -0.778984 0.915749 0.269947 -0.297543 0.915749 0.269947 -0.297542 0.962872 0.269958 0.000000 0.962872 0.269958 0.000000 0.691165 -0.686919 -0.224572 0.691166 -0.686919 -0.224571 0.726736 -0.686916 0.000000 0.726736 -0.686916 0.000000 0.587941 -0.686919 -0.427163 0.587941 -0.686919 -0.427163 0.427164 -0.686917 -0.587942 0.427165 -0.686917 -0.587941 0.565965 0.269939 -0.778984 0.565968 0.269939 -0.778982 0.297547 0.269937 -0.915751 
						0.297548 0.269937 -0.915751 0.427165 -0.686917 -0.587941 0.427164 -0.686917 -0.587942 0.224573 -0.686918 -0.691166 0.224572 -0.686919 -0.691166 -0.000000 0.269935 -0.962879 -0.000000 0.269935 -0.962879 -0.000001 -0.686921 -0.726732 -0.000001 -0.686921 -0.726732 -0.297545 0.269935 -0.915752 -0.297545 0.269935 -0.915752 -0.224568 -0.686923 -0.691162 -0.224573 -0.686924 -0.691161 -0.565968 0.269935 -0.778983 -0.565967 0.269935 -0.778984 -0.427162 -0.686924 -0.587936 -0.427162 -0.686924 -0.587936 -0.565967 0.269935 -0.778984 -0.565968 0.269935 -0.778983 -0.778987 0.269936 -0.565963 -0.778987 0.269935 -0.565962 -0.427162 -0.686924 -0.587936 -0.427162 -0.686924 -0.587936 -0.587936 -0.686924 -0.427160 -0.587937 -0.686924 -0.427159 -0.915750 0.269940 -0.297547 -0.915750 0.269940 -0.297548 -0.691165 -0.686918 -0.224577 -0.691165 -0.686918 -0.224576 -0.962877 0.269942 -0.000000 -0.962877 0.269942 -0.000000 -0.726741 -0.686911 -0.000000 -0.726741 -0.686911 0.000000 -0.915750 0.269939 0.297547 -0.915750 0.269939 0.297548 -0.691165 -0.686918 0.224576 -0.691165 -0.686918 0.224575 -0.778986 0.269935 0.565964 -0.778987 0.269935 0.565963 -0.587937 -0.686924 0.427160 -0.587937 -0.686924 0.427159 -0.565982 0.269934 0.778974 -0.565982 0.269934 0.778974 -0.427178 -0.686919 0.587930 -0.427178 -0.686919 0.587930 -0.565982 0.269934 0.778974 -0.565982 0.269934 0.778974 -0.297843 0.269928 0.915657 -0.297841 0.269928 0.915658 -0.427178 -0.686919 0.587930 -0.427178 -0.686919 0.587930 -0.224814 -0.686911 0.691095 -0.224811 -0.686911 0.691096 -0.000055 0.269940 0.962877 -0.000053 0.269940 0.962877 -0.000056 -0.686926 0.726728 -0.000048 -0.686926 0.726728 0.297220 0.269922 0.915862 0.297235 0.269922 0.915857 0.224326 -0.686899 0.691265 0.224334 -0.686899 0.691263 0.565476 0.269947 0.779336 0.565487 0.269947 0.779328 0.426765 -0.686947 0.588197 
						0.426774 -0.686947 0.588191 0.565487 0.269947 0.779328 0.565476 0.269947 0.779336 0.778956 0.269932 0.566008 0.778955 0.269932 0.566009 0.426774 -0.686947 0.588191 0.426765 -0.686947 0.588197 0.587903 -0.686926 0.427203 0.587906 -0.686926 0.427200 0.915750 0.269947 0.297542 0.915749 0.269947 0.297542 0.691166 -0.686919 0.224572 0.691166 -0.686919 0.224572 0.800079 -0.148234 -0.581292 0.940548 -0.148239 -0.305604 0.940548 -0.148239 -0.305604 0.800079 -0.148234 -0.581292 0.581293 -0.148234 -0.800078 0.581294 -0.148234 -0.800077 0.305604 -0.148236 -0.940549 0.581293 -0.148234 -0.800078 0.581294 -0.148234 -0.800077 0.305603 -0.148236 -0.940549 0.000000 -0.148235 -0.988952 0.000000 -0.148235 -0.988952 -0.305601 -0.148234 -0.940550 -0.305605 -0.148234 -0.940549 -0.581295 -0.148233 -0.800077 -0.581295 -0.148233 -0.800077 -0.800080 -0.148232 -0.581291 -0.581295 -0.148233 -0.800077 -0.581295 -0.148233 -0.800077 -0.800081 -0.148232 -0.581290 -0.940549 -0.148234 -0.305604 -0.940549 -0.148234 -0.305604 -0.988952 -0.148237 0.000000 -0.988952 -0.148237 0.000000 -0.940549 -0.148234 0.305604 -0.940549 -0.148234 0.305604 -0.800079 -0.148232 0.581292 -0.800080 -0.148232 0.581291 -0.581309 -0.148234 0.800066 -0.581309 -0.148234 0.800067 -0.305906 -0.148232 0.940451 -0.581309 -0.148234 0.800066 -0.581309 -0.148234 0.800067 -0.305912 -0.148232 0.940449 -0.000066 -0.148239 0.988952 -0.000071 -0.148239 0.988952 0.305273 -0.148232 0.940657 0.305255 -0.148232 0.940663 0.580797 -0.148252 0.800435 0.580782 -0.148252 0.800446 0.800041 -0.148239 0.581343 0.580797 -0.148252 0.800435 0.580782 -0.148252 0.800446 0.800041 -0.148239 0.581343 0.940549 -0.148239 0.305603 0.940549 -0.148239 0.305603 0.988951 -0.148242 -0.000000 0.988951 -0.148242 -0.000000 0.405814 0.865091 -0.294844 0.477070 0.865087 -0.155011 0.477070 0.865087 -0.155011 
						0.405816 0.865091 -0.294841 -0.477083 -0.865080 0.155013 -0.405832 -0.865079 0.294852 -0.405832 -0.865079 0.294852 -0.477083 -0.865080 0.155013 0.294849 0.865086 -0.405821 0.294846 0.865086 -0.405824 -0.294855 -0.865079 0.405831 -0.294855 -0.865079 0.405831 0.155010 0.865084 -0.477075 0.155011 0.865085 -0.477075 -0.155015 -0.865080 0.477082 -0.155015 -0.865080 0.477082 -0.000000 0.865086 -0.501623 -0.000000 0.865086 -0.501624 -0.000002 -0.865083 0.501628 -0.000002 -0.865083 0.501628 -0.155009 0.865087 -0.477071 -0.155010 0.865087 -0.477070 0.155015 -0.865083 0.477076 0.155012 -0.865083 0.477076 -0.294845 0.865086 -0.405822 -0.294846 0.865087 -0.405821 0.294857 -0.865078 0.405832 0.294857 -0.865078 0.405832 -0.405828 0.865081 -0.294853 -0.405827 0.865081 -0.294854 0.405837 -0.865076 0.294856 0.405836 -0.865076 0.294858 -0.477091 0.865075 -0.155017 -0.477090 0.865075 -0.155018 0.477080 -0.865081 0.155015 0.477080 -0.865081 0.155014 -0.501647 0.865072 0.000001 -0.477091 0.865075 -0.155017 -0.477090 0.865075 -0.155018 -0.501647 0.865072 0.000001 0.501622 -0.865087 -0.000000 0.501622 -0.865087 0.000000 -0.477091 0.865074 0.155018 -0.477090 0.865074 0.155020 0.477080 -0.865081 -0.155015 0.477080 -0.865081 -0.155014 -0.405828 0.865081 0.294854 -0.477091 0.865074 0.155018 -0.477090 0.865074 0.155020 -0.405827 0.865081 0.294855 0.405836 -0.865076 -0.294856 0.405835 -0.865076 -0.294858 -0.294844 0.865090 0.405816 -0.294844 0.865090 0.405816 0.294856 -0.865082 -0.405824 0.294855 -0.865082 -0.405825 -0.155174 0.865085 0.477022 -0.155177 0.865085 0.477021 0.155197 -0.865080 -0.477022 0.155194 -0.865080 -0.477023 -0.000008 0.865095 0.501609 -0.000009 0.865095 0.501608 0.000010 -0.865098 -0.501603 0.000009 -0.865098 -0.501603 0.154846 0.865071 0.477152 0.154844 0.865071 0.477153 -0.154830 -0.865073 -0.477154 
						-0.154831 -0.865073 -0.477153 0.294574 0.865093 0.406006 0.294569 0.865093 0.406009 -0.294552 -0.865089 -0.406031 -0.294549 -0.865089 -0.406033 0.405821 0.865082 0.294859 0.405825 0.865082 0.294855 -0.405841 -0.865070 -0.294868 -0.405843 -0.865070 -0.294866 0.477071 0.865087 0.155011 0.477071 0.865087 0.155011 -0.477083 -0.865080 -0.155012 -0.477083 -0.865080 -0.155012 0.501635 0.865079 -0.000001 0.477071 0.865087 0.155011 0.477071 0.865087 0.155011 0.501635 0.865080 -0.000001 -0.501636 -0.865079 0.000000 -0.501636 -0.865079 -0.000000 0.477070 0.865087 -0.155011 0.477070 0.865087 -0.155011 0.785659 -0.238562 -0.570814 0.923597 -0.238562 -0.300094 0.923597 -0.238562 -0.300094 0.785659 -0.238562 -0.570813 0.971127 -0.238562 0.000000 0.971127 -0.238562 0.000000 0.923597 -0.238562 0.300094 0.923597 -0.238562 0.300093 0.785659 -0.238562 0.570813 0.785659 -0.238562 0.570813 0.570238 -0.238562 0.786077 0.570216 -0.238562 0.786093 0.570238 -0.238562 0.786077 0.299732 -0.238507 0.923729 0.299740 -0.238507 0.923726 0.570216 -0.238562 0.786093 -0.000014 -0.238562 0.971127 0.000014 -0.238562 0.971127 -0.300456 -0.238563 0.923479 -0.300464 -0.238563 0.923477 -0.570817 -0.238563 0.785657 -0.570817 -0.238563 0.785657 -0.570817 -0.238563 0.785657 -0.785658 -0.238563 0.570815 -0.785658 -0.238563 0.570815 -0.570817 -0.238563 0.785657 -0.923597 -0.238562 0.300094 -0.923597 -0.238562 0.300094 -0.971127 -0.238561 0.000000 -0.971128 -0.238561 -0.000000 -0.923597 -0.238562 -0.300094 -0.923597 -0.238562 -0.300094 -0.785659 -0.238563 -0.570813 -0.785659 -0.238563 -0.570813 -0.570817 -0.238562 -0.785657 -0.570817 -0.238562 -0.785657 -0.570817 -0.238562 -0.785657 -0.300096 -0.238562 -0.923596 -0.300096 -0.238562 -0.923597 -0.570817 -0.238562 -0.785657 0.000003 -0.238562 -0.971127 0.000003 -0.238562 -0.971127 0.300096 -0.238562 -0.923597 
						0.300096 -0.238562 -0.923597 0.570815 -0.238562 -0.785658 0.570815 -0.238562 -0.785658 0.570815 -0.238562 -0.785658 0.570815 -0.238562 -0.785658 0.742277 -0.397716 -0.539302 0.872606 -0.397708 -0.283526 0.872606 -0.397708 -0.283526 0.742275 -0.397716 -0.539304 0.539301 -0.397713 -0.742280 0.539298 -0.397713 -0.742282 0.283528 -0.397705 -0.872607 0.539301 -0.397713 -0.742280 0.539298 -0.397713 -0.742282 0.283533 -0.397705 -0.872605 0.000008 -0.397706 -0.917513 0.000009 -0.397706 -0.917513 -0.283530 -0.397707 -0.872605 -0.283529 -0.397707 -0.872606 -0.539301 -0.397704 -0.742284 -0.539302 -0.397704 -0.742284 -0.742284 -0.397702 -0.539303 -0.539301 -0.397704 -0.742284 -0.539302 -0.397704 -0.742284 -0.742284 -0.397702 -0.539303 -0.872607 -0.397701 -0.283532 -0.872607 -0.397701 -0.283532 -0.917514 -0.397703 -0.000000 -0.917514 -0.397703 0.000000 -0.872607 -0.397702 0.283533 -0.872607 -0.397702 0.283533 -0.742281 -0.397702 0.539306 -0.742282 -0.397702 0.539306 -0.539301 -0.397704 0.742284 -0.539302 -0.397704 0.742284 -0.283890 -0.397694 0.872494 -0.539301 -0.397704 0.742284 -0.539302 -0.397704 0.742284 -0.283898 -0.397694 0.872491 0.000028 -0.397726 0.917504 0.000027 -0.397726 0.917504 0.283187 -0.397687 0.872726 0.283181 -0.397687 0.872728 0.538714 -0.397732 0.742695 0.538708 -0.397732 0.742699 0.742295 -0.397699 0.539290 0.538714 -0.397732 0.742695 0.538708 -0.397732 0.742699 0.742294 -0.397699 0.539292 0.872606 -0.397708 0.283526 0.872606 -0.397708 0.283525 0.917515 -0.397701 0.000000 0.917515 -0.397701 -0.000000 0.849786 -0.300634 -0.432993 0.849786 -0.300634 -0.432993 0.849786 -0.300634 -0.432993 0.849786 -0.300634 -0.432993 0.674394 -0.300634 -0.674397 0.674394 -0.300634 -0.674397 0.674394 -0.300634 -0.674397 0.674394 -0.300634 -0.674397 0.432972 -0.300636 -0.849796 0.432972 -0.300636 -0.849796 0.432972 -0.300636 -0.849796 
						0.432972 -0.300636 -0.849796 0.149218 -0.300636 -0.941994 0.149218 -0.300636 -0.941994 0.149218 -0.300636 -0.941994 0.149218 -0.300636 -0.941994 -0.149179 -0.300636 -0.942000 -0.149179 -0.300636 -0.942000 -0.149179 -0.300636 -0.942000 -0.149179 -0.300637 -0.942000 -0.433023 -0.300638 -0.849769 -0.433023 -0.300638 -0.849769 -0.433023 -0.300638 -0.849769 -0.433023 -0.300638 -0.849769 -0.674396 -0.300636 -0.674394 -0.674396 -0.300636 -0.674394 -0.674396 -0.300636 -0.674394 -0.674396 -0.300636 -0.674394 -0.849797 -0.300635 -0.432972 -0.849797 -0.300635 -0.432972 -0.849797 -0.300635 -0.432972 -0.849797 -0.300635 -0.432972 -0.941992 -0.300636 -0.149228 -0.941992 -0.300636 -0.149228 -0.941992 -0.300636 -0.149228 -0.941992 -0.300636 -0.149228 -0.941992 -0.300636 0.149227 -0.941992 -0.300636 0.149227 -0.941992 -0.300636 0.149227 -0.941992 -0.300636 0.149227 -0.849794 -0.300636 0.432976 -0.849794 -0.300636 0.432976 -0.849794 -0.300636 0.432976 -0.849794 -0.300636 0.432976 -0.674397 -0.300638 0.674393 -0.674397 -0.300638 0.674393 -0.674397 -0.300638 0.674393 -0.674397 -0.300638 0.674393 -0.433012 -0.300638 0.849775 -0.433012 -0.300638 0.849775 -0.433012 -0.300638 0.849775 -0.433012 -0.300638 0.849775 -0.149552 -0.300657 0.941934 -0.149552 -0.300657 0.941934 -0.149552 -0.300657 0.941934 -0.149552 -0.300657 0.941934 0.149187 -0.300601 0.942010 0.149187 -0.300601 0.942010 0.149187 -0.300601 0.942010 0.149187 -0.300601 0.942010 0.432041 -0.300584 0.850288 0.432041 -0.300584 0.850288 0.432041 -0.300584 0.850288 0.432041 -0.300584 0.850288 0.674397 -0.300637 0.674393 0.674397 -0.300637 0.674393 0.674397 -0.300637 0.674393 0.674397 -0.300637 0.674393 0.849786 -0.300635 0.432993 0.849786 -0.300635 0.432993 0.849786 -0.300635 0.432993 0.849786 -0.300635 0.432993 0.941997 -0.300635 0.149199 0.941997 -0.300635 0.149199 0.941997 -0.300635 0.149199 
						0.941997 -0.300635 0.149199 0.941997 -0.300635 -0.149197 0.941997 -0.300635 -0.149197 0.941997 -0.300635 -0.149197 0.941997 -0.300635 -0.149197 
					</float_array>
					<technique_common>
						<accessor count="709" offset="0" source="#meshId0-normals-array" stride="3">
							<param name="X" type="float" />
							<param name="Y" type="float" />
							<param name="Z" type="float" />
						</accessor>
					</technique_common>
				</source>
				<source id="meshId0-tangents" name="meshId0-tangents">
					<float_array id="meshId0-tangents-array" count="2127"> 
						1.000000 0.000000 0.000000 1.000000 0.000000 -0.000000 1.000000 0.000000 -0.000000 1.000000 0.000000 -0.000001 1.000000 0.000000 -0.000000 1.000000 0.000000 0.000001 1.000000 0.000000 0.000000 1.000000 0.000000 -0.000000 1.000000 0.000000 -0.000000 1.000000 0.000000 -0.000000 1.000000 0.000000 -0.000000 1.000000 0.000000 -0.000001 1.000000 0.000000 -0.000001 1.000000 0.000000 -0.000000 1.000000 0.000000 -0.000000 1.000000 0.000000 -0.000000 1.000000 0.000000 -0.000000 1.000000 0.000000 0.000000 1.000000 0.000000 0.000000 1.000000 0.000000 -0.000000 1.000000 0.000000 0.000000 -0.308862 0.003858 -0.951099 -0.587337 0.012172 -0.809251 -0.587780 0.004269 -0.809009 -0.309015 0.001887 -0.951055 -0.808321 0.021278 -0.588357 -0.809014 0.003240 -0.587780 0.809314 0.017244 0.587123 0.951141 0.012705 0.308495 0.951051 0.003483 0.309015 0.809004 0.006015 0.587773 0.999996 0.002661 -0.000110 1.000000 0.000933 -0.000000 0.951124 -0.007253 -0.308725 0.951056 -0.001394 -0.309017 0.809308 -0.016850 -0.587142 0.809017 -0.000614 -0.587786 -0.808276 -0.022320 0.588381 -0.587057 -0.018767 0.809328 -0.587767 -0.007814 0.808993 -0.808975 -0.010216 0.587755 -0.308580 -0.010726 0.951138 -0.309012 -0.005418 0.951043 0.000164 -0.004002 0.999992 0.000000 -0.002265 0.999997 0.308900 0.002957 0.951090 0.309017 0.000973 0.951056 0.587373 0.011268 0.809238 0.587781 0.003362 0.809013 0.808356 0.020387 0.588340 0.809015 0.002340 0.587784 0.809337 -0.019876 0.587009 0.951139 -0.015390 0.308379 0.951038 -0.006201 0.309011 0.808986 -0.008721 0.587763 0.999986 -0.005360 -0.000220 0.999993 -0.003656 -0.000000 0.951104 0.004550 -0.308836 0.951056 -0.001314 -0.309017 0.809279 0.014187 -0.587253 0.809016 -0.002077 -0.587782 0.808314 -0.021444 -0.588361 0.587097 -0.017873 -0.809319 0.587771 -0.006905 -0.808998 
						0.808983 -0.009312 -0.587758 0.308618 -0.009829 -0.951135 0.309014 -0.004503 -0.951047 -0.000126 -0.003104 -0.999995 0.000002 -0.001349 -0.999999 0.585171 0.017334 0.810725 0.307253 0.010146 0.951574 -0.000785 0.000051 1.000000 0.805381 0.031039 0.591944 0.951590 -0.010491 0.307192 0.811424 -0.024080 0.583962 0.999999 -0.000519 -0.001576 0.999994 -0.003364 -0.000595 0.951261 0.003804 -0.308363 0.810701 0.017441 -0.585200 0.584830 -0.019487 -0.810922 0.804977 -0.033083 -0.592383 -0.001156 -0.000050 -0.999999 0.306873 -0.012295 -0.951671 -0.000939 -0.005170 -0.999986 -0.308695 0.001901 -0.951159 -0.586457 0.009028 -0.809930 -0.806329 0.022606 -0.591035 0.951462 0.010463 0.307589 0.811284 0.024084 0.584155 1.000000 -0.000518 0.000323 0.999994 0.003311 -0.000619 0.951374 -0.003710 -0.308015 0.811230 -0.017241 -0.584474 -0.586180 -0.011128 0.810105 -0.806625 -0.024717 0.590546 -0.308320 -0.004047 0.951274 -0.000558 0.003073 0.999995 0.984840 0.169943 0.034769 0.993635 0.109010 0.028411 0.995094 0.091094 0.038601 0.945663 0.286390 0.153956 -0.306092 0.003772 -0.951994 -0.577645 0.015228 -0.816146 -0.304084 0.003548 -0.952639 -0.564449 0.012098 -0.825379 0.997210 0.064749 0.037145 0.970587 0.192586 0.144471 -0.775873 0.063590 -0.627676 -0.709227 0.064151 -0.702056 0.999133 0.033159 0.025196 0.991646 0.094765 0.087508 0.834118 0.057051 0.548627 0.955084 0.016915 0.295851 0.883794 0.061228 0.463853 0.959867 0.012806 0.280163 0.999972 -0.000865 0.007425 0.999979 -0.002508 0.005907 0.999992 0.003100 -0.002523 0.999983 0.002285 -0.005382 0.999343 -0.034865 -0.009859 0.998353 -0.052643 -0.022809 0.953544 -0.010219 -0.301080 0.956008 -0.011405 -0.293118 0.997586 -0.066343 -0.020495 0.993964 -0.100802 -0.043308 0.834818 -0.058802 -0.547377 0.861977 -0.068714 -0.502269 0.995517 -0.092391 -0.020237 
						0.946303 -0.288755 -0.145362 -0.776606 -0.062288 0.626900 -0.572395 -0.022982 0.819656 -0.737917 -0.074606 0.670755 -0.554717 -0.017060 0.831864 0.993922 -0.109754 -0.008586 0.927312 -0.361897 -0.095514 -0.300262 -0.011268 0.953790 -0.290754 -0.008124 0.956763 0.993238 -0.115648 0.010201 0.983567 -0.180529 0.002315 0.003480 -0.004276 0.999985 0.006169 -0.004226 0.999972 0.993635 -0.109009 0.028411 0.984840 -0.169943 0.034768 0.306770 0.002900 0.951779 0.305235 0.002723 0.952273 0.995094 -0.091094 0.038601 0.988515 -0.140888 0.054665 0.578233 0.014356 0.815745 0.569339 0.015435 0.821958 0.997210 -0.064749 0.037148 0.993570 -0.099048 0.054839 0.776354 0.062736 0.627168 0.740062 0.072555 0.668613 0.999132 -0.033159 0.025195 0.998068 -0.050222 0.036586 0.835130 -0.059583 0.546816 0.955661 -0.019505 0.293822 0.864079 -0.071811 0.498207 0.959337 -0.019627 0.281579 0.999972 0.000864 0.007423 0.999973 0.001339 0.007294 0.999973 -0.005697 -0.004637 0.999952 -0.005513 -0.008048 0.999343 0.034865 -0.009861 0.992131 0.099450 -0.076065 0.952927 0.007623 -0.303103 0.955771 0.006668 -0.294035 0.997586 0.066343 -0.020491 0.971323 0.196322 -0.134127 0.833799 0.056257 -0.549194 0.881375 0.058951 -0.468725 0.995517 0.092391 -0.020230 0.988811 0.141845 -0.046182 0.777082 -0.061441 -0.626393 0.572984 -0.022115 -0.819268 0.708711 -0.064449 -0.702549 0.561233 -0.022100 -0.827362 0.993922 0.109755 -0.008582 0.984967 0.170290 -0.029018 0.300940 -0.010398 -0.953586 0.294957 -0.010090 -0.955457 0.993238 0.115648 0.010200 0.983567 0.180528 0.002317 -0.002770 -0.003405 -0.999990 -0.004963 -0.003400 -0.999982 0.999661 0.022614 0.012877 0.999977 -0.000521 0.006837 0.998905 0.043732 0.016598 0.998012 0.060804 0.016557 0.997323 0.072002 0.012719 0.997086 0.076004 0.006532 0.997382 0.072315 0.000408 
						0.998108 0.061405 -0.003275 0.999002 0.044567 -0.003127 0.999721 0.023602 0.000740 0.999977 0.000521 0.006837 0.999661 -0.022614 0.012877 0.998905 -0.043732 0.016598 0.998012 -0.060803 0.016558 0.997324 -0.072001 0.012720 0.997086 -0.076003 0.006533 0.997382 -0.072314 0.000406 0.998107 -0.061404 -0.003276 0.999002 -0.044567 -0.003130 0.999721 -0.023603 0.000746 -0.541938 0.057061 -0.838479 -0.287966 0.023043 -0.957363 -0.292350 0.018273 -0.956137 -0.541898 0.057109 -0.838502 -0.010198 -0.010695 -0.999891 -0.010450 -0.010959 -0.999885 0.270218 -0.042208 -0.961874 0.275290 -0.036756 -0.960658 0.525110 -0.076931 -0.847550 0.524989 -0.077072 -0.847612 0.719208 -0.135121 -0.681529 0.719158 -0.135199 -0.681566 0.851272 0.085209 -0.517761 0.958615 0.027966 -0.283329 0.958649 0.028034 -0.283206 0.851336 0.085341 -0.517633 0.999969 -0.005701 -0.005462 0.999969 -0.005680 -0.005387 0.961243 -0.039495 0.272859 0.961236 -0.039470 0.272888 0.856032 -0.096876 0.507764 0.856032 -0.096874 0.507765 0.734994 0.114042 0.668415 0.542526 0.056358 0.838146 0.542485 0.056407 0.838170 0.734976 0.114066 0.668430 0.288603 0.022350 0.957188 0.292982 0.017584 0.955956 0.010854 -0.011384 0.999876 0.011114 -0.011656 0.999870 -0.269569 -0.042904 0.962025 -0.274633 -0.037462 0.960819 -0.524498 -0.077644 0.847864 -0.524375 -0.077787 0.847927 -0.718546 -0.135788 0.682095 -0.718492 -0.135857 0.682138 0.851164 -0.085249 -0.517931 0.958588 -0.027971 -0.283421 0.958588 -0.027972 -0.283419 0.851165 -0.085252 -0.517928 0.999969 0.005716 -0.005450 0.999969 0.005716 -0.005451 0.961273 0.039480 0.272755 0.961273 0.039480 0.272755 0.856037 0.096891 0.507752 0.856037 0.096890 0.507753 -0.734464 0.114756 -0.668875 -0.734444 0.114783 -0.668892 -0.555606 0.062683 -0.829080 -0.289974 0.032790 -0.956473 -0.289587 0.033448 -0.956567 
						-0.554708 0.064349 -0.829553 -0.764822 0.106763 -0.635333 -0.763812 0.108888 -0.636187 0.954985 0.022897 0.295770 0.830653 0.068248 0.552592 0.831030 0.069607 0.551855 0.955163 0.024032 0.295105 0.999968 -0.006847 0.004143 0.999973 -0.006328 0.003830 0.957005 -0.036536 -0.287761 0.957045 -0.036835 -0.287591 0.834144 -0.081091 -0.545553 0.834314 -0.081737 -0.545197 -0.558213 -0.057808 0.827681 -0.766283 -0.103667 0.634085 -0.765091 -0.106191 0.635106 -0.557110 -0.059868 0.828278 -0.292616 -0.028288 0.955812 -0.291912 -0.029490 0.955990 -0.000785 0.001301 0.999999 -0.000638 0.001056 0.999999 0.290963 0.031106 0.956228 0.290560 0.031793 0.956328 0.556512 0.060985 0.828599 0.555607 0.062667 0.829080 0.765631 0.105059 0.634643 0.764623 0.107187 0.635502 0.954871 -0.022959 0.296132 0.830655 -0.068249 0.552589 0.831033 -0.069614 0.551849 0.955047 -0.024094 0.295475 0.999968 0.006873 0.004125 0.999973 0.006362 0.003781 0.957114 0.036513 -0.287403 0.957150 0.036812 -0.287243 0.834562 0.081058 -0.544918 0.834745 0.081689 -0.544544 0.559087 -0.056132 -0.827207 0.767488 -0.102148 -0.632873 0.766314 -0.104688 -0.633879 0.557977 -0.058217 -0.827812 0.293601 -0.026605 -0.955558 0.292879 -0.027840 -0.955744 0.001800 0.002983 -0.999994 0.001635 0.002709 -0.999995 -0.596805 0.014169 -0.802261 -0.597066 0.014583 -0.802059 -0.802308 -0.014072 -0.596745 -0.801966 -0.014780 -0.597187 -0.309370 0.000470 -0.950942 -0.309557 0.000717 -0.950881 0.009640 -0.012123 -0.999880 0.009595 -0.012067 -0.999881 -0.307465 0.000608 -0.951559 -0.307284 0.000679 -0.951618 -0.023840 -0.008894 -0.999676 -0.024378 -0.009094 -0.999661 -0.552397 0.016032 -0.833427 -0.552747 0.015877 -0.833198 -0.684283 0.069047 -0.725941 -0.685113 0.068640 -0.725196 0.238458 -0.773639 -0.587044 0.226934 -0.771967 -0.593774 0.156860 -0.782214 -0.602940 
						0.179291 -0.782680 -0.596042 0.969560 0.155520 0.189122 0.969596 0.155605 0.188866 0.991738 0.078267 0.101634 0.991766 0.078401 0.101263 0.004616 -0.782748 -0.622322 0.037528 -0.782205 -0.621890 0.999996 -0.000996 0.002668 0.999997 -0.000813 0.002179 -0.140537 -0.781607 -0.607733 -0.116979 -0.780335 -0.614323 0.991791 -0.078522 -0.100925 0.991801 -0.078577 -0.100780 -0.218100 -0.770601 -0.598838 -0.204346 -0.768312 -0.606580 0.969908 -0.156342 -0.186644 0.969911 -0.156350 -0.186623 -0.811917 -0.006263 0.583740 -0.812247 -0.006984 0.583272 -0.613528 -0.041299 0.788592 -0.613670 -0.041535 0.788470 -0.655189 -0.082956 0.750897 -0.653181 -0.083892 0.752540 -0.507931 -0.035425 0.860669 -0.509697 -0.034669 0.859655 -0.326666 -0.023524 0.944847 -0.326913 -0.023854 0.944753 -0.258618 -0.019580 0.965781 -0.259564 -0.019216 0.965535 -0.010141 -0.012755 0.999867 -0.010192 -0.012819 0.999866 0.025806 -0.009627 0.999621 0.025242 -0.009416 0.999637 0.309030 0.000015 0.951052 0.308836 -0.000243 0.951115 0.308835 0.000073 0.951116 0.308633 0.000152 0.951181 0.596621 0.013884 0.802403 0.596353 0.013460 0.802609 0.553615 0.015490 0.832629 0.553955 0.015337 0.832406 0.801970 -0.014746 0.597182 0.801622 -0.015461 0.597632 0.685361 0.068509 0.724973 0.686191 0.068101 0.724226 0.238425 0.773639 -0.587057 0.226895 0.771966 -0.593791 0.156782 0.782216 -0.602957 0.179229 0.782688 -0.596050 0.970397 -0.157541 0.183058 0.970419 -0.157596 0.182893 0.991933 -0.079425 0.098793 0.991967 -0.079598 0.098310 0.004687 0.782741 -0.622330 0.037618 0.782196 -0.621895 0.999978 0.002292 0.006219 0.999982 0.002095 0.005683 -0.140422 0.781629 -0.607732 -0.116888 0.780359 -0.614310 0.992352 0.081321 -0.092864 0.992362 0.081381 -0.092709 -0.217888 0.770611 -0.598902 -0.204178 0.768331 -0.606613 0.971230 0.159315 -0.177004 
						0.971226 0.159311 -0.177029 0.811895 -0.005436 -0.583778 0.812235 -0.006157 -0.583298 0.613138 -0.040580 -0.788933 0.613276 -0.040807 -0.788814 0.656429 -0.082595 -0.749853 0.654445 -0.083527 -0.751482 0.509232 -0.034896 -0.859922 0.510972 -0.034149 -0.858919 0.326151 -0.022836 -0.945042 0.326388 -0.023155 -0.944952 0.260003 -0.019045 -0.965420 0.260923 -0.018690 -0.965179 -0.580613 0.020435 -0.813923 -0.308812 0.000511 -0.951123 -0.308782 0.000585 -0.951133 -0.580004 0.022134 -0.814313 -0.796777 0.045096 -0.602589 -0.795731 0.048641 -0.603694 -0.105996 -0.920188 0.376855 -0.160714 -0.917006 0.365064 -0.172657 -0.918037 0.356928 -0.131405 -0.920244 0.368624 0.021670 -0.920084 0.391121 -0.017153 -0.920165 0.391155 0.139854 -0.920118 0.365818 0.110944 -0.920252 0.375271 0.197725 -0.919581 0.339523 0.179975 -0.918576 0.351891 -0.573179 -0.040792 0.818414 -0.787317 -0.075829 0.611868 -0.786440 -0.078537 0.612653 -0.572730 -0.041993 0.818668 -0.298518 -0.025674 0.954059 -0.298445 -0.025851 0.954077 0.005001 -0.011763 0.999918 0.004997 -0.011756 0.999918 0.309096 -0.000191 0.951031 0.309066 -0.000118 0.951041 0.580870 0.019717 0.813757 0.580262 0.021412 0.814148 0.796970 0.044394 0.602386 0.795930 0.047930 0.603488 -0.106136 0.920191 0.376807 -0.160818 0.917015 0.364995 -0.172750 0.918043 0.356866 -0.131546 0.920247 0.368566 0.021371 0.920086 0.391132 -0.017462 0.920157 0.391159 0.139517 0.920125 0.365931 0.110632 0.920252 0.375362 0.197423 0.919557 0.339764 0.179703 0.918552 0.352092 0.573498 -0.040075 -0.818226 0.787895 -0.075205 -0.611200 0.787028 -0.077924 -0.611976 0.573050 -0.041280 -0.818480 0.298810 -0.024967 -0.953986 0.298737 -0.025143 -0.954004 -0.004704 -0.011066 -0.999928 -0.004700 -0.011055 -0.999928 0.093090 -0.133966 -0.986604 0.129122 -0.087517 -0.987759 0.129121 -0.087517 -0.987759 
						0.093089 -0.133965 -0.986604 0.981230 -0.188136 0.042335 0.985489 -0.154595 0.070091 0.985223 -0.153954 0.075055 0.980972 -0.187602 0.049992 0.059051 -0.169814 -0.983705 0.059052 -0.169815 -0.983705 0.991231 -0.106102 0.078761 0.991126 -0.105807 0.080467 0.044587 -0.193405 -0.980105 0.044588 -0.193405 -0.980105 0.997303 -0.053175 0.050596 0.997305 -0.053189 0.050524 0.041708 -0.200143 -0.978878 0.041707 -0.200143 -0.978878 0.999998 0.000409 0.002006 0.999998 0.000421 0.002064 0.037029 -0.188493 -0.981376 0.037028 -0.188493 -0.981376 0.997487 0.054138 -0.045706 0.997495 0.054181 -0.045481 0.018162 -0.161044 -0.986780 0.018162 -0.161043 -0.986780 0.991061 0.105630 -0.081495 0.991377 0.106525 -0.076315 -0.021338 -0.122776 -0.992205 -0.021333 -0.122775 -0.992205 0.985640 0.154991 -0.067017 0.986050 0.156203 -0.057498 -0.060840 -0.074723 -0.995347 -0.060843 -0.074724 -0.995346 0.981318 0.188345 -0.039268 0.981537 0.189019 -0.029281 -0.030760 -0.006290 0.999507 -0.206616 0.021628 0.978183 -0.206178 0.021719 0.978274 -0.031341 -0.006409 0.999488 0.979722 0.200315 0.004244 0.979638 0.200298 0.013801 0.155721 -0.032100 0.987279 0.153680 -0.032517 0.987586 0.981083 0.187815 0.046930 0.980805 0.187300 0.054234 0.093064 0.133968 -0.986606 0.129119 0.087522 -0.987759 0.129119 0.087523 -0.987759 0.093064 0.133968 -0.986606 0.985394 0.154362 0.071913 0.985143 0.153772 0.076475 0.059016 0.169808 -0.983709 0.059017 0.169808 -0.983708 0.991434 0.106695 0.075326 0.991345 0.106429 0.076862 0.044574 0.193386 -0.980110 0.044574 0.193386 -0.980110 0.997416 0.053846 0.047570 0.997419 0.053865 0.047468 0.041670 0.200136 -0.978882 0.041670 0.200136 -0.978882 0.999981 -0.001222 0.005998 0.999981 -0.001245 0.006109 0.037039 0.188529 -0.981369 0.037039 0.188530 -0.981369 0.997755 -0.055751 -0.037109 
						0.997767 -0.055841 -0.036649 0.018146 0.161118 -0.986768 0.018147 0.161120 -0.986768 0.991522 -0.106790 -0.074025 0.991766 -0.107569 -0.069492 -0.021330 0.122777 -0.992205 -0.021332 0.122775 -0.992205 0.985565 -0.154797 -0.068556 0.985948 -0.155882 -0.060057 -0.060872 0.074725 -0.995345 -0.060869 0.074724 -0.995345 0.981168 -0.187997 -0.044340 0.981431 -0.188660 -0.034663 0.028989 -0.005928 -0.999562 0.204887 0.021985 -0.978539 0.204449 0.022076 -0.978628 0.029577 -0.006048 -0.999544 0.979729 -0.200324 -0.001424 0.979696 -0.200317 0.008248 -0.157547 -0.031726 -0.987002 -0.155489 -0.032146 -0.987314 -0.555372 0.055148 -0.829771 -0.289731 0.028819 -0.956674 -0.288971 0.029942 -0.956869 -0.553564 0.058097 -0.830778 0.001821 0.002614 -0.999995 0.001761 0.002528 -0.999995 0.293254 -0.023595 -0.955743 0.292412 -0.024844 -0.955970 0.558544 -0.049944 -0.827970 0.556879 -0.052680 -0.828921 0.764128 -0.096929 -0.637741 0.762126 -0.100749 -0.639542 0.837791 0.078319 -0.540345 0.957352 0.032100 -0.287137 0.957690 0.034128 -0.285770 0.838785 0.081450 -0.538337 0.999973 0.006020 0.004209 0.999974 0.005949 0.004131 0.954995 -0.020163 0.295937 0.955348 -0.022079 0.294658 0.833619 -0.066602 0.548310 0.834638 -0.069714 0.546370 0.762078 0.099917 0.639729 0.556382 0.053499 0.829203 0.554579 0.056446 0.830214 0.759984 0.103848 0.641592 0.290833 0.027188 0.956387 0.290069 0.028318 0.956586 -0.000688 0.000988 0.999999 -0.000636 0.000913 0.999999 -0.292155 -0.025227 0.956038 -0.291316 -0.026471 0.956260 -0.557543 -0.051591 0.828543 -0.555882 -0.054315 0.829485 -0.762866 -0.098430 0.639020 -0.760850 -0.102227 0.640826 0.837397 -0.078331 -0.540954 0.957241 -0.032116 -0.287502 0.957583 -0.034145 -0.286127 0.838382 -0.081478 -0.538960 0.999973 -0.005998 0.004181 0.999974 -0.005921 0.004128 0.955098 0.020102 0.295606 
						0.955454 0.022018 0.294318 0.833619 0.066598 0.548310 0.834638 0.069711 0.546370 -0.761190 0.101591 -0.640522 -0.759086 0.105524 -0.642380 -0.530083 0.055715 -0.846113 -0.274709 0.029064 -0.961088 -0.273740 0.029877 -0.961340 -0.528650 0.057046 -0.846921 -0.714542 0.112734 -0.690449 -0.713185 0.114155 -0.691619 0.958485 0.020935 0.284372 0.860052 0.079566 0.503964 0.860167 0.079769 0.503736 0.958490 0.020955 0.284354 0.999956 -0.005945 0.007317 0.999950 -0.006302 0.007757 0.962213 -0.032744 -0.270321 0.962422 -0.033437 -0.269493 0.865960 -0.090340 -0.491887 0.866370 -0.091107 -0.491021 -0.533828 -0.052230 0.843979 -0.715901 -0.111314 0.689272 -0.715231 -0.112015 0.689853 -0.533205 -0.052810 0.844336 -0.279180 -0.025312 0.959905 -0.278797 -0.025635 0.960008 -0.001413 0.001149 0.999998 -0.001598 0.001300 0.999998 0.276547 0.027526 0.960606 0.275606 0.028317 0.960853 0.531764 0.054156 0.845159 0.530350 0.055469 0.845962 0.716044 0.111163 0.689147 0.714701 0.112571 0.690312 0.958395 -0.021018 0.284671 0.860051 -0.079565 0.503966 0.860163 -0.079767 0.503742 0.958399 -0.021038 0.284656 0.999955 0.005993 0.007338 0.999950 0.006348 0.007774 0.962322 0.032752 -0.269934 0.962531 0.033444 -0.269100 0.866348 0.090339 -0.491203 0.866765 0.091111 -0.490324 0.535497 -0.050656 -0.843017 0.717710 -0.109967 -0.687604 0.717045 -0.110673 -0.688184 0.534882 -0.051232 -0.843372 0.281021 -0.023757 -0.959407 0.280653 -0.024066 -0.959507 0.003310 0.002692 -0.999991 0.003520 0.002864 -0.999990 -0.415407 0.047298 -0.908405 -0.415379 0.047331 -0.908416 -0.412697 0.050537 -0.909465 -0.412966 0.050215 -0.909361 -0.653855 0.078093 -0.752579 -0.653817 0.078145 -0.752607 -0.650074 0.083235 -0.755299 -0.650451 0.082724 -0.755030 0.905457 0.038517 0.422687 0.905469 0.038553 0.422658 0.906684 0.042116 0.419702 
						0.906563 0.041758 0.419999 0.988887 0.009126 0.148386 0.988889 0.009136 0.148377 0.989010 0.010122 0.147504 0.988998 0.010023 0.147592 0.990191 -0.020561 -0.138201 0.990192 -0.020574 -0.138189 0.990324 -0.021860 -0.137046 0.990310 -0.021731 -0.137161 0.909439 -0.050503 -0.412758 0.909451 -0.050539 -0.412728 0.910601 -0.054113 -0.409728 0.910487 -0.053755 -0.410030 -0.656398 -0.074603 0.750717 -0.656361 -0.074654 0.750744 -0.652694 -0.079672 0.753421 -0.653063 -0.079168 0.753154 -0.417986 -0.044177 0.907379 -0.417963 -0.044206 0.907388 -0.415630 -0.047004 0.908318 -0.415864 -0.046723 0.908226 -0.143908 -0.014192 0.989489 -0.143901 -0.014200 0.989490 -0.143198 -0.014992 0.989581 -0.143269 -0.014912 0.989572 0.142617 0.015645 0.989654 0.142607 0.015657 0.989656 0.141557 0.016839 0.989787 0.141663 0.016721 0.989774 0.416722 0.045701 0.907884 0.416696 0.045732 0.907895 0.414106 0.048833 0.908918 0.414367 0.048522 0.908816 0.655057 0.076441 0.751703 0.655020 0.076493 0.751730 0.651304 0.081561 0.754421 0.651678 0.081052 0.754153 0.905443 -0.038535 0.422715 0.905455 -0.038571 0.422686 0.906654 -0.042083 0.419772 0.906534 -0.041731 0.420065 0.988838 -0.009153 0.148713 0.988839 -0.009162 0.148705 0.988951 -0.010072 0.147899 0.988940 -0.009981 0.147980 0.990191 0.020576 -0.138197 0.990192 0.020589 -0.138185 0.990323 0.021869 -0.137047 0.990310 0.021741 -0.137161 0.909877 0.050384 -0.411807 0.909889 0.050420 -0.411777 0.911028 0.053970 -0.408797 0.910915 0.053613 -0.409097 0.657589 -0.072963 -0.749836 0.657552 -0.073013 -0.749863 0.653926 -0.077989 -0.752528 0.654291 -0.077490 -0.752262 0.419317 -0.042606 -0.906839 0.419293 -0.042635 -0.906849 0.416906 -0.045502 -0.907810 0.417146 -0.045214 -0.907714 0.145286 -0.012602 -0.989309 0.145280 -0.012610 -0.989310 0.144645 -0.013326 -0.989394 
						0.144709 -0.013254 -0.989386 -0.141194 0.017212 -0.989832 -0.141185 0.017223 -0.989833 -0.140217 0.018312 -0.989951 -0.140314 0.018203 -0.989940 
					</float_array>
					<technique_common>
						<accessor count="709" offset="0" source="#meshId0-tangents-array" stride="3">
							<param name="X" type="float" />
							<param name="Y" type="float" />
							<param name="Z" type="float" />
						</accessor>
					</technique_common>
				</source>
				<source id="meshId0-bitangents" name="meshId0-bitangents">
					<float_array id="meshId0-bitangents-array" count="2127"> 
						0.000000 0.000000 -1.000000 -0.000000 0.000000 -1.000000 -0.000000 0.000000 -1.000000 -0.000001 0.000000 -1.000000 -0.000000 0.000000 -1.000000 0.000001 0.000000 -1.000000 0.000000 0.000000 -1.000000 -0.000000 0.000000 -1.000000 -0.000000 0.000000 -1.000000 -0.000000 0.000000 -1.000000 -0.000000 0.000000 -1.000000 -0.000001 0.000000 -1.000000 -0.000001 0.000000 -1.000000 -0.000000 0.000000 -1.000000 -0.000000 0.000000 -1.000000 -0.000000 0.000000 -1.000000 -0.000000 0.000000 -1.000000 0.000000 0.000000 -1.000000 0.000000 0.000000 -1.000000 -0.000000 0.000000 -1.000000 0.000000 0.000000 -1.000000 0.042403 0.999098 -0.002276 0.053452 0.998563 0.003801 0.007115 0.999927 0.009793 0.001654 0.999986 0.005089 0.072804 0.997344 0.002268 0.007435 0.999958 0.005402 0.015424 -0.997965 0.061865 0.021569 -0.998510 0.050125 0.009393 -0.999951 0.003052 0.013800 -0.999855 0.010026 0.007544 -0.999129 0.041032 0.002645 -0.999997 -0.000000 -0.006878 -0.998946 0.045370 -0.003760 -0.999992 0.001222 -0.014522 -0.998019 0.061212 -0.001410 -0.999999 0.001024 -0.075179 0.997162 0.004003 -0.064387 0.997746 0.018911 -0.013024 0.999754 0.017925 -0.023430 0.999581 0.017023 -0.048399 0.998696 0.016237 -0.004748 0.999882 0.014612 -0.041028 0.999094 0.011345 0.000000 0.999979 0.006424 -0.041612 0.999123 0.004706 -0.000852 0.999996 -0.002623 -0.051949 0.998648 -0.001729 -0.005604 0.999955 -0.007714 -0.070773 0.997492 -0.000785 -0.005368 0.999978 -0.003900 0.021448 0.997574 0.066222 0.028797 0.998208 0.052461 0.016722 0.999845 0.005433 0.020005 0.999694 0.014534 0.015195 0.999042 0.041028 0.010368 0.999946 -0.000000 0.000411 0.999075 0.043007 0.003544 0.999993 -0.001152 -0.008421 0.998350 0.056796 0.004765 0.999983 -0.003462 0.073182 0.997315 -0.002544 0.062906 0.997877 -0.016863 0.011508 0.999808 -0.015840 
						0.021359 0.999651 -0.015518 0.047618 0.998770 -0.013819 0.003946 0.999919 -0.012144 0.041032 0.999119 -0.008800 0.000000 0.999993 -0.003825 -0.173119 0.982729 0.065367 -0.178715 0.983503 0.027965 -1.000000 0.000518 -0.000785 -0.175261 0.980148 0.092701 -0.027037 0.983476 0.179008 -0.049879 0.981640 0.184105 0.001576 0.000050 0.999999 0.009492 0.983862 0.178677 0.045005 0.983848 0.173255 0.065126 0.982716 0.173286 0.176633 0.982420 0.060434 0.179847 0.979639 0.089230 0.999999 -0.000518 -0.001156 0.180554 0.983315 0.022194 0.178669 0.983801 -0.014593 0.171588 0.983893 -0.050113 0.159481 0.983588 -0.084386 0.156354 0.981910 -0.106796 -0.027187 -0.983478 0.178973 -0.049907 -0.981641 0.184091 -0.000322 0.000051 1.000000 0.009349 -0.983866 0.178661 0.045171 -0.983863 0.173126 0.065413 -0.982747 0.173003 -0.162934 0.983422 -0.079586 -0.161000 0.981523 -0.103404 -0.173452 0.983843 -0.044349 -0.178681 0.983869 -0.008673 -0.006942 -0.057834 0.998302 -0.016804 -0.037811 0.999144 -0.020467 -0.070184 0.997324 0.038697 -0.229409 0.972561 0.603477 0.775546 -0.185319 0.534519 0.774926 -0.337311 0.787670 0.565090 -0.245456 0.767389 0.390488 -0.508560 -0.019563 -0.095092 0.995276 0.036932 -0.316368 0.947917 0.503600 0.764223 -0.402927 0.697761 0.382215 -0.605840 -0.014653 -0.110573 0.993760 0.018985 -0.372199 0.927959 -0.242551 -0.766413 0.594794 -0.151243 -0.774775 0.613881 -0.369182 -0.382975 0.846779 -0.244302 -0.390451 0.887617 -0.007659 -0.115650 0.993260 -0.008217 -0.390783 0.920446 0.008410 -0.775563 0.631215 0.007487 -0.390785 0.920452 -0.001081 -0.110025 0.993928 -0.003182 -0.171784 0.985129 0.168625 -0.775292 0.608677 0.224371 -0.564832 0.794118 0.002731 -0.093968 0.995571 0.000829 -0.146967 0.989141 0.238548 -0.765848 0.597136 0.321695 -0.554744 0.767315 0.002253 -0.068490 0.997649 
						-0.046754 -0.226713 0.972839 -0.501053 0.764676 -0.405235 -0.546288 0.774086 -0.319938 -0.641687 0.552916 -0.531528 -0.776353 0.390186 -0.495006 -0.002539 -0.035676 0.999360 -0.028952 -0.118526 0.992529 -0.609503 0.775230 -0.165904 -0.883339 0.390658 -0.259034 -0.009890 0.001152 0.999951 -0.002149 0.000394 0.999998 -0.631190 0.775541 0.011601 -0.824951 0.565079 0.011861 -0.016804 0.037811 0.999144 -0.006941 0.057834 0.998302 -0.602752 0.775569 0.187571 -0.786970 0.565101 0.247667 -0.020467 0.070184 0.997324 -0.010965 0.108866 0.993996 -0.533176 0.775002 0.339256 -0.692272 0.564589 0.449443 -0.019565 0.095092 0.995276 -0.012680 0.148206 0.988875 -0.501932 0.764520 0.404442 -0.637764 0.553567 0.535556 -0.014652 0.110573 0.993760 -0.011476 0.172580 0.984929 -0.236759 0.765590 0.598178 -0.144511 0.774505 0.615839 -0.314093 0.553800 0.771137 -0.202203 0.564264 0.800450 -0.007657 0.115651 0.993260 -0.007859 0.180522 0.983540 0.015457 0.775497 0.631161 0.015474 0.565053 0.824909 -0.001078 0.110025 0.993928 -0.034110 0.370340 0.928270 0.175354 0.775425 0.606603 0.263600 0.390702 0.881968 0.002726 0.093967 0.995572 -0.048778 0.313549 0.948318 0.244368 0.766663 0.593727 0.375870 0.383542 0.843574 0.002247 0.068490 0.997649 0.002639 0.107648 0.994186 0.499392 0.764967 0.406735 0.544986 0.774195 0.321887 0.698421 0.382135 0.605129 0.702586 0.564034 0.433865 -0.002544 0.035676 0.999360 0.001519 0.056891 0.998379 0.608821 0.775280 0.168161 0.793066 0.564894 0.227907 -0.009889 -0.001151 0.999950 -0.002150 -0.000394 0.999998 0.631213 0.775555 -0.009238 0.824971 0.565094 -0.009544 -0.008197 -0.072495 0.997335 -0.006929 -0.076004 0.997083 -0.008892 -0.061946 0.998040 -0.008746 -0.045296 0.998935 -0.007812 -0.024114 0.999679 -0.006445 -0.000491 0.999979 -0.005174 0.023173 0.999718 
						-0.004483 0.044483 0.999000 -0.004637 0.061344 0.998106 -0.005570 0.072174 0.997377 -0.006929 0.076004 0.997083 -0.008196 0.072495 0.997335 -0.008892 0.061946 0.998040 -0.008747 0.045296 0.998935 -0.007813 0.024114 0.999679 -0.006446 0.000491 0.999979 -0.005172 -0.023174 0.999718 -0.004482 -0.044483 0.999000 -0.004634 -0.061344 0.998106 -0.005576 -0.072174 0.997377 0.641808 0.715169 -0.276796 0.674307 0.722316 -0.153521 0.670800 0.722839 -0.165926 0.641871 0.715154 -0.276686 0.689798 0.723422 -0.028981 0.689783 0.723407 -0.029695 0.687228 0.719019 0.103583 0.683745 0.720151 0.117795 0.667046 0.708318 0.230943 0.667219 0.708262 0.230615 0.662624 0.678097 0.317985 0.662740 0.678047 0.317848 0.211679 0.704873 0.677013 0.140647 0.721611 0.677862 0.140427 0.721601 0.677918 0.211364 0.704816 0.677171 0.015468 0.723626 0.690019 0.015375 0.723626 0.690021 -0.110731 0.719616 0.685486 -0.110799 0.719621 0.685470 -0.184881 0.699584 0.690218 -0.184884 0.699585 0.690217 -0.628778 0.690679 0.357213 -0.640874 0.715378 0.278414 -0.640940 0.715363 0.278300 -0.628818 0.690666 0.357168 -0.673803 0.722402 0.155321 -0.670281 0.722907 0.167717 -0.689757 0.723384 0.030844 -0.689741 0.723367 0.031582 -0.687658 0.718867 -0.101768 -0.684202 0.720016 -0.115952 -0.667912 0.708038 -0.229292 -0.668085 0.707982 -0.228963 -0.663703 0.677711 -0.316553 -0.663810 0.677667 -0.316424 0.211719 -0.704895 0.676977 0.140687 -0.721652 0.677810 0.140682 -0.721652 0.677811 0.211713 -0.704894 0.676981 0.015491 -0.723639 0.690005 0.015492 -0.723639 0.690005 -0.110691 -0.719605 0.685504 -0.110691 -0.719606 0.685504 -0.184848 -0.699577 0.690234 -0.184850 -0.699578 0.690233 0.629968 0.690282 -0.355879 0.630013 0.690268 -0.355829 0.511745 0.843718 -0.162037 0.517161 0.852693 -0.073886 0.517633 0.852554 -0.072161 
						0.514010 0.843061 -0.158245 0.520119 0.821193 -0.234772 0.523893 0.819854 -0.231030 -0.099805 -0.854455 0.509849 -0.149369 -0.841461 0.519261 -0.146280 -0.840883 0.521075 -0.096829 -0.854285 0.510707 -0.018762 -0.855987 0.516657 -0.017343 -0.856009 0.516670 0.064066 -0.851878 0.519807 0.063288 -0.851808 0.520017 0.120215 -0.835587 0.536044 0.118754 -0.835267 0.536868 -0.505046 0.845549 -0.173136 -0.514574 0.823110 -0.240213 -0.519096 0.821555 -0.235768 -0.507891 0.844792 -0.168443 -0.513884 0.853571 -0.085679 -0.514766 0.853349 -0.082529 -0.516753 0.856127 -0.003563 -0.516754 0.856129 -0.002894 -0.515944 0.853037 0.078296 -0.516442 0.852899 0.076496 -0.509426 0.844371 0.165900 -0.511725 0.843724 0.162070 -0.517071 0.822255 0.237769 -0.520869 0.820932 0.234021 -0.099854 0.854448 0.509851 -0.149361 0.841465 0.519258 -0.146257 0.840883 0.521079 -0.096883 0.854277 0.510710 -0.018817 0.855995 0.516642 -0.017400 0.856017 0.516655 0.063881 0.851958 0.519699 0.063107 0.851889 0.519907 0.119878 0.835596 0.536105 0.118434 0.835284 0.536912 0.502734 0.846136 0.176950 0.511655 0.824024 0.243297 0.516221 0.822478 0.238842 0.505628 0.845391 0.172204 0.512639 0.853865 0.090089 0.513555 0.853650 0.086853 0.516738 0.856105 0.008172 0.516741 0.856110 0.007423 -0.480509 0.782173 0.396631 -0.479827 0.782139 0.397523 -0.396422 0.782180 0.480670 -0.397944 0.782121 0.479506 -0.591494 0.782740 0.193527 -0.591286 0.782739 0.194166 -0.622027 0.782305 -0.032897 -0.622030 0.782309 -0.032744 0.891729 0.349518 -0.287500 0.891806 0.349518 -0.287263 0.936474 0.349352 -0.031148 0.936453 0.349344 -0.031850 0.789789 0.348968 -0.504435 0.789491 0.348979 -0.504893 0.728468 0.339345 -0.595130 0.727535 0.339464 -0.596202 -0.833332 0.056555 -0.549872 -0.835291 0.061595 -0.546347 -0.954273 0.013687 -0.298622 
						-0.952274 0.005037 -0.305204 -0.050063 -0.298614 0.953060 -0.049767 -0.298559 0.953093 -0.021177 -0.336461 0.941459 -0.020708 -0.336417 0.941486 -0.999998 -0.001700 -0.001352 -0.999844 -0.013832 -0.010997 -0.003487 -0.349515 0.936924 -0.002848 -0.349516 0.936926 -0.955653 -0.019966 0.293818 -0.957532 -0.029017 0.286863 0.020283 -0.336372 0.941511 0.020097 -0.336354 0.941521 -0.836770 -0.065454 0.543628 -0.839034 -0.071464 0.539366 0.047199 -0.298075 0.953375 0.047175 -0.298071 0.953377 0.351991 0.782643 0.513394 0.350395 0.782615 0.514526 0.434756 0.777868 0.453772 0.434348 0.777813 0.454257 -0.759464 0.334855 -0.557752 -0.761487 0.334524 -0.555185 -0.824916 0.346827 -0.446345 -0.823618 0.346940 -0.448650 0.570970 0.781158 0.252560 0.570660 0.781113 0.253398 -0.910154 0.348698 -0.223672 -0.909838 0.348728 -0.224908 0.621967 0.782278 0.034608 0.621963 0.782273 0.034783 -0.936394 0.349327 0.033715 -0.936417 0.349335 0.032978 0.591864 0.782750 -0.192351 0.592080 0.782750 -0.191686 -0.891150 0.349519 0.289288 -0.891236 0.349519 0.289024 0.480977 0.782200 -0.396011 0.481674 0.782233 -0.395097 -0.788754 0.349000 0.506030 -0.788464 0.349010 0.506475 0.397878 0.782130 -0.479548 0.399416 0.782068 -0.478369 -0.727250 0.339501 0.596529 -0.726314 0.339619 0.597601 -0.833328 -0.056573 -0.549877 -0.835289 -0.061615 -0.546347 -0.954200 -0.013791 -0.298851 -0.952199 -0.005133 -0.305436 -0.043049 0.297297 0.953814 -0.042859 0.297261 0.953834 -0.017469 0.336081 0.941671 -0.016860 0.336022 0.941703 -0.999998 0.001714 -0.001419 -0.999843 0.013852 -0.011069 -0.008099 0.349502 0.936901 -0.007401 0.349504 0.936906 -0.955748 0.019925 0.293510 -0.957620 0.028969 0.286575 0.010194 0.335445 0.942005 0.009994 0.335424 0.942014 -0.837088 0.065387 0.543147 -0.839334 0.071380 0.538909 0.036201 0.296105 0.954469 
						0.036228 0.296107 0.954468 -0.353516 0.782656 -0.512325 -0.351913 0.782632 -0.513464 -0.435964 0.778040 -0.452316 -0.435573 0.777987 -0.452783 0.758336 0.334962 0.559220 0.760346 0.334634 0.556681 0.823975 0.346905 0.448021 0.822689 0.347015 0.450292 -0.571626 0.781240 -0.250817 -0.571328 0.781197 -0.251625 0.909690 0.348742 0.225483 0.909381 0.348770 0.226685 0.349288 0.918824 -0.183743 0.372510 0.920296 -0.119546 0.372573 0.920296 -0.119350 0.351960 0.918568 -0.179880 0.328785 0.913156 -0.240930 0.336290 0.912001 -0.234870 -0.951779 -0.005637 -0.306733 -0.816204 -0.030551 -0.576956 -0.815033 -0.025308 -0.578862 -0.950524 0.003985 -0.310625 -0.999964 -0.007807 0.003318 -0.999978 0.006179 -0.002627 -0.950083 -0.007193 0.311914 -0.951542 0.003765 0.307494 -0.812484 0.014275 0.582809 -0.814301 0.022092 0.580022 -0.380684 0.914447 -0.137353 -0.392189 0.900432 -0.188174 -0.397581 0.899028 -0.183518 -0.382493 0.914100 -0.134611 -0.393098 0.917971 -0.052939 -0.393236 0.917939 -0.052472 -0.391006 0.919809 0.032644 -0.391007 0.919810 0.032622 -0.371897 0.920302 0.121396 -0.371960 0.920302 0.121201 -0.348151 0.918928 0.185371 -0.350822 0.918681 0.181516 -0.327298 0.913374 0.242122 -0.334794 0.912239 0.236079 -0.951679 0.005628 -0.307042 -0.816182 0.030508 -0.576988 -0.815013 0.025270 -0.578891 -0.950421 -0.003993 -0.310941 -0.999965 0.007709 0.003210 -0.999977 -0.006280 -0.002742 -0.950203 0.007114 0.311550 -0.951665 -0.003829 0.307114 -0.812858 -0.014327 0.582285 -0.814680 -0.022124 0.579489 0.379607 0.914643 0.139024 0.390848 0.900732 0.189526 0.396270 0.899331 0.184861 0.381425 0.914300 0.136274 0.392558 0.918093 0.054815 0.392695 0.918061 0.054349 0.391042 0.919860 -0.030709 0.391043 0.919861 -0.030680 -0.978465 0.144084 -0.147806 -0.969075 0.177617 -0.171310 -0.969075 0.177617 -0.171309 
						-0.978465 0.144085 -0.147806 -0.007930 0.064592 0.997880 -0.016320 0.121969 0.992400 -0.021188 0.122752 0.992211 -0.015066 0.065969 0.997708 -0.988939 0.100864 -0.108745 -0.988939 0.100862 -0.108746 -0.027808 0.166390 0.985668 -0.029582 0.166589 0.985583 -0.996163 0.048815 -0.072636 -0.996163 0.048816 -0.072637 -0.020728 0.192105 0.981155 -0.020650 0.192101 0.981158 -0.999245 -0.007782 -0.038063 -0.999245 -0.007782 -0.038063 -0.002198 0.200320 0.979728 -0.002261 0.200320 0.979728 -0.997969 -0.063635 -0.002993 -0.997969 -0.063635 -0.002991 0.015443 0.191799 0.981313 0.015200 0.191785 0.981319 -0.992927 -0.113651 0.034327 -0.992928 -0.113651 0.034327 0.030649 0.166709 0.985530 0.025268 0.166104 0.985784 -0.985215 -0.153932 0.075206 -0.985215 -0.153933 0.075202 0.013307 0.121485 0.992504 0.003989 0.119976 0.992769 -0.977948 -0.183925 0.098935 -0.977948 -0.183925 0.098939 0.005074 0.064041 0.997934 -0.004218 0.062241 0.998052 0.979172 0.200216 0.033708 0.961296 0.198980 0.190572 0.961393 0.198968 0.190093 0.979151 0.200212 0.034345 -0.003873 -0.000792 0.999992 -0.012594 -0.002575 0.999917 0.970999 0.197353 -0.134955 0.971322 0.197274 -0.132728 -0.012212 -0.065419 0.997783 -0.019022 -0.066731 0.997590 -0.978467 -0.144093 -0.147785 -0.969072 -0.177626 -0.171312 -0.969072 -0.177626 -0.171312 -0.978467 -0.144093 -0.147785 -0.018105 -0.122258 0.992333 -0.022580 -0.122977 0.992153 -0.988943 -0.100867 -0.108710 -0.988943 -0.100868 -0.108710 -0.024242 -0.165985 0.985830 -0.025837 -0.166165 0.985759 -0.996159 -0.048879 -0.072655 -0.996158 -0.048880 -0.072656 -0.017420 -0.191894 0.981261 -0.017311 -0.191888 0.981264 -0.999246 0.007772 -0.038030 -0.999246 0.007772 -0.038031 -0.006570 -0.200303 0.979712 -0.006692 -0.200303 0.979711 -0.997972 0.063577 -0.003027 -0.997972 0.063576 -0.003028 0.006193 -0.191286 0.981515 
						0.005696 -0.191257 0.981524 -0.992940 0.113541 0.034316 -0.992941 0.113539 0.034315 0.022926 -0.165912 0.985874 0.018222 -0.165380 0.986062 -0.985216 0.153930 0.075198 -0.985216 0.153932 0.075201 0.014811 -0.121733 0.992452 0.006490 -0.120386 0.992706 -0.977948 0.183913 0.098965 -0.977948 0.183913 0.098962 0.009799 -0.064952 0.997840 0.000788 -0.063210 0.998000 -0.979235 0.200222 -0.031767 -0.961680 0.198924 -0.188682 -0.961776 0.198912 -0.188203 -0.979215 0.200218 -0.032411 0.001299 -0.000266 0.999999 -0.007526 0.001539 0.999970 -0.970708 0.197411 0.136950 -0.971038 0.197333 0.134705 0.544851 0.811358 -0.211743 0.566192 0.817989 -0.101590 0.566998 0.817789 -0.098658 0.548884 0.810367 -0.205017 0.571616 0.820490 0.007123 0.571617 0.820492 0.006890 0.562370 0.818818 0.115224 0.563295 0.818635 0.111964 0.537635 0.812987 0.223607 0.541445 0.812150 0.217371 0.532464 0.792935 0.296203 0.539328 0.790805 0.289400 0.158498 0.802276 0.575527 0.092772 0.817450 0.568480 0.087482 0.817044 0.569900 0.151357 0.800828 0.579453 -0.016413 0.820401 0.571554 -0.016203 0.820403 0.571556 -0.124401 0.819273 0.559746 -0.119406 0.819028 0.561191 -0.185620 0.807235 0.560283 -0.178523 0.805989 0.564368 -0.538061 0.791274 0.290475 -0.542579 0.811890 0.215506 -0.546632 0.810927 0.208786 -0.545062 0.789026 0.283452 -0.565011 0.818266 0.105848 -0.565831 0.818076 0.102897 -0.571628 0.820509 -0.002693 -0.571628 0.820509 -0.002487 -0.563576 0.818577 -0.110966 -0.564488 0.818383 -0.107720 -0.539934 0.812487 -0.219854 -0.543705 0.811628 -0.213645 -0.535390 0.792106 -0.293131 -0.542185 0.789962 -0.286347 0.158894 -0.802270 0.575426 0.092985 -0.817381 0.568544 0.087691 -0.816975 0.569967 0.151737 -0.800815 0.579372 -0.016344 -0.820401 0.571554 -0.016137 -0.820404 0.571556 -0.124342 -0.819281 0.559747 
						-0.119343 -0.819036 0.561192 -0.185627 -0.807236 0.560278 -0.178529 -0.805991 0.564363 0.541052 0.790326 -0.287485 0.548022 0.788046 -0.280457 0.709483 0.623736 -0.328004 0.760025 0.629046 -0.163290 0.760577 0.628932 -0.161140 0.711230 0.623387 -0.324869 0.677580 0.602003 -0.422466 0.679938 0.601295 -0.419677 -0.184764 -0.630010 0.754288 -0.271475 -0.616298 0.739241 -0.270991 -0.616225 0.739480 -0.184716 -0.630008 0.754301 -0.016313 -0.630964 0.775641 -0.017295 -0.630953 0.775628 0.153555 -0.628509 0.762494 0.151722 -0.628401 0.762950 0.245799 -0.612150 0.751568 0.243970 -0.611836 0.752420 -0.704846 0.624630 -0.336198 -0.675204 0.602713 -0.425248 -0.676377 0.602368 -0.423871 -0.705622 0.624487 -0.334834 -0.757419 0.629535 -0.173209 -0.757646 0.629496 -0.172357 -0.775737 0.631049 -0.003153 -0.775736 0.631048 -0.003567 -0.758963 0.629258 0.167359 -0.759507 0.629154 0.165270 -0.707410 0.624152 0.331671 -0.709148 0.623816 0.328577 -0.674952 0.602787 0.425545 -0.677303 0.602093 0.422781 -0.184854 0.630014 0.754262 -0.271474 0.616308 0.739233 -0.270994 0.616235 0.739471 -0.184808 0.630012 0.754275 -0.016416 0.630940 0.775658 -0.017389 0.630929 0.775645 0.153229 0.628531 0.762542 0.151391 0.628423 0.762997 0.245226 0.612119 0.751781 0.243380 0.611803 0.752638 0.702739 0.625012 0.339881 0.672628 0.603339 0.428431 0.673812 0.602996 0.427053 0.703513 0.624874 0.338529 0.756325 0.629708 0.177314 0.756545 0.629673 0.176498 0.775718 0.631036 0.007386 0.775716 0.631034 0.007855 0.646826 0.739457 -0.186599 0.646859 0.739449 -0.186518 0.650054 0.738605 -0.178584 0.649736 0.738692 -0.179380 0.608127 0.729203 -0.313760 0.608208 0.729182 -0.313652 0.616101 0.727037 -0.303047 0.615315 0.727257 -0.304112 -0.208293 -0.741490 0.637814 -0.208203 -0.741482 0.637852 -0.199400 -0.740705 0.641557 
						-0.200284 -0.740786 0.641189 -0.079818 -0.745302 0.661932 -0.079791 -0.745301 0.661936 -0.077148 -0.745249 0.662308 -0.077413 -0.745255 0.662271 0.049112 -0.744373 0.665955 0.049077 -0.744372 0.665960 0.045626 -0.744223 0.666371 0.045972 -0.744238 0.666330 0.178695 -0.738609 0.650019 0.178605 -0.738600 0.650055 0.169761 -0.737596 0.653554 0.170648 -0.737700 0.653206 -0.602638 0.730598 -0.321020 -0.602719 0.730578 -0.320914 -0.610594 0.728548 -0.310472 -0.609810 0.728757 -0.311521 -0.643672 0.740225 -0.194302 -0.643701 0.740219 -0.194231 -0.646536 0.739531 -0.187312 -0.646253 0.739602 -0.188006 -0.663792 0.744978 -0.066237 -0.663795 0.744978 -0.066215 -0.664074 0.744914 -0.064090 -0.664047 0.744921 -0.064304 -0.664303 0.744859 0.062337 -0.664307 0.744858 0.062304 -0.664715 0.744753 0.059132 -0.664674 0.744764 0.059451 -0.645221 0.739855 0.190538 -0.645253 0.739847 0.190460 -0.648368 0.739057 0.182791 -0.648058 0.739139 0.183561 -0.605541 0.729867 0.317197 -0.605622 0.729846 0.317090 -0.613526 0.727751 0.306537 -0.612739 0.727967 0.307597 -0.208280 0.741484 0.637826 -0.208192 0.741476 0.637863 -0.199512 0.740710 0.641517 -0.200383 0.740790 0.641153 -0.079986 0.745275 0.661942 -0.079962 0.745274 0.661946 -0.077521 0.745227 0.662290 -0.077765 0.745232 0.662256 0.049069 0.744414 0.665913 0.049034 0.744412 0.665917 0.045599 0.744264 0.666327 0.045944 0.744280 0.666286 0.178199 0.738707 0.650044 0.178110 0.738697 0.650080 0.169322 0.737702 0.653548 0.170206 0.737805 0.653202 0.600035 0.731234 0.324428 0.600116 0.731215 0.324323 0.607969 0.729241 0.313975 0.607187 0.729445 0.315014 0.642056 0.740594 0.198204 0.642086 0.740588 0.198132 0.645014 0.739906 0.191042 0.644722 0.739976 0.191754 0.663223 0.745096 0.070481 0.663225 0.745096 0.070461 0.663484 0.745045 0.068540 
						0.663458 0.745050 0.068733 0.664842 0.744721 -0.058111 0.664845 0.744720 -0.058081 0.665213 0.744614 -0.055158 0.665176 0.744625 -0.055451 
					</float_array>
					<technique_common>
						<accessor count="709" offset="0" source="#meshId0-bitangents-array" stride="3">
							<param name="X" type="float" />
							<param name="Y" type="float" />
							<param name="Z" type="float" />
						</accessor>
					</technique_common>
				</source>
				<source id="meshId0-tex0" name="meshId0-tex0">
					<float_array id="meshId0-tex0-array" count="1418"> 
						0.343182 0.446952 0.331801 0.469288 0.266977 0.422191 0.314074 0.487015 0.291737 0.498396 0.266977 0.502318 0.242217 0.498396 0.219880 0.487015 0.202154 0.469288 0.190773 0.446952 0.186851 0.422191 0.190773 0.397431 0.202154 0.375095 0.219880 0.357368 0.242217 0.345987 0.266977 0.342065 0.291737 0.345987 0.314074 0.357368 0.331801 0.375095 0.343182 0.397431 0.347103 0.422191 0.114063 0.450604 0.138894 0.450062 0.139337 0.579061 0.114062 0.579244 0.163917 0.448886 0.164433 0.578832 0.266800 0.714143 0.241900 0.713071 0.242842 0.583962 0.268039 0.584225 0.217033 0.712547 0.217583 0.583810 0.192125 0.712694 0.192355 0.583801 0.167072 0.713551 0.167268 0.583844 0.391137 0.034072 0.415987 0.035515 0.413814 0.164983 0.388599 0.164440 0.440745 0.036522 0.439134 0.165428 0.465458 0.037047 0.464504 0.165690 0.490190 0.037104 0.489863 0.165744 0.515022 0.036625 0.515139 0.165625 0.540049 0.035513 0.540236 0.165460 0.580701 0.175593 0.605592 0.176854 0.603674 0.305952 0.578479 0.305498 0.630455 0.177565 0.628931 0.306295 0.655364 0.177607 0.654158 0.306495 0.680422 0.176940 0.679245 0.306642 0.015003 0.447823 0.039856 0.449203 0.038011 0.578676 
						0.012794 0.578197 0.064617 0.450147 0.063332 0.579056 0.089330 0.450610 0.088702 0.579254 0.032791 0.004895 0.033009 0.004887 0.033320 0.015771 0.032574 0.004908 0.385296 0.004887 0.385513 0.004896 0.384976 0.015770 0.385078 0.004883 0.384861 0.004883 0.384643 0.004887 0.377819 0.004899 0.378037 0.004913 0.377225 0.015771 0.377602 0.004889 0.377384 0.004884 0.377167 0.004883 0.376949 0.004886 0.376731 0.004894 0.713195 0.021643 0.712977 0.021634 0.713515 0.010760 0.713412 0.021647 0.713630 0.021647 0.713848 0.021643 0.033661 0.004888 0.033879 0.004897 0.033444 0.004883 0.033226 0.004883 0.575246 0.520133 0.566669 0.522976 0.557385 0.505089 0.564663 0.499735 0.113747 0.435067 0.137943 0.434480 0.113437 0.422346 0.136954 0.421800 0.543027 0.490947 0.548294 0.483605 0.162105 0.432624 0.159736 0.419857 0.525002 0.481934 0.527743 0.473323 0.265310 0.730350 0.241031 0.728614 0.263067 0.743254 0.240134 0.741367 0.505074 0.478931 0.505020 0.469896 0.216877 0.728024 0.216764 0.740739 0.485194 0.482234 0.482350 0.473658 0.192733 0.728234 0.193436 0.740918 0.467307 0.491519 0.461952 0.484241 0.168566 0.729746 0.170685 0.742526 0.453164 0.505876 
						0.445823 0.500609 0.392969 0.017778 0.417248 0.019915 0.395499 0.004883 0.418475 0.007158 0.444151 0.523901 0.435541 0.521160 0.441454 0.020965 0.442061 0.008223 0.441148 0.543829 0.432113 0.543883 0.465684 0.021487 0.465857 0.008747 0.444451 0.563710 0.435875 0.566553 0.489914 0.021567 0.489636 0.008845 0.453736 0.581596 0.446458 0.586951 0.514111 0.021041 0.513154 0.008359 0.468093 0.595739 0.462826 0.603081 0.538278 0.019246 0.535941 0.006473 0.486118 0.604752 0.483378 0.613362 0.582314 0.159398 0.606579 0.161317 0.584655 0.146512 0.607573 0.148571 0.506046 0.607755 0.506101 0.616790 0.630728 0.162091 0.630938 0.149376 0.525927 0.604452 0.528770 0.613028 0.654873 0.162063 0.654265 0.149374 0.543814 0.595167 0.549168 0.602445 0.679051 0.160734 0.677028 0.147938 0.557956 0.580810 0.565298 0.586077 0.016793 0.431525 0.041077 0.433600 0.019290 0.418623 0.042272 0.420840 0.566969 0.562785 0.575580 0.565526 0.065285 0.434588 0.065861 0.421845 0.569972 0.542857 0.579007 0.542803 0.089517 0.435049 0.089658 0.422308 0.518736 0.501773 0.505245 0.499736 0.530937 0.507879 0.540654 0.517456 0.546936 0.529568 0.549168 0.543028 0.547130 0.556519 
						0.541024 0.568720 0.531447 0.578437 0.519335 0.584719 0.505875 0.586950 0.492384 0.584913 0.480183 0.578807 0.470466 0.569229 0.464185 0.557118 0.461953 0.543658 0.463990 0.530167 0.470096 0.517966 0.479674 0.508249 0.491785 0.501967 0.467944 0.847504 0.454360 0.849117 0.449799 0.783194 0.456845 0.782357 0.440685 0.849367 0.442643 0.783074 0.427100 0.848298 0.435451 0.782784 0.413633 0.845913 0.428465 0.781542 0.400466 0.842194 0.421638 0.779612 0.640759 0.961627 0.627200 0.963437 0.621716 0.897587 0.628760 0.896649 0.613529 0.963888 0.614630 0.897821 0.599880 0.962975 0.607571 0.897348 0.586391 0.960708 0.600578 0.896173 0.667221 0.537821 0.653857 0.540753 0.642891 0.475583 0.649820 0.474063 0.640270 0.542338 0.635844 0.476406 0.626594 0.542560 0.628688 0.476271 0.613012 0.541463 0.621497 0.475966 0.599549 0.539050 0.614513 0.474710 0.586391 0.535305 0.607690 0.472766 0.534965 0.893559 0.548523 0.891749 0.553989 0.957599 0.546960 0.958537 0.562195 0.891299 0.561075 0.957365 0.575844 0.892212 0.568150 0.957839 0.589333 0.894480 0.575143 0.959014 0.481302 0.844545 0.463770 0.780822 0.954923 0.113261 0.952206 0.113620 0.951751 0.108649 
						0.954071 0.108321 0.957563 0.112680 0.956356 0.107788 0.761064 0.800561 0.763750 0.800847 0.763100 0.805836 0.760769 0.805568 0.758332 0.800502 0.758426 0.805505 0.755605 0.800666 0.756087 0.805648 0.752933 0.801056 0.753767 0.805997 0.940243 0.031941 0.937594 0.031397 0.938747 0.026467 0.941036 0.026977 0.942965 0.032265 0.943359 0.027283 0.945718 0.032368 0.945699 0.027382 0.948470 0.032247 0.948038 0.027273 0.951189 0.031900 0.950360 0.026956 0.953831 0.031331 0.952647 0.026434 0.524517 0.937923 0.521831 0.937637 0.522481 0.932648 0.524812 0.932916 0.527241 0.937982 0.527148 0.932980 0.529969 0.937817 0.529488 0.932836 0.532648 0.937428 0.531814 0.932487 0.943977 0.113353 0.941326 0.112821 0.942456 0.107886 0.944748 0.108385 0.946701 0.113665 0.947072 0.108681 0.949455 0.113755 0.949412 0.108769 0.458787 0.780490 0.458706 0.776014 0.466769 0.775472 0.466754 0.780061 0.450515 0.780702 0.450668 0.776242 0.442722 0.780477 0.442882 0.776053 0.450645 0.766273 0.450682 0.769477 0.443087 0.769332 0.443198 0.766128 0.458074 0.766098 0.458339 0.769280 0.465327 0.765336 0.466112 0.768515 0.748787 0.005186 0.753272 0.004883 0.753367 0.012996 
						0.748918 0.013035 0.446831 0.355002 0.445177 0.357787 0.438665 0.354657 0.439592 0.351576 0.753367 0.021006 0.748899 0.020964 0.431559 0.353588 0.431567 0.350359 0.753288 0.029015 0.748811 0.028892 0.424448 0.354695 0.423529 0.351595 0.753110 0.037096 0.748580 0.036752 0.417942 0.357864 0.416260 0.355063 0.604825 0.471539 0.605055 0.467013 0.613138 0.468097 0.612732 0.472514 0.606308 0.460118 0.607282 0.456951 0.614440 0.458213 0.613941 0.461395 0.621118 0.468890 0.620963 0.473365 0.621845 0.458941 0.621582 0.462144 0.628941 0.469251 0.628772 0.473675 0.629277 0.459326 0.629160 0.462530 0.636727 0.469456 0.636565 0.473915 0.636724 0.459486 0.636755 0.462690 0.644765 0.469244 0.644837 0.473721 0.644154 0.459327 0.644412 0.462509 0.652829 0.468719 0.652805 0.473308 0.651409 0.458579 0.652187 0.461760 0.775759 0.036790 0.771275 0.037093 0.771179 0.028981 0.775628 0.028941 0.416467 0.398387 0.418138 0.395614 0.424646 0.398795 0.423707 0.401872 0.771178 0.020986 0.775647 0.021029 0.431737 0.399864 0.431749 0.403094 0.771257 0.012979 0.775734 0.013101 0.438826 0.398690 0.439789 0.401779 0.771435 0.004883 0.775965 0.005226 0.445290 0.395454 
						0.447019 0.398223 0.418769 0.778390 0.418989 0.773863 0.427076 0.774932 0.426679 0.779349 0.420228 0.766967 0.421197 0.763798 0.428358 0.765045 0.427866 0.768228 0.435058 0.775708 0.434912 0.780184 0.435765 0.765757 0.435508 0.768962 0.458706 0.776014 0.450668 0.776242 0.450682 0.769477 0.458339 0.769280 0.466769 0.775472 0.466112 0.768515 0.753367 0.012996 0.753272 0.004883 0.760077 0.005067 0.760112 0.012985 0.753367 0.021006 0.760143 0.021011 0.753288 0.029015 0.760084 0.029038 0.753110 0.037096 0.760001 0.036994 0.613138 0.468097 0.605055 0.467013 0.606308 0.460118 0.613941 0.461395 0.621118 0.468890 0.621582 0.462144 0.628941 0.469251 0.629160 0.462530 0.636727 0.469456 0.636755 0.462690 0.644765 0.469244 0.644412 0.462509 0.652829 0.468719 0.652187 0.461760 0.771179 0.028981 0.771275 0.037093 0.764470 0.036909 0.764434 0.028992 0.771178 0.020986 0.764403 0.020983 0.771257 0.012979 0.764461 0.012957 0.771435 0.004883 0.764544 0.004986 0.427076 0.774932 0.418989 0.773863 0.420228 0.766967 0.427866 0.768228 0.435058 0.775708 0.435508 0.768962 0.442882 0.776053 0.443087 0.769332 0.510643 0.512286 0.505030 0.507953 0.506326 0.505698 
						0.512496 0.510462 0.451237 0.370230 0.448287 0.364476 0.450371 0.362935 0.453697 0.369419 0.514887 0.517966 0.517162 0.516706 0.443699 0.359934 0.445177 0.357787 0.517453 0.524576 0.519982 0.523972 0.437931 0.357114 0.438665 0.354657 0.518153 0.531632 0.520751 0.531728 0.431570 0.356158 0.431559 0.353588 0.516934 0.538617 0.519412 0.539407 0.425206 0.357151 0.424448 0.354695 0.513887 0.545020 0.516062 0.546445 0.419432 0.360006 0.417942 0.357864 0.509235 0.550371 0.510948 0.552327 0.414861 0.364580 0.412765 0.363059 0.503318 0.554278 0.504444 0.556622 0.411946 0.370362 0.409479 0.369577 0.628688 0.476271 0.621497 0.475966 0.620963 0.473365 0.628772 0.473675 0.410967 0.376769 0.408378 0.376790 0.635844 0.476406 0.636565 0.473915 0.412020 0.383166 0.409565 0.383990 0.489692 0.553184 0.495305 0.557518 0.494009 0.559772 0.487839 0.555008 0.415002 0.388923 0.412925 0.390470 0.485448 0.547505 0.483173 0.548765 0.419623 0.393471 0.418138 0.395614 0.482881 0.540895 0.480352 0.541499 0.425395 0.396340 0.424646 0.398795 0.482181 0.533855 0.479583 0.533759 0.431711 0.397294 0.431737 0.399864 0.483400 0.526869 0.480921 0.526081 0.438034 0.396242 
						0.438826 0.398690 0.486447 0.520451 0.484272 0.519027 0.443782 0.393332 0.445290 0.395454 0.491099 0.515100 0.489386 0.513144 0.448341 0.388762 0.450437 0.390283 0.497016 0.511192 0.495890 0.508849 0.451263 0.383002 0.453727 0.383797 0.442643 0.783074 0.435451 0.782784 0.434912 0.780184 0.442722 0.780477 0.452261 0.376616 0.454851 0.376608 0.449799 0.783194 0.450515 0.780702 0.962701 0.161593 0.956279 0.162371 0.952464 0.116293 0.955438 0.115914 0.949814 0.162663 0.949472 0.116434 0.943346 0.162468 0.946480 0.116336 0.936911 0.161786 0.943502 0.116000 0.930548 0.160622 0.940556 0.115422 0.540955 0.985713 0.534531 0.986549 0.530283 0.940494 0.533268 0.940074 0.528074 0.986903 0.527287 0.940666 0.521623 0.986772 0.524296 0.940596 0.515186 0.986155 0.521309 0.940280 0.965086 0.079043 0.958740 0.080269 0.951692 0.034556 0.954636 0.033947 0.952314 0.081016 0.948715 0.034921 0.945849 0.081278 0.945723 0.035047 0.939381 0.081052 0.942731 0.034936 0.932949 0.080340 0.939755 0.034586 0.926592 0.079147 0.936811 0.033994 0.744624 0.752771 0.751033 0.751935 0.755290 0.797990 0.752312 0.798410 0.757491 0.751581 0.758286 0.797818 0.763958 0.751712 
						0.761285 0.797888 0.770395 0.752329 0.764272 0.798204 0.969041 0.160338 0.958380 0.115291 0.955438 0.115914 0.952464 0.116293 0.952206 0.113620 0.954923 0.113261 0.958380 0.115291 0.957563 0.112680 0.761285 0.797888 0.764272 0.798204 0.763750 0.800847 0.761064 0.800561 0.758286 0.797818 0.758332 0.800502 0.755290 0.797990 0.755605 0.800666 0.752312 0.798410 0.752933 0.801056 0.939755 0.034586 0.936811 0.033994 0.937594 0.031397 0.940243 0.031941 0.942731 0.034936 0.942965 0.032265 0.945723 0.035047 0.945718 0.032368 0.948715 0.034921 0.948470 0.032247 0.951692 0.034556 0.951189 0.031900 0.954636 0.033947 0.953831 0.031331 0.524296 0.940596 0.521309 0.940280 0.521831 0.937637 0.524517 0.937923 0.527287 0.940666 0.527241 0.937982 0.530283 0.940494 0.529969 0.937817 0.533268 0.940074 0.532648 0.937428 0.943502 0.116000 0.940556 0.115422 0.941326 0.112821 0.943977 0.113353 0.946480 0.116336 0.946701 0.113665 0.949472 0.116434 0.949455 0.113755 0.954071 0.108321 0.951751 0.108649 0.949470 0.086352 0.949686 0.086319 0.956356 0.107788 0.954071 0.108321 0.949686 0.086319 0.949897 0.086267 0.760769 0.805568 0.763100 0.805836 0.759249 0.827938 
						0.759033 0.827911 0.758426 0.805505 0.760769 0.805568 0.759033 0.827911 0.758816 0.827905 0.756087 0.805648 0.758426 0.805505 0.758816 0.827905 0.758598 0.827919 0.753767 0.805997 0.756087 0.805648 0.758598 0.827919 0.758383 0.827954 0.941036 0.026977 0.938747 0.026467 0.944999 0.004886 0.945211 0.004937 0.943359 0.027283 0.941036 0.026977 0.945211 0.004937 0.945426 0.004967 0.945699 0.027382 0.943359 0.027283 0.945426 0.004967 0.945644 0.004977 0.948038 0.027273 0.945699 0.027382 0.945644 0.004977 0.945862 0.004966 0.950360 0.026956 0.948038 0.027273 0.945862 0.004966 0.946078 0.004934 0.952647 0.026434 0.950360 0.026956 0.946078 0.004934 0.946290 0.004883 0.524812 0.932916 0.522481 0.932648 0.526331 0.910546 0.526547 0.910573 0.527148 0.932980 0.524812 0.932916 0.526547 0.910573 0.526764 0.910579 0.529488 0.932836 0.527148 0.932980 0.526764 0.910579 0.526982 0.910565 0.531814 0.932487 0.529488 0.932836 0.526982 0.910565 0.527198 0.910530 0.944748 0.108385 0.942456 0.107886 0.948606 0.086276 0.948818 0.086326 0.947072 0.108681 0.944748 0.108385 0.948818 0.086326 0.949034 0.086355 0.949412 0.108769 0.947072 0.108681 0.949034 0.086355 
						0.949252 0.086364 0.951751 0.108649 0.949412 0.108769 0.949252 0.086364 0.949470 0.086352 
					</float_array>
					<technique_common>
						<accessor count="709" offset="0" source="#meshId0-tex0-array" stride="2">
							<param name="S" type="float" />
							<param name="T" type="float" />
						</accessor>
					</technique_common>
				</source>
				<vertices id="meshId0-vertices">
					<input semantic="POSITION" source="#meshId0-positions" />
				</vertices>
				<polylist count="640" material="defaultMaterial">
					<input offset="0" semantic="VERTEX" source="#meshId0-vertices" />
					<input offset="0" semantic="NORMAL" source="#meshId0-normals" />
					<input offset="0" semantic="TANGENT" source="#meshId0-tangents" />
					<input offset="0" semantic="BINORMAL" source="#meshId0-bitangents" />
					<input offset="0" semantic="TEXCOORD" source="#meshId0-tex0" set="0" />
					<vcount>
						3 3 3 3 3 3 3 3 3 3 3 3 3 3 3 3 3 3 3 3 3 3 3 3 3 3 3 3 3 3 3 3 3 3 3 3 3 3 3 3 3 3 3 3 3 3 3 3 3 3 3 3 3 3 3 3 3 3 3 3 3 3 3 3 
						3 3 3 3 3 3 3 3 3 3 3 3 3 3 3 3 3 3 3 3 3 3 3 3 3 3 3 3 3 3 3 3 3 3 3 3 3 3 3 3 3 3 3 3 3 3 3 3 3 3 3 3 3 3 3 3 3 3 3 3 3 3 3 3 
						3 3 3 3 3 3 3 3 3 3 3 3 3 3 3 3 3 3 3 3 3 3 3 3 3 3 3 3 3 3 3 3 3 3 3 3 3 3 3 3 3 3 3 3 3 3 3 3 3 3 3 3 3 3 3 3 3 3 3 3 3 3 3 3 
						3 3 3 3 3 3 3 3 3 3 3 3 3 3 3 3 3 3 3 3 3 3 3 3 3 3 3 3 3 3 3 3 3 3 3 3 3 3 3 3 3 3 3 3 3 3 3 3 3 3 3 3 3 3 3 3 3 3 3 3 3 3 3 3 
						3 3 3 3 3 3 3 3 3 3 3 3 3 3 3 3 3 3 3 3 3 3 3 3 3 3 3 3 3 3 3 3 3 3 3 3 3 3 3 3 3 3 3 3 3 3 3 3 3 3 3 3 3 3 3 3 3 3 3 3 3 3 3 3 
						3 3 3 3 3 3 3 3 3 3 3 3 3 3 3 3 3 3 3 3 3 3 3 3 3 3 3 3 3 3 3 3 3 3 3 3 3 3 3 3 3 3 3 3 3 3 3 3 3 3 3 3 3 3 3 3 3 3 3 3 3 3 3 3 
						3 3 3 3 3 3 3 3 3 3 3 3 3 3 3 3 3 3 3 3 3 3 3 3 3 3 3 3 3 3 3 3 3 3 3 3 3 3 3 3 3 3 3 3 3 3 3 3 3 3 3 3 3 3 3 3 3 3 3 3 3 3 3 3 
						3 3 3 3 3 3 3 3 3 3 3 3 3 3 3 3 3 3 3 3 3 3 3 3 3 3 3 3 3 3 3 3 3 3 3 3 3 3 3 3 3 3 3 3 3 3 3 3 3 3 3 3 3 3 3 3 3 3 3 3 3 3 3 3 
						3 3 3 3 3 3 3 3 3 3 3 3 3 3 3 3 3 3 3 3 3 3 3 3 3 3 3 3 3 3 3 3 3 3 3 3 3 3 3 3 3 3 3 3 3 3 3 3 3 3 3 3 3 3 3 3 3 3 3 3 3 3 3 3 
						3 3 3 3 3 3 3 3 3 3 3 3 3 3 3 3 3 3 3 3 3 3 3 3 3 3 3 3 3 3 3 3 3 3 3 3 3 3 3 3 3 3 3 3 3 3 3 3 3 3 3 3 3 3 3 3 3 3 3 3 3 3 3 3 
					</vcount>
					<p>
						0 1 2 1 3 2 3 4 2 4 5 2 5 6 2 6 7 2 7 8 2 8 9 2 9 10 2 10 11 2 11 12 2 12 13 2 13 14 2 14 15 2 15 16 2 16 17 2 17 18 2 18 19 2 19 20 2 20 0 2 24 21 22 22 23 24 23 22 25 25 26 23 30 27 28 28 29 30 29 28 31 31 32 29 32 31 33 33 34 32 34 33 35 35 36 34 40 37 38 38 39 40 39 38 41 41 42 39 42 41 43 43 44 42 44 43 45 45 46 44 46 45 47 47 48 46 48 47 49 49 50 48 54 51 52 52 53 54 53 52 55 55 56 53 56 55 57 57 58 56 58 57 59 59 60 58 64 61 62 62 63 64 63 62 65 65 66 63 66 65 67 67 68 66 68 67 21 21 24 68 69 70 71 72 69 71 73 74 75 76 73 75 
						77 76 75 78 77 75 79 80 81 82 79 81 83 82 81 84 83 81 85 84 81 86 85 81 87 88 89 90 87 89 91 90 89 92 91 89 93 94 71 95 93 71 96 95 71 70 96 71 100 97 98 98 99 100 22 21 101 101 102 22 102 101 103 103 104 102 106 100 99 99 105 106 25 22 102 102 107 25 107 102 104 104 108 107 110 106 105 105 109 110 28 27 111 111 112 28 112 111 113 113 114 112 116 110 109 109 115 116 31 28 112 112 117 31 117 112 114 114 118 117 120 116 115 115 119 120 33 31 117 117 121 33 121 117 118 118 122 121 124 120 119 119 123 124 35 33 121 121 125 35 125 121 122 122 126 125 128 124 123 123 127 128 38 37 129 129 130 38 130 129 131 131 132 130 134 128 127 127 133 134 41 38 130 130 135 41 135 130 132 132 136 135 
						138 134 133 133 137 138 43 41 135 135 139 43 139 135 136 136 140 139 142 138 137 137 141 142 45 43 139 139 143 45 143 139 140 140 144 143 146 142 141 141 145 146 47 45 143 143 147 47 147 143 144 144 148 147 150 146 145 145 149 150 49 47 147 147 151 49 151 147 148 148 152 151 154 150 149 149 153 154 52 51 155 155 156 52 156 155 157 157 158 156 160 154 153 153 159 160 55 52 156 156 161 55 161 156 158 158 162 161 164 160 159 159 163 164 57 55 161 161 165 57 165 161 162 162 166 165 168 164 163 163 167 168 59 57 165 165 169 59 169 165 166 166 170 169 172 168 167 167 171 172 62 61 173 173 174 62 174 173 175 175 176 174 178 172 171 171 177 178 65 62 174 174 179 65 179 174 176 176 180 179 182 178 177 177 181 182 67 65 179 179 183 67 
						183 179 180 180 184 183 181 98 97 97 182 181 184 103 101 101 183 184 183 101 21 21 67 183 186 115 109 109 185 186 185 109 105 105 187 185 187 105 99 99 188 187 188 99 98 98 189 188 189 98 181 181 190 189 190 181 177 177 191 190 191 177 171 171 192 191 192 171 167 167 193 192 193 167 163 163 194 193 194 163 159 159 195 194 195 159 153 153 196 195 196 153 149 149 197 196 197 149 145 145 198 197 198 145 141 141 199 198 199 141 137 137 200 199 200 137 133 133 201 200 201 133 127 127 202 201 202 127 123 123 203 202 203 123 119 119 204 203 204 119 115 115 186 204 208 205 206 206 207 208 207 206 209 209 210 207 210 209 211 211 212 210 212 211 213 213 214 212 214 213 215 215 216 214 220 217 218 218 219 220 219 218 221 221 222 219 222 221 223 223 224 222 
						224 223 225 225 226 224 230 227 228 228 229 230 229 228 231 231 232 229 232 231 233 233 234 232 234 233 235 235 236 234 236 235 237 237 238 236 238 237 239 239 240 238 244 241 242 242 243 244 243 242 245 245 246 243 246 245 247 247 248 246 248 247 249 249 250 248 252 251 205 205 208 252 256 253 254 254 255 256 258 257 253 253 256 258 262 259 260 260 261 262 264 263 259 259 262 264 266 265 263 263 264 266 268 267 265 265 266 268 272 269 270 270 271 272 274 273 269 269 272 274 276 275 273 273 274 276 278 277 275 275 276 278 280 279 277 277 278 280 282 281 279 279 280 282 286 283 284 284 285 286 288 287 283 283 286 288 290 289 287 287 288 290 292 291 289 289 290 292 296 293 294 294 295 296 298 297 293 293 296 298 300 299 297 297 298 300 255 254 299 299 300 255 
						304 301 302 302 303 304 306 302 301 301 305 306 308 306 305 305 307 308 312 309 310 310 311 312 314 310 309 309 313 314 316 314 313 313 315 316 320 317 318 318 319 320 324 321 322 322 323 324 326 320 319 319 325 326 328 324 323 323 327 328 330 326 325 325 329 330 332 328 327 327 331 332 334 330 329 329 333 334 336 332 331 331 335 336 340 337 338 338 339 340 344 341 342 342 343 344 346 340 339 339 345 346 348 344 343 343 347 348 350 346 345 345 349 350 352 348 347 347 351 352 354 350 349 349 353 354 356 352 351 351 355 356 358 354 353 353 357 358 360 356 355 355 359 360 362 358 357 357 361 362 364 360 359 359 363 364 368 365 366 366 367 368 372 369 370 370 371 372 374 368 367 367 373 374 376 372 371 371 375 376 378 374 373 373 377 378 380 376 375 375 379 380 
						382 378 377 377 381 382 384 380 379 379 383 384 388 385 386 386 387 388 392 389 390 390 391 392 394 388 387 387 393 394 396 392 391 391 395 396 307 394 393 393 308 307 311 396 395 395 312 311 400 397 398 398 399 400 402 401 397 397 400 402 406 403 404 404 405 406 408 407 403 403 406 408 410 409 407 407 408 410 412 411 409 409 410 412 416 413 414 414 415 416 418 417 413 413 416 418 420 419 417 417 418 420 422 421 419 419 420 422 424 423 421 421 422 424 426 425 423 423 424 426 430 427 428 428 429 430 432 431 427 427 430 432 434 433 431 431 432 434 436 435 433 433 434 436 440 437 438 438 439 440 442 441 437 437 440 442 444 443 441 441 442 444 399 398 443 443 444 399 448 445 446 446 447 448 452 449 450 450 451 452 454 453 445 445 448 454 451 450 455 455 456 451 
						458 457 453 453 454 458 456 455 459 459 460 456 462 461 457 457 458 462 460 459 463 463 464 460 466 465 461 461 462 466 464 463 467 467 468 464 470 469 465 465 466 470 468 467 471 471 472 468 474 473 469 469 470 474 472 471 475 475 476 472 478 477 473 473 474 478 476 475 479 479 480 476 484 481 482 482 483 484 480 479 485 485 486 480 488 487 481 481 484 488 486 485 489 489 490 486 494 491 492 492 493 494 490 489 495 495 496 490 498 497 491 491 494 498 496 495 499 499 500 496 502 501 497 497 498 502 500 499 503 503 504 500 506 505 501 501 502 506 504 503 507 507 508 504 510 509 505 505 506 510 508 507 511 511 512 508 514 513 509 509 510 514 512 511 515 515 516 512 518 517 513 513 514 518 516 515 519 519 520 516 522 521 517 517 518 522 520 519 523 523 524 520 
						528 525 526 526 527 528 524 523 529 529 530 524 532 531 525 525 528 532 530 529 449 449 452 530 536 533 534 534 535 536 535 534 537 537 538 535 538 537 539 539 540 538 540 539 541 541 542 540 542 541 543 543 544 542 548 545 546 546 547 548 547 546 549 549 550 547 550 549 551 551 552 550 552 551 553 553 554 552 558 555 556 556 557 558 557 556 559 559 560 557 560 559 561 561 562 560 562 561 563 563 564 562 564 563 565 565 566 564 566 565 567 567 568 566 572 569 570 570 571 572 571 570 573 573 574 571 574 573 575 575 576 574 576 575 577 577 578 576 580 579 533 533 536 580 584 581 582 582 583 584 586 585 581 581 584 586 590 587 588 588 589 590 592 591 587 587 590 592 594 593 591 591 592 594 596 595 593 593 594 596 600 597 598 598 599 600 602 601 597 597 600 602 
						604 603 601 601 602 604 606 605 603 603 604 606 608 607 605 605 606 608 610 609 607 607 608 610 614 611 612 612 613 614 616 615 611 611 614 616 618 617 615 615 616 618 620 619 617 617 618 620 624 621 622 622 623 624 626 625 621 621 624 626 628 627 625 625 626 628 583 582 627 627 628 583 632 629 630 630 631 632 636 633 634 634 635 636 640 637 638 638 639 640 644 641 642 642 643 644 648 645 646 646 647 648 652 649 650 650 651 652 656 653 654 654 655 656 660 657 658 658 659 660 664 661 662 662 663 664 668 665 666 666 667 668 672 669 670 670 671 672 676 673 674 674 675 676 680 677 678 678 679 680 684 681 682 682 683 684 688 685 686 686 687 688 692 689 690 690 691 692 696 693 694 694 695 696 700 697 698 698 699 700 704 701 702 702 703 704 708 705 706 706 707 708 
					</p>
				</polylist>
			</mesh>
		</geometry>
		<geometry id="meshId1" name="meshId1_name" >
			<mesh>
				<source id="meshId1-positions" name="meshId1-positions">
					<float_array id="meshId1-positions-array" count="408"> 
						-0.271778 -0.437331 0.328942 0.271778 -0.437331 0.328942 0.431896 0.449650 0.445810 -0.431895 0.449650 0.445810 -0.500000 0.500000 0.500000 0.500000 0.500000 0.500000 0.500000 0.500000 -0.500000 -0.500000 0.500000 -0.500000 -0.431895 0.449650 -0.445810 0.431896 0.449650 -0.445810 0.271778 -0.437331 -0.328942 -0.271778 -0.437331 -0.328942 -0.319480 -0.499665 -0.368240 0.319481 -0.499665 -0.368240 0.319481 -0.499665 0.368241 -0.319480 -0.499665 0.368241 0.283208 -0.435533 0.318156 0.283208 -0.435533 -0.318156 0.443476 0.452285 -0.435135 0.443476 0.452285 0.435135 -0.283207 -0.435533 -0.318156 -0.283207 -0.435533 0.318156 -0.443476 0.452285 0.435135 -0.443476 0.452285 -0.435135 -0.319480 -0.500000 0.368241 0.319481 -0.500000 0.368241 0.271778 -0.443490 0.375686 -0.271778 -0.443490 0.375686 0.500000 0.500000 0.500000 0.431896 0.443491 0.492554 -0.500000 0.500000 0.500000 -0.431895 0.443491 0.492554 -0.500000 0.500000 -0.500000 0.500000 0.500000 -0.500000 0.431896 0.443491 -0.492554 -0.431895 0.443491 -0.492554 0.319481 -0.500000 -0.368240 0.271778 -0.443490 -0.375686 -0.319480 -0.500000 -0.368240 -0.271778 -0.443490 -0.375686 0.319481 -0.500000 0.368241 0.319481 -0.500000 -0.368240 0.329607 -0.443909 -0.318156 0.329607 -0.443909 0.318156 0.500000 0.500000 -0.500000 0.489875 0.443909 -0.435135 0.500000 0.500000 0.500000 0.489875 0.443909 0.435135 -0.319480 -0.500000 -0.368240 -0.319480 -0.500000 0.368241 -0.329606 -0.443909 0.318156 -0.329606 -0.443909 -0.318156 -0.500000 0.500000 0.500000 -0.489874 0.443909 0.435135 -0.500000 0.500000 -0.500000 -0.489874 0.443909 -0.435135 -0.271778 -0.443490 0.375686 0.271778 -0.443490 0.375686 0.271778 -0.437331 0.328942 -0.271778 -0.437331 0.328942 0.271778 -0.443490 0.375686 0.431896 0.443491 0.492554 0.431896 0.449650 0.445810 0.271778 -0.437331 0.328942 
						0.431896 0.443491 0.492554 -0.431895 0.443491 0.492554 -0.431895 0.449650 0.445810 0.431896 0.449650 0.445810 -0.431895 0.443491 0.492554 -0.271778 -0.443490 0.375686 -0.271778 -0.437331 0.328942 -0.431895 0.449650 0.445810 -0.431895 0.443491 -0.492554 0.431896 0.443491 -0.492554 0.431896 0.449650 -0.445810 -0.431895 0.449650 -0.445810 0.431896 0.443491 -0.492554 0.271778 -0.443490 -0.375686 0.271778 -0.437331 -0.328942 0.431896 0.449650 -0.445810 0.271778 -0.443490 -0.375686 -0.271778 -0.443490 -0.375686 -0.271778 -0.437331 -0.328942 0.271778 -0.437331 -0.328942 -0.271778 -0.443490 -0.375686 -0.431895 0.443491 -0.492554 -0.431895 0.449650 -0.445810 -0.271778 -0.437331 -0.328942 -0.319480 -0.500000 -0.368240 0.319481 -0.500000 -0.368240 0.319481 -0.499665 -0.368240 -0.319480 -0.499665 -0.368240 0.319481 -0.500000 -0.368240 0.319481 -0.500000 0.368241 0.319481 -0.499665 0.368241 0.319481 -0.499665 -0.368240 0.319481 -0.500000 0.368241 -0.319480 -0.500000 0.368241 -0.319480 -0.499665 0.368241 0.319481 -0.499665 0.368241 -0.319480 -0.500000 0.368241 -0.319480 -0.500000 -0.368240 -0.319480 -0.499665 -0.368240 -0.319480 -0.499665 0.368241 0.329607 -0.443909 0.318156 0.329607 -0.443909 -0.318156 0.283208 -0.435533 -0.318156 0.283208 -0.435533 0.318156 0.329607 -0.443909 -0.318156 0.489875 0.443909 -0.435135 0.443476 0.452285 -0.435135 0.283208 -0.435533 -0.318156 0.489875 0.443909 -0.435135 0.489875 0.443909 0.435135 0.443476 0.452285 0.435135 0.443476 0.452285 -0.435135 0.489875 0.443909 0.435135 0.329607 -0.443909 0.318156 0.283208 -0.435533 0.318156 0.443476 0.452285 0.435135 -0.329606 -0.443909 -0.318156 -0.329606 -0.443909 0.318156 -0.283207 -0.435533 0.318156 -0.283207 -0.435533 -0.318156 -0.329606 -0.443909 0.318156 -0.489874 0.443909 0.435135 -0.443476 0.452285 0.435135 -0.283207 -0.435533 0.318156 
						-0.489874 0.443909 0.435135 -0.489874 0.443909 -0.435135 -0.443476 0.452285 -0.435135 -0.443476 0.452285 0.435135 -0.489874 0.443909 -0.435135 -0.329606 -0.443909 -0.318156 -0.283207 -0.435533 -0.318156 -0.443476 0.452285 -0.435135 
					</float_array>
					<technique_common>
						<accessor count="136" offset="0" source="#meshId1-positions-array" stride="3">
							<param name="X" type="float" />
							<param name="Y" type="float" />
							<param name="Z" type="float" />
						</accessor>
					</technique_common>
				</source>
				<source id="meshId1-normals" name="meshId1-normals">
					<float_array id="meshId1-normals-array" count="408"> 
						0.000000 -0.130631 0.991431 0.000000 -0.130631 0.991431 0.000000 -0.130631 0.991431 0.000000 -0.130631 0.991431 0.000000 1.000000 0.000000 0.000000 1.000000 0.000000 0.000000 1.000000 0.000000 0.000000 1.000000 0.000000 0.000000 -0.130630 -0.991431 0.000000 -0.130630 -0.991431 0.000000 -0.130630 -0.991431 0.000000 -0.130630 -0.991431 0.000000 -1.000000 0.000000 0.000000 -1.000000 0.000000 0.000000 -1.000000 0.000000 0.000000 -1.000000 0.000000 0.984094 -0.177648 0.000000 0.984094 -0.177648 0.000000 0.984094 -0.177648 0.000000 0.984094 -0.177648 0.000000 -0.984094 -0.177648 0.000000 -0.984094 -0.177648 0.000000 -0.984094 -0.177648 0.000000 -0.984094 -0.177648 0.000000 0.000000 -0.130630 0.991431 -0.000000 -0.130630 0.991431 -0.000000 -0.130630 0.991431 0.000000 -0.130630 0.991431 -0.000000 -0.130630 0.991431 -0.000000 -0.130630 0.991431 0.000000 -0.130630 0.991431 0.000000 -0.130630 0.991431 0.000000 -0.130631 -0.991431 0.000000 -0.130631 -0.991431 0.000000 -0.130631 -0.991431 0.000000 -0.130631 -0.991431 0.000000 -0.130630 -0.991431 0.000000 -0.130630 -0.991431 0.000000 -0.130630 -0.991431 0.000000 -0.130630 -0.991431 0.984094 -0.177647 -0.000000 0.984094 -0.177647 0.000000 0.984094 -0.177647 0.000000 0.984094 -0.177647 -0.000000 0.984094 -0.177647 0.000000 0.984094 -0.177647 0.000000 0.984094 -0.177647 -0.000000 0.984094 -0.177647 -0.000000 -0.984094 -0.177649 0.000000 -0.984094 -0.177649 -0.000000 -0.984094 -0.177649 -0.000000 -0.984094 -0.177649 0.000000 -0.984094 -0.177649 -0.000000 -0.984094 -0.177649 -0.000000 -0.984094 -0.177649 0.000000 -0.984094 -0.177649 0.000000 0.000000 0.991431 0.130629 0.000000 0.991431 0.130629 0.000000 0.991431 0.130629 0.000000 0.991431 0.130629 -0.984359 0.174664 0.023013 -0.984359 0.174664 0.023013 -0.984359 0.174664 0.023013 -0.984359 0.174664 0.023013 
						0.000000 -0.991431 -0.130629 0.000000 -0.991431 -0.130629 0.000000 -0.991431 -0.130629 0.000000 -0.991431 -0.130629 0.984359 0.174664 0.023013 0.984359 0.174664 0.023013 0.984359 0.174663 0.023013 0.984359 0.174664 0.023013 0.000000 -0.991431 0.130629 0.000000 -0.991431 0.130629 0.000000 -0.991431 0.130629 0.000000 -0.991431 0.130629 -0.984359 0.174664 -0.023013 -0.984359 0.174664 -0.023013 -0.984359 0.174664 -0.023013 -0.984359 0.174664 -0.023013 0.000000 0.991431 -0.130629 0.000000 0.991431 -0.130629 0.000000 0.991431 -0.130629 0.000000 0.991431 -0.130629 0.984359 0.174663 -0.023013 0.984359 0.174663 -0.023013 0.984359 0.174663 -0.023013 0.984359 0.174663 -0.023013 0.000000 0.000000 1.000000 0.000000 0.000000 1.000000 0.000000 0.000000 1.000000 0.000000 0.000000 1.000000 -1.000000 0.000000 0.000000 -1.000000 0.000000 0.000000 -1.000000 0.000000 0.000000 -1.000000 0.000000 0.000000 0.000000 0.000000 -1.000000 0.000000 0.000000 -1.000000 0.000000 0.000000 -1.000000 0.000000 0.000000 -1.000000 1.000000 0.000000 0.000000 1.000000 0.000000 0.000000 1.000000 0.000000 0.000000 1.000000 0.000000 0.000000 0.177648 0.984094 0.000000 0.177648 0.984094 0.000000 0.177648 0.984094 0.000000 0.177648 0.984094 0.000000 0.022843 0.126542 0.991698 0.022843 0.126542 0.991698 0.022843 0.126542 0.991698 0.022843 0.126542 0.991698 -0.177651 -0.984094 0.000000 -0.177651 -0.984094 0.000000 -0.177651 -0.984094 0.000000 -0.177651 -0.984094 0.000000 0.022843 0.126542 -0.991698 0.022843 0.126542 -0.991698 0.022843 0.126542 -0.991698 0.022843 0.126542 -0.991698 -0.177647 0.984094 0.000000 -0.177647 0.984094 0.000000 -0.177647 0.984094 0.000000 -0.177647 0.984094 0.000000 -0.022843 0.126542 -0.991698 -0.022843 0.126542 -0.991698 -0.022843 0.126542 -0.991698 -0.022843 0.126542 -0.991698 
						0.177650 -0.984094 0.000000 0.177650 -0.984094 0.000000 0.177650 -0.984094 0.000000 0.177650 -0.984094 0.000000 -0.022843 0.126542 0.991698 -0.022843 0.126542 0.991698 -0.022843 0.126542 0.991698 -0.022843 0.126542 0.991698 
					</float_array>
					<technique_common>
						<accessor count="136" offset="0" source="#meshId1-normals-array" stride="3">
							<param name="X" type="float" />
							<param name="Y" type="float" />
							<param name="Z" type="float" />
						</accessor>
					</technique_common>
				</source>
				<source id="meshId1-tangents" name="meshId1-tangents">
					<float_array id="meshId1-tangents-array" count="408"> 
						0.999998 -0.002073 -0.000273 0.999998 -0.002074 -0.000273 0.999998 -0.002076 -0.000273 0.999998 -0.002075 -0.000273 1.000000 0.000000 -0.000001 1.000000 0.000000 -0.000001 1.000000 0.000000 -0.000001 1.000000 0.000000 -0.000001 0.999998 0.002076 -0.000273 0.999998 0.002075 -0.000273 0.999998 0.002075 -0.000273 0.999998 0.002075 -0.000273 1.000000 0.000000 0.000000 1.000000 0.000000 0.000000 1.000000 0.000000 0.000000 1.000000 0.000000 0.000000 -0.000702 -0.003887 -0.999992 -0.000702 -0.003887 -0.999992 -0.000702 -0.003886 -0.999992 -0.000702 -0.003887 -0.999992 0.000702 -0.003887 0.999992 0.000702 -0.003887 0.999992 0.000702 -0.003887 0.999992 0.000702 -0.003887 0.999992 1.000000 -0.000128 -0.000017 1.000000 -0.000129 -0.000017 1.000000 -0.000129 -0.000017 1.000000 -0.000128 -0.000017 1.000000 -0.000132 -0.000017 1.000000 -0.000132 -0.000017 1.000000 -0.000129 -0.000017 1.000000 -0.000129 -0.000017 0.999999 0.001035 -0.000136 0.999999 0.001040 -0.000137 0.999999 0.001040 -0.000137 1.000000 0.001035 -0.000136 0.999999 0.001036 -0.000136 0.999999 0.001035 -0.000136 0.999999 0.001034 -0.000136 1.000000 0.001034 -0.000136 0.177647 0.984094 -0.000066 0.177647 0.984094 -0.000066 0.177647 0.984094 -0.000066 0.177647 0.984094 -0.000067 0.177647 0.984094 -0.000062 0.177647 0.984094 -0.000062 0.177647 0.984094 -0.000072 0.177647 0.984094 -0.000073 0.000038 -0.000208 1.000000 0.000039 -0.000217 1.000000 0.000039 -0.000216 1.000000 0.000038 -0.000209 1.000000 0.000037 -0.000204 1.000000 0.000036 -0.000203 1.000000 0.000036 -0.000201 1.000000 0.000036 -0.000201 1.000000 0.000379 0.130629 -0.991431 0.000379 0.130629 -0.991431 0.000379 0.130629 -0.991431 0.000379 0.130629 -0.991431 0.023085 -0.001624 0.999732 0.023087 -0.001610 0.999732 0.023087 -0.001609 0.999732 0.023085 -0.001624 0.999732 
						0.000237 -0.130629 0.991431 0.000221 -0.130629 0.991431 0.000221 -0.130629 0.991431 0.000236 -0.130629 0.991431 0.022940 0.002439 -0.999734 0.022943 0.002424 -0.999734 0.022943 0.002424 -0.999734 0.022940 0.002439 -0.999734 0.000205 0.130629 0.991431 0.000220 0.130629 0.991431 0.000221 0.130629 0.991431 0.000206 0.130629 0.991431 -0.022943 0.002424 0.999734 -0.022943 0.002424 0.999734 -0.022943 0.002424 0.999734 -0.022943 0.002424 0.999734 0.000363 -0.130629 -0.991431 0.000378 -0.130629 -0.991431 0.000379 -0.130629 -0.991431 0.000364 -0.130629 -0.991431 -0.023086 -0.001617 -0.999732 -0.023085 -0.001624 -0.999732 -0.023085 -0.001624 -0.999732 -0.023086 -0.001617 -0.999732 0.000000 1.000000 0.000000 0.000000 1.000000 0.000000 0.000000 1.000000 0.000000 0.000000 1.000000 0.000000 0.000000 1.000000 0.000000 0.000000 1.000000 0.000000 0.000000 1.000000 0.000000 0.000000 1.000000 0.000000 0.000000 -1.000000 0.000000 0.000000 -1.000000 0.000000 0.000000 -1.000000 0.000000 0.000000 -1.000000 0.000000 0.000000 1.000000 0.000000 0.000000 1.000000 0.000000 0.000000 1.000000 0.000000 0.000000 1.000000 0.000000 0.984094 -0.177648 0.000592 0.984094 -0.177648 0.000599 0.984094 -0.177648 0.000600 0.984094 -0.177648 0.000592 0.999738 -0.001238 -0.022871 0.999738 -0.001237 -0.022871 0.999738 -0.001237 -0.022871 0.999738 -0.001238 -0.022871 0.984094 -0.177651 -0.000434 0.984093 -0.177651 -0.000426 0.984094 -0.177651 -0.000426 0.984093 -0.177651 -0.000434 0.999738 -0.001666 0.022816 0.999738 -0.001667 0.022815 0.999738 -0.001667 0.022815 0.999738 -0.001666 0.022816 0.984094 0.177647 0.000600 0.984094 0.177647 0.000585 0.984094 0.177647 0.000584 0.984094 0.177647 0.000599 0.999738 0.001238 -0.022871 0.999738 0.001236 -0.022871 0.999738 0.001236 -0.022871 0.999738 0.001238 -0.022871 
						0.984094 0.177650 -0.000426 0.984094 0.177650 -0.000434 0.984094 0.177650 -0.000434 0.984094 0.177650 -0.000426 0.999738 0.001666 0.022815 0.999738 0.001667 0.022815 0.999738 0.001667 0.022815 0.999738 0.001666 0.022815 
					</float_array>
					<technique_common>
						<accessor count="136" offset="0" source="#meshId1-tangents-array" stride="3">
							<param name="X" type="float" />
							<param name="Y" type="float" />
							<param name="Z" type="float" />
						</accessor>
					</technique_common>
				</source>
				<source id="meshId1-bitangents" name="meshId1-bitangents">
					<float_array id="meshId1-bitangents-array" count="408"> 
						0.002091 0.991429 0.130630 0.002092 0.991429 0.130630 0.002094 0.991429 0.130630 0.002093 0.991429 0.130630 -0.000001 0.000000 -1.000000 -0.000001 0.000000 -1.000000 -0.000001 0.000000 -1.000000 -0.000001 0.000000 -1.000000 0.002094 -0.991429 0.130630 0.002093 -0.991429 0.130630 0.002093 -0.991429 0.130630 0.002093 -0.991429 0.130630 0.000000 0.000000 1.000000 0.000000 0.000000 1.000000 0.000000 0.000000 1.000000 0.000000 0.000000 1.000000 0.177646 0.984086 -0.003950 0.177646 0.984086 -0.003950 0.177646 0.984086 -0.003949 0.177646 0.984086 -0.003950 -0.177647 0.984086 0.003950 -0.177647 0.984086 0.003950 -0.177647 0.984086 0.003950 -0.177647 0.984086 0.003950 0.000129 0.991431 0.130630 0.000130 0.991431 0.130630 0.000130 0.991431 0.130630 0.000129 0.991431 0.130630 0.000133 0.991431 0.130630 0.000133 0.991431 0.130630 0.000130 0.991431 0.130630 0.000130 0.991431 0.130630 0.001044 -0.991431 0.130631 0.001049 -0.991431 0.130631 0.001049 -0.991431 0.130631 0.001044 -0.991431 0.130631 0.001045 -0.991431 0.130630 0.001044 -0.991431 0.130630 0.001043 -0.991431 0.130630 0.001043 -0.991431 0.130630 0.000012 0.000065 1.000000 0.000012 0.000065 1.000000 0.000012 0.000065 1.000000 0.000012 0.000065 1.000000 0.000011 0.000061 1.000000 0.000011 0.000061 1.000000 0.000013 0.000070 1.000000 0.000013 0.000071 1.000000 -0.177649 0.984094 0.000212 -0.177649 0.984094 0.000220 -0.177649 0.984094 0.000220 -0.177649 0.984094 0.000212 -0.177649 0.984094 0.000207 -0.177649 0.984094 0.000206 -0.177649 0.984094 0.000204 -0.177649 0.984094 0.000204 -1.000000 0.000049 -0.000375 -1.000000 0.000049 -0.000375 -1.000000 0.000049 -0.000375 -1.000000 0.000049 -0.000375 0.174655 0.984627 -0.002433 0.174654 0.984627 -0.002448 0.174654 0.984627 -0.002449 0.174655 0.984627 -0.002434 
						-1.000000 -0.000031 0.000235 -1.000000 -0.000029 0.000220 -1.000000 -0.000029 0.000219 -1.000000 -0.000031 0.000234 -0.174673 0.984625 -0.001606 -0.174673 0.984625 -0.001621 -0.174673 0.984625 -0.001621 -0.174673 0.984625 -0.001606 -1.000000 0.000027 0.000203 -1.000000 0.000029 0.000218 -1.000000 0.000029 0.000219 -1.000000 0.000027 0.000204 0.174673 0.984625 0.001621 0.174673 0.984625 0.001621 0.174673 0.984625 0.001621 0.174673 0.984625 0.001621 -1.000000 -0.000047 -0.000360 -1.000000 -0.000049 -0.000375 -1.000000 -0.000049 -0.000375 -1.000000 -0.000048 -0.000361 -0.174654 0.984627 0.002441 -0.174654 0.984627 0.002433 -0.174654 0.984627 0.002433 -0.174654 0.984627 0.002440 -1.000000 0.000000 0.000000 -1.000000 0.000000 0.000000 -1.000000 0.000000 0.000000 -1.000000 0.000000 0.000000 0.000000 0.000000 -1.000000 0.000000 0.000000 -1.000000 0.000000 0.000000 -1.000000 0.000000 0.000000 -1.000000 -1.000000 -0.000000 -0.000000 -1.000000 -0.000000 -0.000000 -1.000000 -0.000000 -0.000000 -1.000000 -0.000000 -0.000000 0.000000 0.000000 1.000000 0.000000 0.000000 1.000000 0.000000 0.000000 1.000000 0.000000 0.000000 1.000000 0.000582 -0.000105 -1.000000 0.000590 -0.000106 -1.000000 0.000590 -0.000107 -1.000000 0.000583 -0.000105 -1.000000 -0.001666 0.991960 -0.126537 -0.001667 0.991961 -0.126537 -0.001667 0.991961 -0.126537 -0.001666 0.991961 -0.126537 0.000427 -0.000077 1.000000 0.000419 -0.000076 1.000000 0.000419 -0.000076 1.000000 0.000427 -0.000077 1.000000 0.001235 -0.991960 -0.126547 0.001234 -0.991960 -0.126547 0.001234 -0.991960 -0.126547 0.001235 -0.991960 -0.126547 0.000590 0.000107 -1.000000 0.000575 0.000104 -1.000000 0.000574 0.000104 -1.000000 0.000589 0.000106 -1.000000 -0.001667 -0.991961 -0.126537 -0.001668 -0.991960 -0.126537 -0.001668 -0.991960 -0.126537 -0.001667 -0.991961 -0.126537 
						0.000419 0.000076 1.000000 0.000427 0.000077 1.000000 0.000427 0.000077 1.000000 0.000419 0.000076 1.000000 0.001235 0.991960 -0.126547 0.001234 0.991960 -0.126547 0.001234 0.991960 -0.126547 0.001235 0.991960 -0.126547 
					</float_array>
					<technique_common>
						<accessor count="136" offset="0" source="#meshId1-bitangents-array" stride="3">
							<param name="X" type="float" />
							<param name="Y" type="float" />
							<param name="Z" type="float" />
						</accessor>
					</technique_common>
				</source>
				<source id="meshId1-tex0" name="meshId1-tex0">
					<float_array id="meshId1-tex0-array" count="272"> 
						0.267080 0.878607 0.310633 0.878698 0.323312 0.950409 0.254100 0.950264 0.364864 0.854361 0.444990 0.854361 0.444990 0.934487 0.364864 0.934487 0.653640 0.871293 0.722852 0.871438 0.709872 0.943096 0.666319 0.943005 0.451892 0.911606 0.503090 0.911606 0.503090 0.970618 0.451892 0.970618 0.022453 0.859585 0.073438 0.859787 0.082525 0.932110 0.012794 0.931835 0.180686 0.501178 0.231671 0.501379 0.240759 0.573703 0.171028 0.573427 0.719540 0.056880 0.770738 0.056886 0.766915 0.061453 0.723362 0.061447 0.785192 0.137707 0.779735 0.133139 0.705066 0.137697 0.710523 0.133130 0.080044 0.845891 0.160170 0.845974 0.154708 0.850535 0.085496 0.850463 0.145621 0.926778 0.141804 0.922207 0.094424 0.926724 0.098251 0.922161 0.807917 0.849291 0.807921 0.790280 0.812488 0.794293 0.812485 0.845278 0.889343 0.779728 0.884776 0.784925 0.889338 0.859854 0.884771 0.854656 0.664214 0.784879 0.723226 0.784892 0.719212 0.789458 0.668226 0.789447 0.733766 0.866315 0.728569 0.861747 0.653640 0.866298 0.658838 0.861732 0.226410 0.111194 0.226426 0.067641 0.230203 0.067642 0.230187 0.111195 0.277625 0.650763 0.287167 0.722959 0.283422 0.723454 0.273880 0.651258 
						0.764241 0.362016 0.764225 0.431228 0.760447 0.431228 0.760463 0.362015 0.289703 0.758139 0.299186 0.685936 0.302932 0.686428 0.293449 0.758631 0.752536 0.399011 0.752552 0.329799 0.756330 0.329800 0.756313 0.399012 0.685286 0.765956 0.694770 0.693752 0.698515 0.694244 0.689032 0.766448 0.253938 0.034723 0.253922 0.078276 0.250145 0.078275 0.250161 0.034722 0.226199 0.250594 0.235742 0.322789 0.231996 0.323284 0.222454 0.251089 0.985930 0.502833 0.985930 0.451634 0.985957 0.451634 0.985957 0.502833 0.989886 0.222288 0.989886 0.163281 0.989913 0.163281 0.989913 0.222288 0.978045 0.451634 0.978045 0.502846 0.978018 0.502846 0.978018 0.451634 0.004883 0.546373 0.004883 0.487362 0.004910 0.487362 0.004910 0.546373 0.515037 0.315785 0.515007 0.366771 0.511230 0.366769 0.511260 0.315783 0.238039 0.051752 0.251004 0.123482 0.247286 0.124154 0.234321 0.052424 0.008691 0.412637 0.008661 0.482368 0.004883 0.482366 0.004913 0.412635 0.156033 0.584652 0.143099 0.656388 0.139381 0.655718 0.152315 0.583982 0.194763 0.247027 0.194793 0.196042 0.198571 0.196044 0.198541 0.247029 0.219595 0.323190 0.206630 0.251460 0.210348 0.250788 0.223313 0.322518 
						0.760447 0.357020 0.760477 0.287289 0.764255 0.287290 0.764225 0.357022 0.151249 0.355775 0.164182 0.284039 0.167900 0.284710 0.154967 0.356445 
					</float_array>
					<technique_common>
						<accessor count="136" offset="0" source="#meshId1-tex0-array" stride="2">
							<param name="S" type="float" />
							<param name="T" type="float" />
						</accessor>
					</technique_common>
				</source>
				<vertices id="meshId1-vertices">
					<input semantic="POSITION" source="#meshId1-positions" />
				</vertices>
				<polylist count="84" material="defaultMaterial">
					<input offset="0" semantic="VERTEX" source="#meshId1-vertices" />
					<input offset="0" semantic="NORMAL" source="#meshId1-normals" />
					<input offset="0" semantic="TANGENT" source="#meshId1-tangents" />
					<input offset="0" semantic="BINORMAL" source="#meshId1-bitangents" />
					<input offset="0" semantic="TEXCOORD" source="#meshId1-tex0" set="0" />
					<vcount>
						3 3 3 3 3 3 3 3 3 3 3 3 3 3 3 3 3 3 3 3 3 3 3 3 3 3 3 3 3 3 3 3 3 3 3 3 3 3 3 3 3 3 3 3 3 3 3 3 3 3 3 3 3 3 3 3 3 3 3 3 3 3 3 3 
						3 3 3 3 3 3 3 3 3 3 3 3 3 3 3 3 3 3 3 3 
					</vcount>
					<p>
						3 0 1 1 2 3 7 4 5 5 6 7 11 8 9 9 10 11 15 12 13 13 14 15 19 16 17 17 18 19 23 20 21 21 22 23 27 24 25 25 26 27 26 25 28 28 29 26 29 28 30 30 31 29 31 30 24 24 27 31 35 32 33 33 34 35 34 33 36 36 37 34 37 36 38 38 39 37 39 38 32 32 35 39 43 40 41 41 42 43 42 41 44 44 45 42 45 44 46 46 47 45 47 46 40 40 43 47 51 48 49 49 50 51 50 49 52 52 53 50 53 52 54 54 55 53 55 54 48 48 51 55 59 56 57 57 58 59 63 60 61 61 62 63 67 64 65 65 66 67 71 68 69 69 70 71 75 72 73 73 74 75 79 76 77 77 78 79 83 80 81 81 82 83 87 84 85 85 86 87 91 88 89 89 90 91 95 92 93 93 94 95 
						99 96 97 97 98 99 103 100 101 101 102 103 107 104 105 105 106 107 111 108 109 109 110 111 115 112 113 113 114 115 119 116 117 117 118 119 123 120 121 121 122 123 127 124 125 125 126 127 131 128 129 129 130 131 135 132 133 133 134 135 
					</p>
				</polylist>
			</mesh>
		</geometry>
		<geometry id="meshId2" name="meshId2_name" >
			<mesh>
				<source id="meshId2-positions" name="meshId2-positions">
					<float_array id="meshId2-positions-array" count="1794"> 
						0.809017 -0.999997 -0.587786 0.951057 -1.000000 -0.309017 0.000000 -0.999995 0.000000 0.587786 -0.999997 -0.809018 0.309017 -0.999999 -0.951057 0.000000 -0.999998 -1.000001 -0.309017 -0.999999 -0.951057 -0.587785 -0.999997 -0.809018 -0.809017 -0.999998 -0.587786 -0.951057 -1.000000 -0.309017 -1.000000 -0.999995 0.000000 -0.951057 -0.999998 0.309017 -0.809017 -0.999999 0.587785 -0.587785 -0.999999 0.809017 -0.309017 -0.999999 0.951057 0.000000 -1.000001 0.999999 0.309017 -0.999999 0.951057 0.587785 -0.999999 0.809016 0.809017 -0.999999 0.587785 0.951056 -0.999998 0.309017 1.000000 -0.999995 0.000000 -0.279061 1.000002 -0.858863 -0.309017 1.000006 -0.951057 -0.587785 1.000007 -0.809018 -0.530807 1.000001 -0.730592 -0.530807 1.000001 -0.730592 -0.587785 1.000007 -0.809018 -0.809017 1.000002 -0.587785 -0.730593 1.000001 -0.530807 -0.730593 1.000001 -0.530807 -0.809017 1.000002 -0.587785 -0.951057 1.000001 -0.309017 -0.858862 1.000000 -0.279061 -0.858862 1.000000 -0.279061 -0.951057 1.000001 -0.309017 -1.000000 1.000000 0.000000 -0.903063 1.000000 0.000000 -0.903063 1.000000 0.000000 -1.000000 1.000000 0.000000 -0.951057 1.000002 0.309017 -0.858862 1.000002 0.279062 -0.858862 1.000002 0.279062 -0.951057 1.000002 0.309017 -0.809017 1.000007 0.587785 -0.730593 1.000000 0.530807 -0.730593 1.000000 0.530807 -0.809017 1.000007 0.587785 -0.587785 1.000000 0.809017 -0.530807 1.000000 0.730592 -0.530807 1.000000 0.730592 -0.587785 1.000000 0.809017 -0.309017 1.000007 0.951056 -0.279061 1.000000 0.858862 -0.279061 1.000000 0.858862 -0.309017 1.000007 0.951056 0.000000 1.000001 0.999999 0.000000 1.000001 0.903062 0.000000 1.000001 0.903062 0.000000 1.000001 0.999999 0.309017 1.000007 0.951056 0.279061 1.000000 0.858862 0.279061 1.000000 0.858862 0.309017 1.000007 0.951056 0.587785 1.000001 0.809016 
						0.530807 1.000000 0.730592 0.530807 1.000000 0.730592 0.587785 1.000001 0.809016 0.809017 1.000007 0.587785 0.730592 1.000000 0.530807 0.730592 1.000000 0.530807 0.809017 1.000007 0.587785 0.951056 1.000002 0.309017 0.858862 1.000002 0.279062 0.858862 1.000002 0.279062 0.951056 1.000002 0.309017 1.000000 1.000000 0.000000 0.903063 1.000000 0.000000 0.903063 1.000000 0.000000 1.000000 1.000000 0.000000 0.951057 1.000001 -0.309017 0.858863 1.000000 -0.279062 0.858863 1.000000 -0.279062 0.951057 1.000001 -0.309017 0.809017 1.000002 -0.587786 0.730593 1.000001 -0.530807 0.730593 1.000001 -0.530807 0.809017 1.000002 -0.587786 0.587786 1.000007 -0.809018 0.530807 1.000001 -0.730593 0.530807 1.000001 -0.730593 0.587786 1.000007 -0.809018 0.309017 1.000006 -0.951057 0.279062 1.000002 -0.858863 0.279062 1.000002 -0.858863 0.309017 1.000006 -0.951057 0.000000 1.000001 -1.000001 0.000000 1.000001 -0.903063 0.000000 1.000001 -0.903063 0.000000 1.000001 -1.000001 -0.309017 1.000006 -0.951057 -0.279061 1.000002 -0.858863 0.694403 1.265794 -0.504514 0.816320 1.265791 -0.265238 0.837591 1.244430 -0.272150 0.712498 1.244427 -0.517660 0.853163 1.186059 -0.277210 0.725744 1.186059 -0.527284 0.858863 1.106333 -0.279062 0.730593 1.106333 -0.530807 0.215892 3.698519 -0.070148 0.183648 3.698521 -0.133429 0.000000 3.698519 -0.000000 0.133428 3.698519 -0.183649 0.070148 3.698519 -0.215892 0.000000 3.698527 -0.227002 -0.070147 3.698519 -0.215892 -0.133428 3.698519 -0.183649 -0.183648 3.698521 -0.133429 -0.215891 3.698519 -0.070148 -0.227002 3.698519 -0.000000 -0.215891 3.698519 0.070147 -0.183648 3.698528 0.133428 -0.133428 3.698522 0.183647 -0.070147 3.698527 0.215890 0.000000 3.698519 0.227001 0.070147 3.698527 0.215890 0.133428 3.698522 0.183647 0.183648 3.698528 0.133428 
						0.215891 3.698519 0.070147 0.227002 3.698519 -0.000000 0.858863 1.000000 -0.279062 0.730593 1.000001 -0.530807 0.730593 1.000001 -0.530807 0.530807 1.000001 -0.730593 0.530807 1.106331 -0.730593 0.530807 1.106331 -0.730593 0.530807 1.000001 -0.730593 0.279062 1.000002 -0.858863 0.279062 1.106331 -0.858863 0.279062 1.000002 -0.858863 0.000000 1.000001 -0.903063 0.000000 1.106332 -0.903063 0.000000 1.000001 -0.903063 -0.279061 1.000002 -0.858863 -0.279061 1.106331 -0.858863 -0.279061 1.000002 -0.858863 -0.530807 1.000001 -0.730592 -0.530807 1.106331 -0.730592 -0.530807 1.106331 -0.730592 -0.530807 1.000001 -0.730592 -0.730593 1.000001 -0.530807 -0.730593 1.106333 -0.530807 -0.730593 1.000001 -0.530807 -0.858862 1.000000 -0.279061 -0.858862 1.106333 -0.279061 -0.858862 1.000000 -0.279061 -0.903063 1.000000 0.000000 -0.903063 1.106332 0.000000 -0.903063 1.000000 0.000000 -0.858862 1.000002 0.279062 -0.858862 1.106331 0.279062 -0.858862 1.000002 0.279062 -0.730593 1.000000 0.530807 -0.730593 1.106332 0.530807 -0.730593 1.000000 0.530807 -0.530807 1.000000 0.730592 -0.530807 1.106332 0.730592 -0.530807 1.106332 0.730592 -0.530807 1.000000 0.730592 -0.279061 1.000000 0.858862 -0.279061 1.106333 0.858862 -0.279061 1.000000 0.858862 0.000000 1.000001 0.903062 0.000000 1.106331 0.903062 0.000000 1.000001 0.903062 0.279061 1.000000 0.858862 0.279061 1.106333 0.858862 0.279061 1.000000 0.858862 0.530807 1.000000 0.730592 0.530807 1.106332 0.730592 0.530807 1.106332 0.730592 0.530807 1.000000 0.730592 0.730592 1.000000 0.530807 0.730592 1.106332 0.530807 0.730592 1.000000 0.530807 0.858862 1.000002 0.279062 0.858862 1.106331 0.279062 0.858862 1.000002 0.279062 0.903063 1.000000 0.000000 0.903063 1.106332 0.000000 0.903063 1.000000 0.000000 0.858863 1.000000 -0.279062 
						0.527284 1.186062 -0.725745 0.504514 1.265789 -0.694403 0.694403 1.265794 -0.504514 0.712498 1.244427 -0.517660 0.517660 1.244425 -0.712498 0.517660 1.244425 -0.712498 0.277210 1.186059 -0.853163 0.527284 1.186062 -0.725745 0.265239 1.265791 -0.816320 0.272151 1.244425 -0.837591 0.272151 1.244425 -0.837591 0.517660 1.244425 -0.712498 0.000000 1.186059 -0.897070 0.000000 1.265789 -0.858330 0.000000 1.244423 -0.880697 0.000000 1.244423 -0.880697 -0.277209 1.186059 -0.853163 -0.265238 1.265793 -0.816319 -0.272150 1.244430 -0.837591 -0.272150 1.244430 -0.837591 -0.527284 1.186062 -0.725745 -0.504514 1.265789 -0.694403 -0.517660 1.244425 -0.712498 -0.517660 1.244425 -0.712498 -0.725744 1.186059 -0.527284 -0.527284 1.186062 -0.725745 -0.694403 1.265794 -0.504514 -0.712497 1.244427 -0.517660 -0.712497 1.244427 -0.517660 -0.517660 1.244425 -0.712498 -0.853163 1.186059 -0.277210 -0.816319 1.265791 -0.265238 -0.694403 1.265794 -0.504514 -0.837591 1.244430 -0.272150 -0.897070 1.186059 0.000000 -0.858329 1.265791 0.000000 -0.880696 1.244425 0.000000 -0.853163 1.186064 0.277210 -0.816319 1.265794 0.265239 -0.837591 1.244425 0.272150 -0.725744 1.186058 0.527284 -0.694403 1.265790 0.504514 -0.712498 1.244425 0.517661 -0.527284 1.186059 0.725742 -0.504514 1.265793 0.694402 -0.694403 1.265790 0.504514 -0.712498 1.244425 0.517661 -0.517660 1.244423 0.712497 -0.517660 1.244423 0.712497 -0.277209 1.186062 0.853162 -0.527284 1.186059 0.725742 -0.265238 1.265790 0.816318 -0.272150 1.244427 0.837590 -0.272150 1.244427 0.837590 -0.517660 1.244423 0.712497 0.000000 1.186059 0.897068 0.000000 1.265793 0.858329 0.000000 1.244426 0.880695 0.000000 1.244426 0.880695 0.277209 1.186062 0.853162 0.265238 1.265790 0.816318 0.272150 1.244427 0.837590 0.272150 1.244427 0.837590 0.527284 1.186059 0.725742 
						0.504514 1.265793 0.694402 0.517660 1.244423 0.712497 0.517660 1.244423 0.712497 0.725744 1.186058 0.527284 0.527284 1.186059 0.725742 0.694403 1.265790 0.504514 0.712498 1.244425 0.517661 0.712498 1.244425 0.517661 0.517660 1.244423 0.712497 0.853163 1.186064 0.277210 0.816319 1.265794 0.265239 0.694403 1.265790 0.504514 0.837591 1.244425 0.272150 0.897069 1.186059 0.000000 0.858330 1.265791 0.000000 0.880696 1.244425 0.000000 -0.277480 1.265789 -0.381918 -0.381918 1.265790 -0.277480 -0.816319 1.265791 -0.265238 -0.448971 1.265789 -0.145879 -0.858329 1.265791 0.000000 -0.472077 1.265791 0.000000 -0.816319 1.265794 0.265239 -0.448971 1.265788 0.145880 -0.381918 1.265788 0.277480 -0.277480 1.265788 0.381918 -0.145880 1.265788 0.448971 0.000000 1.265788 0.472076 0.145880 1.265788 0.448971 0.277480 1.265788 0.381918 0.381918 1.265788 0.277480 0.816319 1.265794 0.265239 0.448971 1.265788 0.145880 0.858330 1.265791 0.000000 0.472077 1.265791 0.000000 0.816320 1.265791 -0.265238 0.448972 1.265789 -0.145879 0.381918 1.265790 -0.277480 0.277480 1.265789 -0.381918 0.145880 1.265794 -0.448972 0.000000 1.265794 -0.472077 -0.145880 1.265794 -0.448972 0.215892 3.698519 -0.070148 0.393790 1.408963 -0.127950 0.334978 1.408961 -0.243377 0.183648 3.698521 -0.133429 0.243376 1.408959 -0.334978 0.133428 3.698519 -0.183649 0.133428 3.698519 -0.183649 0.243376 1.408959 -0.334978 0.127950 1.408965 -0.393791 0.070148 3.698519 -0.215892 0.000000 1.411137 -0.420655 0.000000 3.698527 -0.227002 -0.127950 1.411138 -0.400390 -0.070147 3.698519 -0.215892 -0.243376 1.411138 -0.341577 -0.133428 3.698519 -0.183649 -0.133428 3.698519 -0.183649 -0.243376 1.411138 -0.341577 -0.334978 1.408961 -0.243377 -0.183648 3.698521 -0.133429 -0.393790 1.408963 -0.127950 -0.215891 3.698519 -0.070148 
						-0.414055 1.408958 0.000000 -0.227002 3.698519 -0.000000 -0.393790 1.408960 0.127950 -0.215891 3.698519 0.070147 -0.334978 1.408959 0.243376 -0.183648 3.698528 0.133428 -0.243376 1.408958 0.334978 -0.133428 3.698522 0.183647 -0.133428 3.698522 0.183647 -0.243376 1.408958 0.334978 -0.127950 1.408965 0.393789 -0.070147 3.698527 0.215890 0.000000 1.408965 0.414055 0.000000 3.698519 0.227001 0.127950 1.408965 0.393789 0.070147 3.698527 0.215890 0.243376 1.408958 0.334978 0.133428 3.698522 0.183647 0.133428 3.698522 0.183647 0.243376 1.408958 0.334978 0.334978 1.408959 0.243376 0.183648 3.698528 0.133428 0.393790 1.408960 0.127950 0.215891 3.698519 0.070147 0.414055 1.408958 0.000000 0.227002 3.698519 -0.000000 -0.256738 1.305049 -0.353370 -0.134975 1.305047 -0.415411 -0.134975 1.305047 -0.415411 -0.256738 1.305049 -0.353370 -0.256738 1.305049 -0.353370 -0.353369 1.305046 -0.256738 -0.277480 1.265789 -0.381918 -0.381918 1.265790 -0.277480 -0.415410 1.305049 -0.134975 -0.448971 1.265789 -0.145879 -0.436789 1.305053 0.000000 -0.472077 1.265791 0.000000 -0.415410 1.305047 0.134975 -0.448971 1.265788 0.145880 -0.353369 1.305049 0.256738 -0.381918 1.265788 0.277480 -0.256738 1.305046 0.353369 -0.277480 1.265788 0.381918 -0.256738 1.305046 0.353369 -0.134975 1.305048 0.415410 -0.134975 1.305048 0.415410 -0.256738 1.305046 0.353369 0.000000 1.305048 0.436788 0.000000 1.305048 0.436788 0.134975 1.305048 0.415410 0.134975 1.305048 0.415410 0.256738 1.305046 0.353369 0.256738 1.305046 0.353369 0.256738 1.305046 0.353369 0.353369 1.305049 0.256738 0.277480 1.265788 0.381918 0.381918 1.265788 0.277480 0.415410 1.305047 0.134975 0.448971 1.265788 0.145880 0.436789 1.305053 0.000000 0.472077 1.265791 0.000000 0.415411 1.305049 -0.134975 0.448972 1.265789 -0.145879 
						0.353369 1.305046 -0.256738 0.381918 1.265790 -0.277480 0.256738 1.305049 -0.353370 0.277480 1.265789 -0.381918 0.256738 1.305049 -0.353370 0.134975 1.305047 -0.415411 0.134975 1.305047 -0.415411 0.256738 1.305049 -0.353370 0.000000 1.305053 -0.436789 0.000000 1.305053 -0.436789 0.992851 -0.736737 -0.322597 0.992851 -1.005659 -0.322597 0.844569 -1.005655 -0.613616 0.844569 -0.736733 -0.613616 0.613616 -1.005654 -0.844570 0.613616 -0.736733 -0.844570 0.613616 -0.736733 -0.844570 0.613616 -1.005654 -0.844570 0.322597 -1.005658 -0.992851 0.322597 -0.736738 -0.992851 0.000000 -1.005660 -1.043945 0.000000 -0.736740 -1.043945 -0.322597 -1.005658 -0.992851 -0.322597 -0.736738 -0.992851 -0.613615 -1.005660 -0.844569 -0.613615 -0.736737 -0.844569 -0.613615 -0.736737 -0.844569 -0.613615 -1.005660 -0.844569 -0.844569 -1.005655 -0.613616 -0.844569 -0.736733 -0.613616 -0.992850 -1.005659 -0.322597 -0.992850 -0.736737 -0.322597 -1.043944 -1.005660 0.000000 -1.043944 -0.736737 0.000000 -0.992850 -1.005654 0.322596 -0.992850 -0.736734 0.322596 -0.844569 -1.005659 0.613615 -0.844569 -0.736736 0.613615 -0.613615 -1.005658 0.844568 -0.613615 -0.736738 0.844568 -0.613615 -0.736738 0.844568 -0.613615 -1.005658 0.844568 -0.322597 -1.005661 0.992850 -0.322597 -0.736739 0.992851 0.000000 -1.005658 1.043944 0.000000 -0.736735 1.043944 0.322597 -1.005661 0.992850 0.322597 -0.736739 0.992851 0.613615 -1.005661 0.844567 0.613615 -0.736738 0.844568 0.613615 -0.736738 0.844568 0.613615 -1.005661 0.844567 0.844568 -1.005659 0.613615 0.844568 -0.736736 0.613615 0.992850 -1.005654 0.322596 0.992850 -0.736734 0.322596 1.043944 -1.005660 0.000000 1.043944 -0.736737 0.000000 0.992851 -1.005659 -0.322597 0.844569 -1.005655 -0.613616 0.613616 -1.005654 -0.844570 0.322597 -1.005658 -0.992851 0.000000 -1.005660 -1.043945 -0.322597 -1.005658 -0.992851 
						-0.613615 -1.005660 -0.844569 -0.844569 -1.005655 -0.613616 -0.992850 -1.005659 -0.322597 -1.043944 -1.005660 0.000000 -0.992850 -1.005654 0.322596 -0.844569 -1.005659 0.613615 -0.613615 -1.005658 0.844568 -0.322597 -1.005661 0.992850 0.000000 -1.005658 1.043944 0.322597 -1.005661 0.992850 0.613615 -1.005661 0.844567 0.844568 -1.005659 0.613615 0.992850 -1.005654 0.322596 1.043944 -1.005660 0.000000 0.951057 1.000001 -0.309017 0.951057 -0.679700 -0.309017 0.809017 -0.679699 -0.587786 0.809017 1.000002 -0.587786 0.587786 -0.679705 -0.809018 0.587786 1.000007 -0.809018 0.587786 1.000007 -0.809018 0.587786 -0.679705 -0.809018 0.309017 -0.679702 -0.951057 0.309017 1.000006 -0.951057 0.000000 -0.679705 -1.000001 0.000000 1.000001 -1.000001 -0.309017 -0.679702 -0.951057 -0.309017 1.000006 -0.951057 -0.587785 -0.679705 -0.809017 -0.587785 1.000007 -0.809018 -0.587785 1.000007 -0.809018 -0.587785 -0.679705 -0.809017 -0.809017 -0.679699 -0.587786 -0.809017 1.000002 -0.587785 -0.951057 -0.679700 -0.309017 -0.951057 1.000001 -0.309017 -1.000000 -0.679704 -0.000000 -1.000000 1.000000 0.000000 -0.951057 -0.679705 0.309017 -0.951057 1.000002 0.309017 -0.809017 -0.679700 0.587785 -0.809017 1.000007 0.587785 -0.587785 -0.679700 0.809017 -0.587785 1.000000 0.809017 -0.587785 1.000000 0.809017 -0.587785 -0.679700 0.809017 -0.309017 -0.679705 0.951057 -0.309017 1.000007 0.951056 0.000000 -0.679704 0.999999 0.000000 1.000001 0.999999 0.309017 -0.679705 0.951057 0.309017 1.000007 0.951056 0.587785 -0.679702 0.809016 0.587785 1.000001 0.809016 0.587785 1.000001 0.809016 0.587785 -0.679702 0.809016 0.809017 -0.679700 0.587785 0.809017 1.000007 0.587785 0.951056 -0.679705 0.309017 0.951056 1.000002 0.309017 1.000000 -0.679704 -0.000000 1.000000 1.000000 0.000000 0.844569 -0.736733 -0.613616 0.823237 -0.740132 -0.598117 
						0.967773 -0.740135 -0.314449 0.992851 -0.736737 -0.322597 0.613616 -0.736733 -0.844570 0.598116 -0.740128 -0.823237 0.322597 -0.736738 -0.992851 0.314448 -0.740134 -0.967773 0.000000 -0.736740 -1.043945 0.000000 -0.740128 -1.017576 -0.322597 -0.736738 -0.992851 -0.314448 -0.740134 -0.967773 -0.613615 -0.736737 -0.844569 -0.598116 -0.740128 -0.823237 -0.844569 -0.736733 -0.613616 -0.823236 -0.740132 -0.598117 -0.992850 -0.736737 -0.322597 -0.967772 -0.740135 -0.314449 -1.043944 -0.736737 0.000000 -1.017576 -0.740134 0.000000 -0.992850 -0.736734 0.322596 -0.967772 -0.740135 0.314448 -0.844569 -0.736736 0.613615 -0.823236 -0.740128 0.598116 -0.613615 -0.736738 0.844568 -0.598116 -0.740132 0.823236 -0.322597 -0.736739 0.992851 -0.314448 -0.740131 0.967773 0.000000 -0.736735 1.043944 0.000000 -0.740132 1.017575 0.322597 -0.736739 0.992851 0.314448 -0.740131 0.967773 0.613615 -0.736738 0.844568 0.598116 -0.740134 0.823235 0.844568 -0.736736 0.613615 0.823236 -0.740128 0.598116 0.992850 -0.736734 0.322596 0.967772 -0.740135 0.314448 1.043944 -0.736737 0.000000 1.017576 -0.740134 0.000000 0.955990 -0.723230 -0.310620 0.813213 -0.723229 -0.590835 0.967773 -0.740135 -0.314449 0.823237 -0.740132 -0.598117 0.590834 -0.723230 -0.813214 0.598116 -0.740128 -0.823237 0.590834 -0.723230 -0.813214 0.310620 -0.723230 -0.955990 0.310620 -0.723230 -0.955990 0.590834 -0.723230 -0.813214 0.000000 -0.723224 -1.005187 0.000000 -0.723224 -1.005187 -0.310620 -0.723230 -0.955990 -0.310620 -0.723230 -0.955990 -0.590834 -0.723230 -0.813214 -0.590834 -0.723230 -0.813214 -0.590834 -0.723230 -0.813214 -0.813213 -0.723229 -0.590834 -0.598116 -0.740128 -0.823237 -0.823236 -0.740132 -0.598117 -0.955989 -0.723230 -0.310620 -0.967772 -0.740135 -0.314449 -1.005187 -0.723229 0.000000 -1.017576 -0.740134 0.000000 -0.955989 -0.723230 0.310619 -0.967772 -0.740135 0.314448 
						-0.813213 -0.723224 0.590834 -0.823236 -0.740128 0.598116 -0.590834 -0.723224 0.813214 -0.598116 -0.740132 0.823236 -0.590834 -0.723224 0.813214 -0.310620 -0.723230 0.955989 -0.310620 -0.723230 0.955989 -0.590834 -0.723224 0.813214 0.000000 -0.723229 1.005186 0.000000 -0.723229 1.005186 0.310620 -0.723230 0.955989 0.310620 -0.723230 0.955989 0.590834 -0.723224 0.813212 0.590834 -0.723224 0.813212 0.590834 -0.723224 0.813212 0.813213 -0.723224 0.590834 0.598116 -0.740134 0.823235 0.823236 -0.740128 0.598116 0.955989 -0.723230 0.310619 0.967772 -0.740135 0.314448 1.005187 -0.723229 0.000000 1.017576 -0.740134 0.000000 
					</float_array>
					<technique_common>
						<accessor count="598" offset="0" source="#meshId2-positions-array" stride="3">
							<param name="X" type="float" />
							<param name="Y" type="float" />
							<param name="Z" type="float" />
						</accessor>
					</technique_common>
				</source>
				<source id="meshId2-normals" name="meshId2-normals">
					<float_array id="meshId2-normals-array" count="1794"> 
						-0.006791 -0.999967 0.004388 -0.007819 -0.999967 0.002082 0.000000 -1.000000 -0.000001 -0.005097 -0.999967 0.006274 -0.002912 -0.999967 0.007545 -0.000438 -0.999967 0.008078 0.002079 -0.999967 0.007818 0.004391 -0.999967 0.006795 0.006276 -0.999967 0.005099 0.007545 -0.999967 0.002916 0.008079 -0.999967 0.000441 0.007814 -0.999967 -0.002083 0.006790 -0.999967 -0.004394 0.005102 -0.999967 -0.006277 0.002910 -0.999967 -0.007549 0.000439 -0.999967 -0.008077 -0.002075 -0.999967 -0.007819 -0.004394 -0.999967 -0.006795 -0.006277 -0.999967 -0.005105 -0.007540 -0.999967 -0.002918 -0.008077 -0.999967 -0.000435 -0.188023 0.686079 -0.702811 -0.358172 0.055683 -0.931994 -0.628644 0.055683 -0.775697 -0.396006 0.686077 -0.610309 -0.396006 0.686077 -0.610309 -0.628644 0.055683 -0.775697 -0.837580 0.055682 -0.543470 -0.565233 0.686061 -0.458075 -0.565233 0.686061 -0.458075 -0.837580 0.055682 -0.543470 -0.964527 0.055683 -0.258045 -0.679127 0.686054 -0.260992 -0.679127 0.686054 -0.260992 -0.964527 0.055683 -0.258045 -0.997060 0.055682 0.052639 -0.726541 0.686051 -0.038362 -0.726541 0.686051 -0.038362 -0.997060 0.055682 0.052639 -0.931994 0.055682 0.358171 -0.702822 0.686068 0.188023 -0.702822 0.686068 0.188023 -0.931994 0.055682 0.358171 -0.775698 0.055682 0.628643 -0.610311 0.686073 0.396011 -0.610311 0.686073 0.396011 -0.775698 0.055682 0.628643 -0.543470 0.055683 0.837579 -0.458079 0.686065 0.565224 -0.458079 0.686065 0.565224 -0.543470 0.055683 0.837579 -0.258043 0.055683 0.964527 -0.260985 0.686069 0.679115 -0.260985 0.686069 0.679115 -0.258043 0.055683 0.964527 0.052639 0.055682 0.997060 -0.038367 0.686062 0.726531 -0.038367 0.686062 0.726531 0.052639 0.055682 0.997060 0.358173 0.055683 0.931993 0.188033 0.686071 0.702815 0.188033 0.686071 0.702815 0.358173 0.055683 0.931993 0.628643 0.055683 0.775698 
						0.396006 0.686059 0.610330 0.396006 0.686059 0.610330 0.628643 0.055683 0.775698 0.837579 0.055682 0.543471 0.565224 0.686071 0.458071 0.565224 0.686071 0.458071 0.837579 0.055682 0.543471 0.964527 0.055682 0.258045 0.679121 0.686060 0.260990 0.679121 0.686060 0.260990 0.964527 0.055682 0.258045 0.997060 0.055682 -0.052638 0.726537 0.686057 0.038357 0.726537 0.686057 0.038357 0.997060 0.055682 -0.052638 0.931994 0.055683 -0.358171 0.702832 0.686055 -0.188030 0.702832 0.686055 -0.188030 0.931994 0.055683 -0.358171 0.775698 0.055682 -0.628643 0.610325 0.686064 -0.396005 0.610325 0.686064 -0.396005 0.775698 0.055682 -0.628643 0.543471 0.055682 -0.837579 0.458069 0.686078 -0.565217 0.458069 0.686078 -0.565217 0.543471 0.055682 -0.837579 0.258044 0.055683 -0.964527 0.260985 0.686072 -0.679112 0.260985 0.686072 -0.679112 0.258044 0.055683 -0.964527 -0.052640 0.055682 -0.997060 0.038362 0.686063 -0.726530 0.038362 0.686063 -0.726530 -0.052640 0.055682 -0.997060 -0.358172 0.055683 -0.931994 -0.188023 0.686079 -0.702811 0.051522 0.998114 -0.033366 0.059312 0.998114 -0.015809 0.863041 0.435300 -0.256268 0.741614 0.435288 -0.510425 0.941530 0.159472 -0.296801 0.803733 0.159477 -0.573219 0.932997 0.032109 -0.358450 0.776565 0.032109 -0.629218 0.916979 0.132008 -0.376461 0.755764 0.132008 -0.641400 -0.000000 1.000000 -0.000009 0.520575 0.132008 -0.843549 0.257815 0.132588 -0.957054 -0.074647 0.134932 -0.988039 -0.376328 0.134729 -0.916638 -0.655638 0.132762 -0.743312 -0.843552 0.132008 -0.520570 -0.963130 0.132008 -0.234423 -0.988432 0.132008 0.074674 -0.916981 0.132008 0.376457 -0.755767 0.132008 0.641397 -0.520569 0.132008 0.843553 -0.234426 0.132008 0.963129 0.074677 0.132008 0.988432 0.376459 0.132008 0.916980 0.641395 0.132008 0.755769 0.843552 0.132008 0.520572 
						0.963131 0.132008 0.234419 0.988432 0.132008 -0.074671 0.702832 0.686055 -0.188030 0.610325 0.686064 -0.396005 0.610325 0.686064 -0.396005 0.458069 0.686078 -0.565217 0.544118 0.032108 -0.838394 0.544118 0.032108 -0.838394 0.458069 0.686078 -0.565217 0.260985 0.686072 -0.679112 0.258411 0.032110 -0.965501 0.260985 0.686072 -0.679112 0.038362 0.686063 -0.726530 -0.052596 0.032110 -0.998100 0.038362 0.686063 -0.726530 -0.188023 0.686079 -0.702811 -0.358451 0.032107 -0.932996 -0.188023 0.686079 -0.702811 -0.396006 0.686077 -0.610309 -0.629217 0.032107 -0.776566 -0.629217 0.032107 -0.776566 -0.396006 0.686077 -0.610309 -0.565233 0.686061 -0.458075 -0.838395 0.032109 -0.544117 -0.565233 0.686061 -0.458075 -0.679127 0.686054 -0.260992 -0.965501 0.032108 -0.258411 -0.679127 0.686054 -0.260992 -0.726541 0.686051 -0.038362 -0.998100 0.032108 0.052596 -0.726541 0.686051 -0.038362 -0.702822 0.686068 0.188023 -0.932997 0.032108 0.358449 -0.702822 0.686068 0.188023 -0.610311 0.686073 0.396011 -0.776565 0.032111 0.629219 -0.610311 0.686073 0.396011 -0.458079 0.686065 0.565224 -0.544116 0.032112 0.838395 -0.544116 0.032112 0.838395 -0.458079 0.686065 0.565224 -0.260985 0.686069 0.679115 -0.258412 0.032111 0.965501 -0.260985 0.686069 0.679115 -0.038367 0.686062 0.726531 0.052596 0.032113 0.998099 -0.038367 0.686062 0.726531 0.188033 0.686071 0.702815 0.358450 0.032111 0.932997 0.188033 0.686071 0.702815 0.396006 0.686059 0.610330 0.629216 0.032112 0.776567 0.629216 0.032112 0.776567 0.396006 0.686059 0.610330 0.565224 0.686071 0.458071 0.838395 0.032110 0.544117 0.565224 0.686071 0.458071 0.679121 0.686060 0.260990 0.965501 0.032109 0.258411 0.679121 0.686060 0.260990 0.726537 0.686057 0.038357 0.998100 0.032109 -0.052594 0.726537 0.686057 0.038357 0.702832 0.686055 -0.188030 
						0.587259 0.159475 -0.793533 0.038690 0.998114 -0.047662 0.051522 0.998114 -0.033366 0.741614 0.435288 -0.510425 0.547581 0.435315 -0.714602 0.547581 0.435315 -0.714602 0.313303 0.159472 -0.936168 0.587259 0.159475 -0.793533 0.022083 0.998113 -0.057288 0.299952 0.435306 -0.848845 0.299952 0.435306 -0.848845 0.547581 0.435315 -0.714602 0.008675 0.159474 -0.987164 0.003296 0.998113 -0.061317 0.022973 0.435308 -0.899988 0.022973 0.435308 -0.899988 -0.296799 0.159474 -0.941530 -0.015812 0.998114 -0.059323 -0.256272 0.435299 -0.863041 -0.256272 0.435299 -0.863041 -0.573221 0.159474 -0.803733 -0.033374 0.998114 -0.051526 -0.510414 0.435311 -0.741608 -0.510414 0.435311 -0.741608 -0.793534 0.159471 -0.587258 -0.573221 0.159474 -0.803733 -0.047653 0.998114 -0.038697 -0.714605 0.435309 -0.547582 -0.714605 0.435309 -0.547582 -0.510414 0.435311 -0.741608 -0.936168 0.159472 -0.313301 -0.057277 0.998114 -0.022066 -0.047653 0.998114 -0.038697 -0.848845 0.435302 -0.299957 -0.987163 0.159477 -0.008679 -0.061300 0.998114 -0.003299 -0.899996 0.435292 -0.022967 -0.941529 0.159474 0.296801 -0.059317 0.998114 0.015819 -0.863035 0.435314 0.256267 -0.803733 0.159471 0.573221 -0.051527 0.998114 0.033368 -0.741603 0.435308 0.510424 -0.587258 0.159477 0.793533 -0.038695 0.998114 0.047659 -0.051527 0.998114 0.033368 -0.741603 0.435308 0.510424 -0.547584 0.435296 0.714611 -0.547584 0.435296 0.714611 -0.313302 0.159476 0.936167 -0.587258 0.159477 0.793533 -0.022073 0.998114 0.057279 -0.299956 0.435317 0.848838 -0.299956 0.435317 0.848838 -0.547584 0.435296 0.714611 -0.008677 0.159476 0.987164 -0.003292 0.998114 0.061295 -0.022967 0.435299 0.899993 -0.022967 0.435299 0.899993 0.296799 0.159477 0.941529 0.015810 0.998114 0.059312 0.256269 0.435311 0.863036 0.256269 0.435311 0.863036 0.573219 0.159475 0.803733 
						0.033367 0.998114 0.051527 0.510423 0.435295 0.741611 0.510423 0.435295 0.741611 0.793530 0.159478 0.587262 0.573219 0.159475 0.803733 0.047658 0.998114 0.038696 0.714609 0.435301 0.547583 0.714609 0.435301 0.547583 0.510423 0.435295 0.741611 0.936168 0.159475 0.313302 0.057280 0.998114 0.022075 0.047658 0.998114 0.038696 0.848842 0.435308 0.299956 0.987164 0.159472 0.008677 0.061305 0.998114 0.003293 0.899985 0.435316 0.022970 -0.045603 0.997356 -0.056582 -0.060852 0.997357 -0.039711 -0.057277 0.998114 -0.022066 -0.070155 0.997356 -0.018975 -0.061300 0.998114 -0.003299 -0.072582 0.997356 0.003634 -0.059317 0.998114 0.015819 -0.067894 0.997356 0.025897 -0.056584 0.997356 0.045598 -0.039711 0.997356 0.060854 -0.018977 0.997356 0.070150 0.003642 0.997356 0.072576 0.025880 0.997356 0.067906 0.045603 0.997356 0.056574 0.060851 0.997356 0.039725 0.057280 0.998114 0.022075 0.070148 0.997356 0.018973 0.061305 0.998114 0.003293 0.072585 0.997356 -0.003635 0.059312 0.998114 -0.015809 0.067903 0.997356 -0.025883 0.056571 0.997356 -0.045605 0.039731 0.997356 -0.060854 0.018978 0.997356 -0.070153 -0.003630 0.997355 -0.072589 -0.025900 0.997356 -0.067894 0.916979 0.132008 -0.376461 0.957561 0.088370 -0.274349 0.825915 0.088370 -0.556826 0.755764 0.132008 -0.641400 0.613424 0.088370 -0.784794 0.520575 0.132008 -0.843549 0.520575 0.132008 -0.843549 0.613424 0.088370 -0.784794 0.358879 0.088287 -0.929199 0.257815 0.132588 -0.957054 0.055483 0.088288 -0.994548 -0.074647 0.134932 -0.988039 -0.274348 0.087817 -0.957612 -0.376328 0.134729 -0.916638 -0.570797 0.087903 -0.816372 -0.655638 0.132762 -0.743312 -0.655638 0.132762 -0.743312 -0.570797 0.087903 -0.816372 -0.792550 0.087991 -0.603425 -0.843552 0.132008 -0.520570 -0.935943 0.088370 -0.340884 -0.963130 0.132008 -0.234423 
						-0.995473 0.088370 -0.034981 -0.988432 0.132008 0.074674 -0.957561 0.088370 0.274351 -0.916981 0.132008 0.376457 -0.825917 0.088370 0.556823 -0.755767 0.132008 0.641397 -0.613421 0.088370 0.784796 -0.520569 0.132008 0.843553 -0.520569 0.132008 0.843553 -0.613421 0.088370 0.784796 -0.340887 0.088370 0.935942 -0.234426 0.132008 0.963129 -0.034981 0.088370 0.995473 0.074677 0.132008 0.988432 0.274352 0.088370 0.957560 0.376459 0.132008 0.916980 0.556823 0.088370 0.825917 0.641395 0.132008 0.755769 0.641395 0.132008 0.755769 0.556823 0.088370 0.825917 0.784793 0.088370 0.613426 0.843552 0.132008 0.520572 0.935943 0.088370 0.340885 0.963131 0.132008 0.234419 0.995473 0.088370 0.034983 0.988432 0.132008 -0.074671 -0.572069 0.356653 -0.738604 -0.309368 0.341354 -0.887563 -0.309368 0.341354 -0.887563 -0.572069 0.356653 -0.738604 -0.572069 0.356653 -0.738604 -0.759369 0.380293 -0.527955 -0.045603 0.997356 -0.056582 -0.060852 0.997357 -0.039711 -0.885345 0.380301 -0.267463 -0.070155 0.997356 -0.018975 -0.924662 0.380304 0.019219 -0.072582 0.997356 0.003634 -0.873468 0.380296 0.304021 -0.067894 0.997356 0.025897 -0.736772 0.380297 0.559053 -0.056584 0.997356 0.045598 -0.527954 0.380295 0.759368 -0.039711 0.997356 0.060854 -0.527954 0.380295 0.759368 -0.267460 0.380287 0.885351 -0.267460 0.380287 0.885351 -0.527954 0.380295 0.759368 0.019221 0.380285 0.924670 0.019221 0.380285 0.924670 0.304018 0.380289 0.873472 0.304018 0.380289 0.873472 0.559048 0.380300 0.736775 0.559048 0.380300 0.736775 0.559048 0.380300 0.736775 0.759367 0.380297 0.527955 0.045603 0.997356 0.056574 0.060851 0.997356 0.039725 0.885344 0.380301 0.267465 0.070148 0.997356 0.018973 0.924662 0.380304 -0.019213 0.072585 0.997356 -0.003635 0.873470 0.380289 -0.304024 0.067903 0.997356 -0.025883 
						0.736772 0.380299 -0.559052 0.056571 0.997356 -0.045605 0.527954 0.380296 -0.759367 0.039731 0.997356 -0.060854 0.527954 0.380296 -0.759367 0.279311 0.365913 -0.887746 0.279311 0.365913 -0.887746 0.527954 0.380296 -0.759367 -0.019975 0.338945 -0.940594 -0.019975 0.338945 -0.940594 0.928490 0.097846 -0.358236 0.953806 -0.162109 -0.252931 0.828963 -0.162109 -0.535295 0.772345 0.097846 -0.627622 0.622977 -0.162109 -0.765258 0.540597 0.097845 -0.835572 0.540597 0.097845 -0.835572 0.622977 -0.162109 -0.765258 0.356009 -0.162111 -0.920314 0.255932 0.097844 -0.961730 0.054191 -0.162112 -0.985283 -0.053782 0.097844 -0.993747 -0.252930 -0.162111 -0.953806 -0.358236 0.097844 -0.928490 -0.535295 -0.162110 -0.828963 -0.627621 0.097842 -0.772346 -0.627621 0.097842 -0.772346 -0.535295 -0.162110 -0.828963 -0.765259 -0.162109 -0.622976 -0.835572 0.097844 -0.540598 -0.920314 -0.162111 -0.356009 -0.961731 0.097845 -0.255931 -0.985284 -0.162110 -0.054190 -0.993747 0.097844 0.053784 -0.953807 -0.162108 0.252931 -0.928489 0.097845 0.358238 -0.828964 -0.162109 0.535293 -0.772345 0.097844 0.627622 -0.622978 -0.162109 0.765258 -0.540599 0.097843 0.835571 -0.540599 0.097843 0.835571 -0.622978 -0.162109 0.765258 -0.356008 -0.162110 0.920314 -0.255933 0.097842 0.961730 -0.054189 -0.162109 0.985284 0.053782 0.097844 0.993747 0.252929 -0.162111 0.953807 0.358238 0.097843 0.928489 0.535295 -0.162110 0.828963 0.627621 0.097844 0.772346 0.627621 0.097844 0.772346 0.535295 -0.162110 0.828963 0.765259 -0.162108 0.622976 0.835571 0.097844 0.540600 0.920314 -0.162110 0.356010 0.961730 0.097845 0.255933 0.985283 -0.162112 0.054193 0.993747 0.097846 -0.053784 0.953806 -0.162109 -0.252931 0.828963 -0.162109 -0.535295 0.622977 -0.162109 -0.765258 0.356009 -0.162111 -0.920314 0.054191 -0.162112 -0.985283 -0.252930 -0.162111 -0.953806 
						-0.535295 -0.162110 -0.828963 -0.765259 -0.162109 -0.622976 -0.920314 -0.162111 -0.356009 -0.985284 -0.162110 -0.054190 -0.953807 -0.162108 0.252931 -0.828964 -0.162109 0.535293 -0.622978 -0.162109 0.765258 -0.356008 -0.162110 0.920314 -0.054189 -0.162109 0.985284 0.252929 -0.162111 0.953807 0.535295 -0.162110 0.828963 0.765259 -0.162108 0.622976 0.920314 -0.162110 0.356010 0.985283 -0.162112 0.054193 0.931994 0.055683 -0.358171 0.966023 0.003011 -0.258439 0.838879 0.003011 -0.544309 0.775698 0.055682 -0.628643 0.629621 0.003011 -0.776896 0.543471 0.055682 -0.837579 0.543471 0.055682 -0.837579 0.629621 0.003011 -0.776896 0.358730 0.003011 -0.933436 0.258044 0.055683 -0.964527 0.052726 0.003011 -0.998604 -0.052640 0.055682 -0.997060 -0.258441 0.003011 -0.966022 -0.358172 0.055683 -0.931994 -0.544310 0.003011 -0.838879 -0.628644 0.055683 -0.775697 -0.628644 0.055683 -0.775697 -0.544310 0.003011 -0.838879 -0.776897 0.003011 -0.629621 -0.837580 0.055682 -0.543470 -0.933436 0.003011 -0.358731 -0.964527 0.055683 -0.258045 -0.998604 0.003011 -0.052726 -0.997060 0.055682 0.052639 -0.966022 0.003011 0.258441 -0.931994 0.055682 0.358171 -0.838880 0.003011 0.544309 -0.775698 0.055682 0.628643 -0.629621 0.003011 0.776896 -0.543470 0.055683 0.837579 -0.543470 0.055683 0.837579 -0.629621 0.003011 0.776896 -0.358730 0.003011 0.933437 -0.258043 0.055683 0.964527 -0.052725 0.003011 0.998605 0.052639 0.055682 0.997060 0.258440 0.003011 0.966023 0.358173 0.055683 0.931993 0.544310 0.003011 0.838879 0.628643 0.055683 0.775698 0.628643 0.055683 0.775698 0.544310 0.003011 0.838879 0.776896 0.003011 0.629622 0.837579 0.055682 0.543471 0.933436 0.003011 0.358731 0.964527 0.055682 0.258045 0.998604 0.003011 0.052727 0.997060 0.055682 -0.052638 0.772345 0.097846 -0.627622 0.253386 0.945390 -0.205019 
						0.304389 0.945372 -0.116700 0.928490 0.097846 -0.358236 0.540597 0.097845 -0.835572 0.177633 0.945380 -0.273318 0.255932 0.097844 -0.961730 0.084515 0.945335 -0.314957 -0.053782 0.097844 -0.993747 -0.016938 0.945315 -0.325718 -0.358236 0.097844 -0.928490 -0.116724 0.945358 -0.304424 -0.627621 0.097842 -0.772346 -0.205053 0.945370 -0.253432 -0.835572 0.097844 -0.540598 -0.273317 0.945382 -0.177628 -0.961731 0.097845 -0.255931 -0.314882 0.945362 -0.084499 -0.993747 0.097844 0.053784 -0.325562 0.945369 0.016932 -0.928489 0.097845 0.358238 -0.304404 0.945365 0.116716 -0.772345 0.097844 0.627622 -0.253538 0.945321 0.205151 -0.540599 0.097843 0.835571 -0.177732 0.945322 0.273455 -0.255933 0.097842 0.961730 -0.084509 0.945357 0.314895 0.053782 0.097844 0.993747 0.016942 0.945361 0.325585 0.358238 0.097843 0.928489 0.116749 0.945338 0.304476 0.627621 0.097844 0.772346 0.205158 0.945314 0.253557 0.835571 0.097844 0.540600 0.273391 0.945347 0.177698 0.961730 0.097845 0.255933 0.314840 0.945378 0.084480 0.993747 0.097846 -0.053784 0.325581 0.945362 -0.016938 0.906037 0.279825 -0.317482 0.763583 0.279841 -0.581919 0.304389 0.945372 -0.116700 0.253386 0.945390 -0.205019 0.546379 0.279865 -0.789396 0.177633 0.945380 -0.273318 0.546379 0.279865 -0.789396 0.275704 0.279862 -0.919600 0.275704 0.279862 -0.919600 0.546379 0.279865 -0.789396 -0.021963 0.279862 -0.959789 -0.021963 0.279862 -0.959789 -0.317482 0.279844 -0.906031 -0.317482 0.279844 -0.906031 -0.581919 0.279865 -0.763574 -0.581919 0.279865 -0.763574 -0.581919 0.279865 -0.763574 -0.789404 0.279845 -0.546378 -0.205053 0.945370 -0.253432 -0.273317 0.945382 -0.177628 -0.919607 0.279838 -0.275705 -0.314882 0.945362 -0.084499 -0.959793 0.279848 0.021961 -0.325562 0.945369 0.016932 -0.906032 0.279848 0.317476 -0.304404 0.945365 0.116716 
						-0.763581 0.279856 0.581914 -0.253538 0.945321 0.205151 -0.546384 0.279841 0.789400 -0.177732 0.945322 0.273455 -0.546384 0.279841 0.789400 -0.275705 0.279852 0.919603 -0.275705 0.279852 0.919603 -0.546384 0.279841 0.789400 0.021965 0.279852 0.959792 0.021965 0.279852 0.959792 0.317476 0.279862 0.906028 0.317476 0.279862 0.906028 0.581921 0.279844 0.763581 0.581921 0.279844 0.763581 0.581921 0.279844 0.763581 0.789396 0.279841 0.546391 0.205158 0.945314 0.253557 0.273391 0.945347 0.177698 0.919605 0.279846 0.275703 0.314840 0.945378 0.084480 0.959797 0.279835 -0.021963 0.325581 0.945362 -0.016938 
					</float_array>
					<technique_common>
						<accessor count="598" offset="0" source="#meshId2-normals-array" stride="3">
							<param name="X" type="float" />
							<param name="Y" type="float" />
							<param name="Z" type="float" />
						</accessor>
					</technique_common>
				</source>
				<source id="meshId2-tangents" name="meshId2-tangents">
					<float_array id="meshId2-tangents-array" count="1794"> 
						0.999998 -0.000521 0.002054 0.999999 -0.000600 0.001249 1.000000 0.000000 -0.000029 0.999998 -0.000390 0.002055 0.999999 -0.000223 0.001254 1.000000 -0.000034 -0.000044 0.999999 0.000159 -0.001344 0.999998 0.000336 -0.002159 0.999998 0.000481 -0.002165 0.999999 0.000579 -0.001371 1.000000 0.000620 -0.000062 0.999999 0.000600 0.001244 0.999998 0.000521 0.002056 0.999998 0.000391 0.002057 0.999999 0.000223 0.001255 1.000000 0.000034 -0.000043 0.999999 -0.000159 -0.001344 0.999998 -0.000336 -0.002158 0.999998 -0.000481 -0.002165 0.999999 -0.000579 -0.001367 1.000000 -0.000620 -0.000062 0.021364 -0.077938 -0.996729 0.884064 -0.137431 -0.446703 0.744176 -0.065909 -0.664724 0.038322 -0.066395 -0.997057 0.998440 0.041710 -0.037109 0.795622 0.043371 -0.604239 0.591575 0.082174 -0.802051 0.997307 0.060994 -0.040727 0.997307 0.060994 -0.040728 0.591575 0.082174 -0.802052 0.387331 0.194462 -0.901199 0.996782 0.074921 -0.028507 0.996782 0.074921 -0.028504 0.387332 0.194463 -0.901198 0.491831 0.632716 0.598141 0.996702 0.081016 -0.004530 0.996702 0.081016 -0.004531 0.491831 0.632716 0.598141 0.446708 0.137441 0.884060 0.996729 0.077941 0.021355 0.996729 0.077941 0.021360 0.446708 0.137440 0.884060 0.664723 0.065908 0.744177 0.997057 0.066395 0.038333 0.997057 0.066395 0.038331 0.664723 0.065908 0.744177 0.851845 0.034745 0.522640 0.998013 0.048625 0.040062 -0.040725 0.060993 -0.997307 -0.802051 0.082174 -0.591575 -0.901200 0.194460 -0.387330 -0.028491 0.074918 -0.996783 -0.028498 0.074918 -0.996782 -0.901202 0.194456 -0.387327 0.598138 0.632718 -0.491832 -0.004531 0.081014 -0.996703 -0.004529 0.081014 -0.996703 0.598135 0.632719 -0.491833 0.884067 0.137423 -0.446700 0.021369 0.077940 -0.996729 0.021361 0.077940 -0.996729 0.884066 0.137426 -0.446701 0.744174 0.065915 -0.664726 
						0.038329 0.066399 -0.997057 0.038327 0.066399 -0.997057 0.744173 0.065917 -0.664727 0.522644 0.034741 -0.851843 0.040063 0.048623 -0.998013 0.997307 -0.060992 -0.040725 0.591572 -0.082168 -0.802054 0.387333 -0.194465 -0.901197 0.996782 -0.074920 -0.028501 0.996782 -0.074919 -0.028506 0.387331 -0.194462 -0.901199 0.491836 -0.632724 0.598129 0.996703 -0.081015 -0.004530 0.996703 -0.081015 -0.004529 0.491835 -0.632723 0.598131 0.446707 -0.137438 0.884061 0.996729 -0.077943 0.021363 0.996729 -0.077943 0.021362 0.446707 -0.137439 0.884061 0.664726 -0.065915 0.744174 0.997057 -0.066398 0.038325 0.997057 -0.066398 0.038327 0.664726 -0.065916 0.744173 0.851843 -0.034741 0.522643 0.998013 -0.048623 0.040065 -0.040725 -0.060991 -0.997307 -0.802054 -0.082168 -0.591572 -0.901200 -0.194461 -0.387329 -0.028497 -0.074917 -0.996782 -0.028496 -0.074917 -0.996782 -0.901199 -0.194463 -0.387331 0.598143 -0.632714 -0.491830 -0.004530 -0.081014 -0.996703 -0.004530 -0.081014 -0.996703 0.598142 -0.632715 -0.491831 0.884063 -0.137434 -0.446705 0.021358 -0.077939 -0.996729 -0.956183 0.004541 0.292735 -0.976108 0.004717 0.217233 -0.975726 0.155488 0.154217 -0.966307 0.145507 0.212316 -0.912354 0.404725 -0.061708 -0.936944 0.335926 -0.096380 -0.504722 0.727158 -0.465292 -0.694866 0.465358 -0.548273 -0.307303 -0.044239 -0.950583 -0.516973 -0.090299 -0.851225 0.000001 -0.000001 -1.000000 -0.652288 -0.165407 -0.739703 -0.608781 -0.313079 -0.728949 0.257368 -0.465205 -0.846963 0.655220 -0.234574 -0.718096 0.590076 -0.119487 -0.798457 0.422853 -0.066173 -0.903779 0.191846 -0.026295 -0.981073 -0.061189 0.008172 -0.998093 -0.307304 0.044236 -0.950583 -0.516976 0.090296 -0.851224 -0.652289 0.165410 -0.739702 -0.589621 0.332027 -0.736278 0.266798 0.471572 -0.840499 0.664647 0.233057 -0.709879 0.600127 0.123512 -0.790311 0.422857 0.066171 -0.903777 
						0.191850 0.026291 -0.981072 -0.061186 -0.008172 -0.998093 -0.817907 0.052272 -0.572971 -0.883536 0.039663 -0.466681 -0.910488 0.043962 -0.411192 -0.939355 0.026524 -0.341918 -0.848400 0.393116 -0.354510 -0.461550 -0.637071 -0.617343 -0.261687 -0.047557 -0.963980 -0.410284 -0.057185 -0.910163 -0.439619 -0.775282 -0.453512 -0.039202 -0.074579 -0.996444 -0.326067 -0.075215 -0.942350 -0.046165 -0.922180 -0.383997 0.318781 -0.078166 -0.944600 0.020029 -0.077969 -0.996755 0.353453 -0.795410 -0.492335 0.407903 -0.063051 -0.910845 0.243259 -0.055355 -0.968380 0.360625 -0.667363 -0.651596 0.813048 0.319336 -0.486803 0.910835 0.012185 -0.412592 0.887448 0.032565 -0.459755 0.629497 0.380608 -0.677400 0.817155 0.022161 -0.575992 0.766488 0.039529 -0.641041 0.436582 0.586209 -0.682463 0.952305 0.063657 -0.298435 0.836954 0.065715 -0.543313 0.385760 0.922482 -0.014716 0.819601 0.069078 0.568755 0.944264 0.067485 0.322198 0.505929 0.586777 0.632242 0.758530 0.045980 0.650014 0.815464 0.030077 0.578026 0.697299 0.387379 0.603085 0.884461 0.039802 0.464913 0.911693 0.020779 0.410347 0.858195 0.332490 0.391090 -0.461552 0.637050 -0.617364 -0.261664 0.047560 -0.963987 -0.410291 0.057185 -0.910160 -0.439639 0.775269 -0.453514 -0.039139 0.074582 -0.996447 -0.326006 0.075216 -0.942371 -0.046143 0.922167 -0.384030 0.318799 0.078166 -0.944594 0.020003 0.077970 -0.996755 0.353461 0.795390 -0.492362 0.407954 0.063049 -0.910823 0.243340 0.055354 -0.968360 0.360634 0.667318 -0.651636 -0.814091 0.276058 0.510929 -0.888451 0.008029 0.458901 -0.866637 0.029284 0.498079 -0.623513 0.324535 0.711272 -0.764134 0.015276 0.644877 -0.721052 0.034586 0.692017 -0.414315 0.477869 0.774587 -0.812906 0.044819 0.580667 -0.699902 0.053847 0.712206 -0.334956 0.850391 0.405758 -0.962068 0.079339 -0.261019 -0.989969 0.080307 0.116239 
						-0.959102 0.281709 0.027642 0.998275 -0.002756 0.058639 0.999013 -0.003845 0.044251 0.967517 -0.105885 0.229563 0.979758 -0.071030 0.187162 -0.945317 0.129042 0.299540 -0.031731 -0.406699 -0.913011 0.015693 -0.360686 -0.932555 0.999760 -0.001602 0.021849 0.994227 -0.037549 0.100511 0.137299 -0.153755 -0.978524 0.232635 -0.143692 -0.961891 -0.030571 -0.428923 -0.902823 0.999784 -0.000351 -0.020785 0.999941 -0.005537 -0.009363 -0.008945 -0.156722 -0.987602 -0.021898 -0.415330 -0.909407 0.998102 0.000933 -0.061578 0.992423 0.026597 -0.119952 -0.155431 -0.155513 -0.975529 -0.061212 -0.374827 -0.925072 0.995546 0.002182 -0.094248 0.975741 0.060309 -0.210455 -0.251079 -0.147722 -0.956628 0.928386 0.288411 -0.234349 0.968322 0.238095 -0.075256 0.996843 0.003418 -0.079329 0.959286 0.095221 -0.265899 0.984402 0.134965 0.112863 0.972051 0.114322 0.205053 0.894182 0.363600 -0.261215 0.986879 0.004622 0.161396 0.971311 0.004268 0.237776 0.987338 0.150469 0.050220 0.903044 0.429062 -0.020444 0.999986 0.004714 -0.002470 0.987577 0.156715 -0.011467 0.898081 0.373995 0.231470 0.985790 0.004702 -0.167918 0.985732 0.153188 -0.069755 0.930101 0.302325 0.208595 0.969763 0.004470 -0.244008 0.981400 0.140168 -0.131176 0.966272 0.250740 0.058723 0.996655 0.002667 0.081681 0.997615 0.003777 0.068924 0.960177 0.102175 0.260041 0.975248 0.067655 0.210512 0.968894 0.120796 -0.215993 -0.031719 0.406692 -0.913014 0.015697 0.360683 -0.932556 0.998775 0.001478 0.049463 0.991876 0.034125 0.122545 0.137351 0.153752 -0.978517 0.232658 0.143701 -0.961884 -0.030570 0.428919 -0.902825 0.999927 0.000196 0.012097 0.999883 0.001633 0.015227 -0.008944 0.156726 -0.987602 -0.021888 0.415324 -0.909410 0.999563 -0.001081 -0.029547 0.995027 -0.030542 -0.094802 -0.155421 0.155508 -0.975531 -0.061197 0.374823 -0.925075 
						0.997241 -0.002265 -0.074202 0.979496 -0.063155 -0.191309 -0.251046 0.147726 -0.956636 -0.912430 0.258973 0.316867 -0.967018 0.212538 0.140372 0.997512 -0.003447 -0.070407 0.964267 -0.097749 -0.246242 -0.990937 0.128629 -0.038702 -0.985823 0.105782 -0.130240 -0.859682 0.328430 0.391255 -0.993677 0.004568 -0.112185 -0.981922 0.004163 -0.189240 -0.988756 0.146413 0.030420 -0.880454 0.417487 0.224734 -0.998580 0.004695 0.053060 -0.982762 0.155582 0.099866 0.999199 0.003334 -0.039878 0.999951 0.004657 -0.008680 0.999902 0.004383 -0.013289 0.999905 0.005381 -0.012683 0.999929 0.004712 -0.010907 0.999953 0.005589 -0.007951 0.999969 0.004570 -0.006406 0.999984 0.005231 -0.002334 0.999937 0.004392 -0.010315 0.999717 0.002945 0.023600 0.999036 0.001222 0.043874 0.999944 -0.000340 0.010623 0.999801 -0.001888 -0.019838 0.999994 -0.003507 -0.000844 0.999943 -0.004654 -0.009621 0.999907 -0.004384 -0.012879 0.999894 -0.005379 -0.013564 0.999873 -0.004711 -0.015223 0.999850 -0.005591 -0.016386 0.999832 -0.004583 -0.017723 0.999804 -0.005264 -0.019105 0.999735 -0.004433 -0.022603 0.999915 -0.002999 0.012664 0.999847 -0.001366 0.017451 0.999796 0.000167 -0.020200 0.998395 0.001695 -0.056604 -0.363024 -0.010394 -0.931722 -0.275095 -0.000298 -0.961417 -0.555189 -0.003980 -0.831715 -0.630556 -0.012332 -0.776046 -0.772952 -0.020432 -0.634135 -0.821853 -0.030274 -0.568895 0.861137 -0.011373 0.508246 0.801090 -0.019035 0.598242 0.868208 0.118408 0.481865 0.957542 0.016554 0.287818 0.991328 0.055278 0.119221 0.998238 0.009464 -0.058584 0.960973 -0.001113 -0.276640 0.933117 0.012398 -0.359358 0.828092 0.013230 -0.560436 0.786909 0.033499 -0.616159 -0.704240 0.037733 0.708958 -0.661932 0.187469 0.725742 -0.544814 0.063485 0.836150 -0.531571 -0.004352 0.847003 -0.335560 0.006123 0.941999 -0.247259 -0.006399 0.968928 
						-0.031683 0.002974 0.999494 0.060904 -0.008336 0.998109 0.275137 -0.000262 0.961405 0.363199 -0.010283 0.931655 0.555281 -0.003882 0.831654 0.630709 -0.012216 0.775923 0.773048 -0.020307 0.634022 0.821976 -0.030156 0.568723 0.861319 0.011578 0.507932 0.801524 0.019675 0.597639 0.941792 0.005586 0.336148 0.968795 -0.006704 0.247773 0.999487 0.002766 0.031923 0.998132 -0.008576 -0.060492 0.961309 0.000040 -0.275473 0.931759 -0.010452 -0.362928 0.838225 -0.014340 -0.545136 0.793182 -0.028494 -0.608318 0.746598 0.013854 -0.665131 0.812769 0.024477 -0.582071 0.606205 0.010491 -0.795240 0.531874 -0.004558 -0.846811 0.335188 0.006464 -0.942129 0.247412 -0.006493 -0.968889 0.031584 0.003063 -0.999497 -0.060723 -0.008439 -0.998119 0.967439 0.081009 -0.239790 0.985855 0.035916 -0.163707 0.947310 0.001972 -0.320313 0.860150 0.024926 -0.509432 -0.655291 0.039241 0.754356 -0.548375 0.005060 0.836217 -0.642023 0.001086 0.766685 -0.533158 0.000089 0.846016 -0.285846 0.000652 0.958275 -0.282595 -0.000125 0.959239 0.007608 -0.002459 0.999968 0.001697 -0.000270 0.999998 0.299255 -0.005793 0.954156 0.283670 -0.000429 0.958922 0.557757 -0.010707 0.829935 0.528604 -0.000677 0.848868 0.697255 -0.035439 0.715946 0.628776 -0.001720 0.777585 0.877535 0.020085 0.479093 0.956036 -0.000792 0.293248 0.991420 0.030827 0.127028 0.973083 0.070057 0.219546 0.999975 -0.002652 -0.006579 0.999992 -0.003520 -0.001927 0.951902 -0.004399 -0.306370 0.990823 -0.037936 -0.129729 0.872564 -0.025920 -0.487812 0.983941 -0.087942 -0.155328 0.693550 0.028793 -0.719832 0.543397 0.006169 -0.839453 0.631289 0.001161 -0.775547 0.525081 0.000143 -0.851052 0.283754 0.001060 -0.958896 0.279265 -0.000106 -0.960214 -0.008073 -0.002372 -0.999965 -0.002407 -0.000266 -0.999997 -0.299021 -0.005839 -0.954229 -0.283278 -0.000430 -0.959038 
						-0.557285 -0.010813 -0.830250 -0.527832 -0.000683 -0.849349 -0.696744 -0.035569 -0.716437 -0.627941 -0.001725 -0.778259 0.876456 -0.019665 0.481080 0.788104 0.067769 0.611800 0.992446 -0.036335 0.117174 0.976583 -0.073065 0.202353 0.999965 0.002855 -0.007834 0.999777 0.000020 -0.021138 -0.585426 0.584433 0.561885 0.912265 0.408521 0.029713 0.876797 0.408522 -0.253648 -0.383142 0.584434 0.715290 0.758730 0.407913 -0.507873 -0.147758 0.585341 0.797209 0.305651 -0.609327 -0.731641 -0.656370 -0.420632 0.626296 -0.432109 -0.420551 0.797759 0.066212 -0.609471 -0.790039 -0.164420 -0.420550 0.892246 -0.181141 -0.609475 -0.771834 0.119330 -0.420551 0.899387 -0.410804 -0.609474 -0.678072 0.389968 -0.420473 0.819223 -0.599108 -0.609616 -0.519074 0.613576 0.607718 0.504186 -0.380198 0.419908 -0.824091 -0.614932 0.419812 -0.667545 0.738525 0.607896 0.291620 -0.791119 0.419808 -0.444850 0.792497 0.607894 0.049126 -0.889862 0.419807 -0.178624 0.768885 0.607895 -0.198193 -0.901506 0.419811 0.105098 0.670011 0.607891 -0.426092 -0.824900 0.419811 0.378548 0.505560 0.607897 -0.612266 -0.668877 0.419705 0.613557 0.293273 0.608079 -0.737720 0.305686 0.609341 -0.731614 -0.656344 0.420634 0.626322 -0.432087 0.420555 0.797768 0.066233 0.609481 -0.790029 -0.164434 0.420557 0.892241 -0.181161 0.609471 -0.771833 0.119336 0.420553 0.899385 -0.410797 0.609477 -0.678074 0.389968 0.420474 0.819223 -0.599114 0.609608 -0.519077 -0.718062 0.583508 -0.379350 0.258605 0.409100 0.875077 0.512181 0.408523 0.755499 -0.798673 0.584442 -0.143353 0.720582 0.408522 0.560243 -0.803885 0.584439 0.110453 0.858437 0.408516 0.310162 -0.730406 0.584433 0.353476 0.802358 0.300675 0.515574 0.792962 0.162442 0.587216 0.879955 0.090609 0.466336 0.961636 0.044124 0.270756 0.999158 0.006766 0.040454 0.980405 -0.029453 -0.194780 
						0.911106 -0.071622 -0.405901 0.818756 -0.131869 -0.558792 0.777360 -0.240830 -0.581130 0.897357 -0.414859 -0.150476 0.802370 -0.300686 0.515548 0.792957 -0.162439 0.587224 0.879951 -0.090605 0.466344 0.961636 -0.044123 0.270758 0.999159 -0.006765 0.040454 0.980404 0.029451 -0.194783 0.911107 0.071622 -0.405900 0.818752 0.131866 -0.558799 0.777370 0.240839 -0.581113 0.897358 0.414855 -0.150480 -0.356674 -0.003026 -0.934224 -0.258438 -0.000060 -0.966028 -0.544262 -0.001497 -0.838914 -0.627562 -0.003636 -0.778558 -0.776832 -0.002653 -0.629703 -0.834138 -0.011770 -0.551430 0.841214 -0.005960 0.540669 0.776932 -0.001341 0.629583 0.933449 -0.000577 0.358711 0.965493 0.002808 0.260414 0.998609 -0.000245 0.052717 0.998714 0.002917 -0.050605 0.966028 0.000110 -0.258438 0.934232 0.003059 -0.356652 0.838899 0.000748 -0.544287 0.782063 0.011454 -0.623094 -0.773150 0.008119 0.634171 -0.838767 0.004942 0.544468 -0.629523 0.003211 0.776975 -0.545145 -0.001364 0.838340 -0.358665 0.001832 0.933465 -0.259740 -0.001845 0.965677 -0.052688 0.000970 0.998611 0.051018 -0.002348 0.998695 0.258445 0.000089 0.966026 0.356770 -0.002884 0.934188 0.544266 -0.001348 0.838911 0.627643 -0.003494 0.778494 0.776836 -0.002504 0.629699 0.834197 -0.011626 0.551343 0.841215 0.005960 0.540668 0.776932 0.001341 0.629583 0.933449 0.000577 0.358710 0.965493 -0.002808 0.260413 0.998610 0.000245 0.052716 0.998715 -0.002917 -0.050604 0.966028 -0.000110 -0.258437 0.934232 -0.003059 -0.356653 0.838898 -0.000748 -0.544287 0.782064 -0.011454 -0.623092 0.773217 0.007977 -0.634091 0.838771 0.004789 -0.544463 0.629529 0.003061 -0.776971 0.545233 -0.001506 -0.838283 0.358670 0.001682 -0.933463 0.259840 -0.001988 -0.965650 0.052695 0.000821 -0.998610 -0.050913 -0.002490 -0.998700 0.715569 -0.092683 0.692366 0.999641 -0.020278 0.017488 
						0.999664 -0.024782 -0.007550 0.578688 -0.199300 0.790822 0.874112 -0.054321 0.482677 0.906669 -0.022429 -0.421246 0.973797 -0.024976 0.226045 0.999901 -0.006545 0.012434 0.998821 0.004463 -0.048334 0.999985 0.001236 -0.005278 0.947843 0.035675 -0.316735 0.999854 0.009121 -0.014442 0.832848 0.078067 -0.547969 0.872610 0.024570 0.487799 0.661947 0.120160 -0.739856 0.999745 0.022126 -0.004408 0.558801 0.263792 -0.786229 0.999652 0.025517 -0.006671 0.761529 0.581737 0.285754 0.999604 0.026441 -0.009612 0.578783 0.199396 0.790729 0.999661 0.024788 -0.007996 0.717151 0.094576 0.690471 0.999765 0.020467 0.007129 0.875626 0.056973 0.479617 0.898031 0.022719 -0.439345 0.974044 0.025914 0.224869 0.999969 0.006762 0.003934 0.998804 -0.004168 -0.048710 0.999965 -0.001156 -0.008325 0.947827 -0.035636 -0.316786 0.999847 -0.009111 -0.014941 0.833055 -0.078385 -0.547609 0.871367 -0.024609 0.490014 0.662354 -0.120611 -0.739419 0.999751 -0.022158 -0.002666 0.560556 -0.265480 -0.784408 0.999663 -0.025527 -0.004673 0.759958 -0.580194 0.292983 0.999614 -0.026442 -0.008547 -0.318712 -0.003336 -0.947846 -0.590867 -0.005018 -0.806754 -0.308070 -0.001401 -0.951362 -0.577045 -0.001724 -0.816710 -0.756295 -0.028185 -0.653623 -0.692509 -0.006022 -0.721384 0.861212 -0.019099 0.507887 0.954789 0.002780 0.297272 0.989856 -0.040512 0.136177 -0.608210 -0.079858 -0.789749 0.999931 0.003032 -0.011366 0.999893 0.002221 -0.014446 0.947781 0.003283 -0.318905 0.982733 0.040732 -0.180489 0.849874 0.025411 -0.526374 -0.515054 0.096191 0.851744 -0.738245 0.023358 0.674128 -0.567575 0.000494 0.823322 -0.683296 0.003648 0.730132 -0.566202 -0.000677 0.824266 -0.291578 -0.001211 0.956546 -0.295505 -0.001001 0.955341 0.014548 -0.002193 0.999892 0.007157 -0.001186 0.999974 0.319288 -0.003174 0.947652 0.309164 -0.001371 0.951008 
						0.591357 -0.004857 0.806395 0.577987 -0.001695 0.816045 0.756714 -0.028021 0.653145 0.693355 -0.005995 0.720571 0.861210 0.019101 0.507891 0.954789 -0.002779 0.297272 0.990382 0.041619 0.131954 -0.639944 0.069801 -0.765244 0.999931 -0.003032 -0.011369 0.999868 -0.001773 -0.016147 0.947782 -0.003282 -0.318901 0.982664 -0.040623 -0.180888 0.849871 -0.025411 -0.526379 -0.527641 -0.092651 0.844399 0.738678 0.023193 -0.673659 0.568089 0.000333 -0.822967 0.684162 0.003619 -0.729321 0.567164 -0.000707 -0.823605 0.292164 -0.001372 -0.956367 0.296605 -0.001032 -0.955000 -0.013934 -0.002356 -0.999900 -0.006001 -0.001217 -0.999981 
					</float_array>
					<technique_common>
						<accessor count="598" offset="0" source="#meshId2-tangents-array" stride="3">
							<param name="X" type="float" />
							<param name="Y" type="float" />
							<param name="Z" type="float" />
						</accessor>
					</technique_common>
				</source>
				<source id="meshId2-bitangents" name="meshId2-bitangents">
					<float_array id="meshId2-bitangents-array" count="1794"> 
						-0.002052 0.000338 0.999998 -0.001248 0.000161 0.999999 0.000029 -0.000000 1.000000 -0.002053 0.000483 0.999998 -0.001253 0.000580 0.999999 0.000044 0.000620 1.000000 0.001343 0.000600 0.999999 0.002156 0.000522 0.999998 0.002163 0.000393 0.999997 0.001369 0.000225 0.999999 0.000062 0.000034 1.000000 -0.001243 -0.000161 0.999999 -0.002053 -0.000338 0.999998 -0.002054 -0.000483 0.999998 -0.001253 -0.000580 0.999999 0.000044 -0.000620 1.000000 0.001343 -0.000601 0.999999 0.002155 -0.000522 0.999998 0.002163 -0.000393 0.999997 0.001365 -0.000225 0.999999 0.000061 -0.000033 1.000000 -0.999779 -0.021036 -0.000005 -0.896619 -0.442803 -0.000018 -0.755639 -0.654988 -0.000036 -0.999020 -0.044270 0.000002 -0.000005 -0.068136 -0.997676 -0.000026 -0.730452 -0.682964 -0.000008 -0.599656 -0.800258 -0.000002 -0.051193 -0.998689 -0.000003 -0.051193 -0.998689 -0.000007 -0.599656 -0.800258 -0.000006 -0.335205 -0.942145 -0.000005 -0.029194 -0.999574 -0.000002 -0.029194 -0.999574 -0.000004 -0.335203 -0.942146 -0.000000 0.072387 -0.997377 0.000000 -0.004293 -0.999991 -0.000001 -0.004293 -0.999991 -0.000000 0.072387 -0.997377 -0.000005 0.442780 -0.896630 -0.000005 0.021035 -0.999779 -0.000000 0.021036 -0.999779 -0.000004 0.442782 -0.896630 0.000044 0.654994 -0.755634 0.000008 0.044271 -0.999020 0.000006 0.044271 -0.999020 0.000043 0.654994 -0.755634 0.000003 0.755964 -0.654613 0.000002 0.063124 -0.998006 -0.998689 -0.051193 0.000001 -0.800258 -0.599656 0.000009 -0.942145 -0.335207 0.000011 -0.999574 -0.029192 -0.000008 -0.999574 -0.029192 -0.000002 -0.942142 -0.335214 0.000017 -0.997377 0.072387 -0.000000 -0.999991 -0.004293 -0.000000 -0.999991 -0.004293 -0.000001 -0.997377 0.072386 0.000000 -0.896610 0.442820 -0.000034 -0.999779 0.021037 -0.000008 -0.999779 0.021037 -0.000000 -0.896614 0.442814 -0.000028 -0.755656 0.654969 -0.000005 
						-0.999020 0.044271 -0.000003 -0.999020 0.044271 -0.000000 -0.755662 0.654962 0.000006 -0.654599 0.755977 -0.000036 -0.998006 0.063124 -0.000004 -0.000002 0.051192 -0.998689 -0.000031 0.599676 -0.800243 -0.000001 0.335201 -0.942147 0.000000 0.029193 -0.999574 -0.000005 0.029194 -0.999574 -0.000005 0.335205 -0.942145 -0.000000 -0.072385 -0.997377 0.000000 0.004292 -0.999991 0.000000 0.004292 -0.999991 0.000000 -0.072385 -0.997377 0.000003 -0.442787 -0.896627 0.000001 -0.021037 -0.999779 -0.000000 -0.021037 -0.999779 0.000001 -0.442785 -0.896628 0.000006 -0.654970 -0.755655 -0.000001 -0.044271 -0.999020 0.000001 -0.044271 -0.999020 0.000000 -0.654967 -0.755658 0.000036 -0.755975 -0.654601 0.000008 -0.063123 -0.998006 -0.998689 0.051192 0.000004 -0.800243 0.599676 0.000034 -0.942145 0.335207 0.000008 -0.999574 0.029192 -0.000002 -0.999574 0.029192 -0.000002 -0.942146 0.335204 0.000006 -0.997377 -0.072388 -0.000000 -0.999991 0.004293 0.000000 -0.999991 0.004293 0.000000 -0.997377 -0.072387 -0.000000 -0.896622 -0.442796 -0.000012 -0.999779 -0.021035 0.000001 0.292811 0.001294 0.956169 0.217247 0.000196 0.976117 0.187963 0.015776 0.982049 0.300453 0.046464 0.952664 0.204767 0.046883 0.977687 0.387090 0.103070 0.916263 0.332791 0.063952 0.940829 0.577184 0.138953 0.804705 -0.882367 0.470562 0.000003 -0.915472 0.402381 0.000001 -1.000000 -0.000000 -0.000001 -0.957097 0.289766 0.000001 -0.989040 0.147648 0.000002 -0.999099 -0.042435 -0.000001 -0.977771 -0.209677 -0.000001 -0.935051 -0.354513 0.000004 -0.897781 -0.440443 0.000001 -0.872456 -0.488693 -0.000001 -0.866963 -0.498373 0.000001 -0.882365 -0.470566 0.000021 -0.915470 -0.402387 0.000014 -0.957099 -0.289762 -0.000000 -0.990834 -0.135086 -0.000002 -0.999058 0.043393 -0.000007 -0.976860 0.213878 -0.000009 -0.936936 0.349500 -0.000007 -0.897779 0.440445 -0.000012 
						-0.872454 0.488696 -0.000028 -0.866963 0.498373 -0.000002 -0.538705 0.060052 0.840352 -0.433873 0.069440 0.898294 -0.375576 0.066615 0.924394 -0.316242 0.076020 0.945628 0.785217 0.171298 0.595056 -0.854711 0.085630 -0.511992 -0.972727 0.063962 0.222960 -0.926450 0.055351 0.372327 -0.970132 0.052866 -0.236749 -0.999500 0.029959 0.010115 -0.953430 0.028505 0.300266 -0.998565 0.002127 0.053512 -0.953728 -0.020295 -0.299986 -0.999780 -0.020938 0.001243 -0.939433 -0.048174 0.339330 -0.927227 -0.048711 -0.371318 -0.977512 -0.057179 -0.202979 -0.794748 -0.078088 0.601895 0.698307 -0.216352 -0.682319 -0.399687 -0.080074 -0.913148 -0.430892 -0.073359 -0.899417 0.471734 -0.177902 -0.863608 -0.555942 -0.077587 -0.827592 -0.612097 -0.069524 -0.787721 0.216947 -0.099203 -0.971130 -0.260439 -0.047956 -0.964298 -0.510979 -0.045230 -0.858403 -0.052431 0.000460 -0.998624 0.539455 0.040249 -0.841052 0.286812 0.042693 -0.957035 -0.317874 0.099043 -0.942945 0.619157 0.065161 -0.782559 0.552601 0.074526 -0.830107 -0.561540 0.174282 -0.808887 0.432009 0.069351 -0.899199 0.389832 0.078020 -0.917575 -0.770234 0.207100 -0.603199 -0.854715 -0.085634 -0.511985 -0.972733 -0.063963 0.222933 -0.926447 -0.055352 0.372334 -0.970132 -0.052868 -0.236748 -0.999501 -0.029955 0.010056 -0.953448 -0.028501 0.300208 -0.998565 -0.002125 0.053511 -0.953722 0.020296 -0.300003 -0.999780 0.020937 0.001269 -0.939434 0.048177 0.339326 -0.927207 0.048716 -0.371367 -0.977496 0.057186 -0.203057 -0.794754 0.078097 0.601887 -0.681080 -0.251889 0.687519 0.449905 -0.080684 0.889424 0.471917 -0.074878 0.878457 -0.455108 -0.212620 0.864679 0.630747 -0.079462 0.771909 0.666724 -0.072333 0.741787 -0.201568 -0.134157 0.970244 0.548162 -0.066009 0.833763 0.682549 -0.058620 0.728485 0.067001 -0.034501 0.997156 -0.245933 0.015835 0.969158 0.127869 0.010811 0.991732 
						0.576029 0.144502 0.804556 0.058502 -0.003834 -0.998280 0.044114 -0.002739 -0.999023 0.090966 -0.101087 -0.990710 0.065290 -0.130977 -0.989233 0.418021 0.073742 0.905440 -0.973048 0.044815 -0.226208 -0.893807 0.084439 -0.440431 0.021756 -0.004442 -0.999753 0.026444 -0.149373 -0.988427 -0.982091 0.023977 -0.186874 -0.944098 0.050109 -0.325834 -0.999985 0.005143 0.002034 -0.020806 -0.004710 -0.999772 -0.020545 -0.156649 -0.987441 -0.999991 0.004133 0.000514 -0.972576 -0.034723 0.229979 -0.061521 -0.004629 -0.998095 -0.065748 -0.153058 -0.986028 -0.981874 -0.015627 0.188891 -0.891834 -0.073394 0.446369 -0.094129 -0.004187 -0.995551 -0.101410 -0.137989 -0.985229 -0.942705 -0.041565 0.331028 0.327310 -0.139191 -0.934609 0.516118 -0.181461 -0.837074 -0.079184 -0.003257 -0.996855 -0.129060 -0.111425 -0.985357 0.227699 -0.065129 -0.971551 0.338497 -0.092011 -0.936458 0.147463 -0.082204 -0.985646 0.161455 -0.000964 -0.986880 0.237887 -0.002019 -0.971291 0.119238 -0.034642 -0.992261 0.000816 -0.003790 -0.999992 -0.002454 -0.000265 -0.999997 -0.002439 -0.004438 -0.999987 -0.147517 0.074060 -0.986283 -0.167946 0.000433 -0.985796 -0.123050 0.026108 -0.992057 -0.334145 0.128383 -0.933737 -0.244096 0.001522 -0.969750 -0.235017 0.056612 -0.970341 -0.524774 0.170254 -0.834042 0.081546 0.003896 -0.996662 0.068785 0.002833 -0.997627 0.122027 0.104809 -0.986977 0.092542 0.133302 -0.986745 -0.345465 0.084432 -0.934626 -0.973048 -0.044814 -0.226208 -0.893808 -0.084438 -0.440430 0.049377 0.004484 -0.998770 0.054442 0.150649 -0.987087 -0.982084 -0.023971 -0.186913 -0.944089 -0.050107 -0.325860 -0.999985 -0.005143 0.002033 0.012085 0.004717 -0.999916 0.011703 0.156803 -0.987561 -0.999991 -0.004132 0.000515 -0.972577 0.034725 0.229974 -0.029482 0.004596 -0.999555 -0.033399 0.151866 -0.987837 -0.981876 0.015628 0.188881 -0.891837 0.073397 0.446362 
						-0.074080 0.004143 -0.997244 -0.078470 0.136235 -0.987564 -0.942712 0.041571 0.331008 -0.274186 -0.163190 0.947729 -0.463482 -0.205601 0.861924 -0.070263 0.003227 -0.997523 -0.108305 0.109078 -0.988115 -0.164072 -0.074318 0.983645 -0.268005 -0.101189 0.958089 -0.090193 -0.108667 0.989978 -0.112256 -0.001193 0.993679 -0.189360 -0.002228 0.981905 -0.055162 -0.044511 0.997485 0.058177 -0.031817 0.997799 0.053030 -0.000503 0.998593 0.070085 -0.015165 0.997426 -0.039683 -0.004491 -0.999202 -0.008492 -0.003097 -0.999959 -0.013189 -0.001755 -0.999911 -0.012576 -0.001528 -0.999920 -0.010889 -0.000305 -0.999941 -0.007968 0.000235 -0.999968 -0.006477 0.001187 -0.999978 -0.002469 0.001981 -0.999995 -0.010513 0.003464 -0.999939 0.023417 0.004755 -0.999714 0.043787 0.005459 -0.999026 0.010647 0.005583 -0.999928 -0.019708 0.005265 -0.999792 -0.000645 0.004357 -0.999990 -0.009433 0.003102 -0.999951 -0.012779 0.001754 -0.999917 -0.013456 0.001533 -0.999908 -0.015203 0.000325 -0.999884 -0.016400 -0.000188 -0.999865 -0.017791 -0.001135 -0.999841 -0.019235 -0.001891 -0.999813 -0.022800 -0.003410 -0.999734 0.012479 -0.004722 -0.999911 0.017354 -0.005425 -0.999835 -0.020187 -0.005592 -0.999781 -0.056486 -0.005330 -0.998389 -0.830184 0.497717 0.251142 -0.727698 0.654367 0.205574 -0.647447 0.653912 0.391422 -0.720948 0.497019 0.482914 -0.605947 0.642620 0.468900 -0.642983 0.485329 0.592477 0.375897 -0.497380 -0.781866 0.319606 -0.644136 -0.694939 0.879377 -0.433513 -0.196881 0.350402 -0.493461 -0.796062 0.499021 -0.580520 -0.643409 0.009307 -0.489720 -0.871830 -0.217766 -0.656697 -0.722030 -0.238395 -0.489303 -0.838899 -0.327652 -0.651331 -0.684406 -0.359971 -0.480283 -0.799843 0.766413 0.475983 0.431337 0.926509 0.313153 -0.208604 0.826674 0.562408 -0.017561 0.718521 0.499136 0.484345 0.729002 0.653289 0.204375 0.828565 0.498785 0.254349 
						0.756395 0.654113 -0.001379 0.866987 0.498330 0.001310 0.727604 0.654367 -0.205902 0.829909 0.497754 -0.251975 0.646953 0.653935 -0.392200 0.720419 0.497065 -0.483656 0.605167 0.642760 -0.469716 0.642336 0.485434 -0.593093 0.374442 0.497305 -0.782612 0.314602 0.643454 -0.697848 0.209170 0.653470 -0.727478 0.256684 0.498721 -0.827883 0.000574 0.654149 -0.756366 0.003216 0.498265 -0.867019 -0.208632 0.654370 -0.726824 -0.250701 0.497698 -0.830329 -0.308164 0.648506 -0.696043 -0.376601 0.486884 -0.788109 -0.641262 0.496392 -0.585131 -0.597929 0.637694 -0.485620 -0.653324 0.651212 -0.386124 -0.717615 0.499107 -0.485717 -0.729960 0.653166 -0.201327 -0.828358 0.498766 -0.255060 -0.756406 0.654098 0.002204 -0.867001 0.498302 -0.002129 -0.064601 -0.164445 -0.984268 -0.067497 -0.199825 -0.977504 -0.308352 -0.206805 -0.928521 -0.444745 -0.193796 -0.874440 0.801123 0.188943 0.567893 0.828611 0.183401 0.528931 0.766724 0.005487 0.641954 0.846006 0.005593 0.533144 0.942443 0.183532 0.279496 0.959222 0.005593 0.282599 0.983018 0.183500 -0.001601 0.999983 0.005587 -0.001677 0.942042 0.183357 -0.280957 0.958916 0.005577 -0.283636 0.829935 0.182921 -0.527018 0.848881 0.005553 -0.528554 0.759673 0.176899 -0.625783 0.777650 0.005322 -0.628675 0.429035 0.181380 -0.884890 0.290077 0.183538 -0.939239 0.053588 0.178498 -0.982480 0.073276 0.158748 -0.984596 -0.000129 0.183505 -0.983019 0.006519 0.183476 -0.983002 -0.291152 0.183437 -0.938926 -0.041027 0.175953 -0.983543 -0.426042 0.179955 -0.886625 0.013372 0.145628 -0.989249 -0.753460 0.179127 -0.632623 -0.833153 0.183332 -0.521771 -0.775588 0.005471 -0.631216 -0.851045 0.005592 -0.525064 -0.943325 0.183528 -0.276504 -0.960197 0.005593 -0.279268 -0.983017 0.183502 0.002267 -0.999982 0.005588 0.002388 -0.942143 0.183358 0.280620 -0.959032 0.005577 0.283244 
						-0.830369 0.182908 0.526338 -0.849362 0.005551 0.527782 -0.760299 0.176851 0.625036 -0.778324 0.005321 0.627840 0.431899 -0.181468 -0.883478 0.715135 -0.168273 -0.678430 0.027946 -0.184622 -0.982412 0.051654 -0.156703 -0.986294 0.000088 -0.208373 -0.978049 -0.020619 -0.208418 -0.977822 0.402952 -0.036511 0.914492 0.180142 -0.036373 0.982968 0.475081 -0.036373 0.879190 0.665823 -0.036511 0.745215 0.722345 -0.037145 0.690535 0.863165 -0.035933 0.503641 -0.850284 0.015752 -0.526089 -0.754291 0.015335 -0.656361 -0.920018 0.015548 -0.391568 -0.971185 0.015567 -0.237819 -0.995991 0.015546 -0.088097 -0.997142 0.015565 0.073927 -0.974468 0.015548 0.223989 -0.925492 0.015567 0.378447 -0.857796 0.015768 0.513748 -0.763401 0.015386 0.645741 0.761417 -0.017745 -0.648020 0.859405 -0.017254 -0.511004 0.659834 -0.017503 -0.751208 0.524138 -0.017528 -0.851453 0.395405 -0.017503 -0.918340 0.235369 -0.017528 -0.971748 0.092273 -0.017506 -0.995580 -0.076438 -0.017531 -0.996920 -0.219893 -0.017506 -0.975367 -0.380764 -0.017531 -0.924506 -0.510539 -0.017504 -0.859676 -0.647813 -0.017528 -0.761598 -0.750834 -0.017764 -0.660252 -0.851314 -0.017318 -0.524370 -0.850279 -0.015747 -0.526097 -0.754298 -0.015330 -0.656354 -0.920021 -0.015545 -0.391561 -0.971184 -0.015565 -0.237823 -0.995990 -0.015548 -0.088098 -0.997142 -0.015567 0.073930 -0.974468 -0.015547 0.223989 -0.925492 -0.015566 0.378448 -0.857796 -0.015768 0.513748 -0.763401 -0.015386 0.645742 -0.744699 -0.037097 0.666369 -0.878446 -0.035621 0.476513 -0.689351 -0.036372 0.723514 -0.502994 -0.036510 0.863519 -0.432033 -0.036370 0.901124 -0.211532 -0.036509 0.976689 -0.132431 -0.036372 0.990525 0.100637 -0.036511 0.994253 -0.017913 -0.126889 0.991755 -0.030236 -0.256761 0.966002 -0.029451 -0.348251 0.936938 -0.017524 -0.401964 0.915488 0.000607 -0.422830 0.906209 0.019061 -0.413477 0.910315 
						0.032053 -0.372274 0.927569 0.034475 -0.294282 0.955097 0.023972 -0.176357 0.984034 0.003449 -0.027263 0.999622 -0.017895 0.126882 0.991756 -0.030249 0.256765 0.966000 -0.029469 0.348256 0.936936 -0.017531 0.401968 0.915486 0.000600 0.422838 0.906205 0.019071 0.413480 0.910314 0.032051 0.372274 0.927569 0.034487 0.294286 0.955095 0.023954 0.176350 0.984036 0.003449 0.027264 0.999622 -0.560196 0.808621 0.179760 -0.038056 0.999232 0.009369 -0.043471 0.999042 0.004982 -0.481321 0.808424 0.338794 -0.051470 0.998637 0.008694 -0.424663 0.802409 0.419286 0.264515 -0.807344 -0.527473 0.011110 -0.999080 -0.041426 0.007043 -0.999204 -0.039273 0.181554 -0.808681 -0.559529 -0.001124 -0.999227 -0.039300 0.000959 -0.808653 -0.588285 -0.008741 -0.999231 -0.038227 -0.179418 -0.808610 -0.560320 -0.013166 -0.999185 -0.038168 -0.270327 -0.802757 -0.531511 0.437479 0.805878 0.398966 0.075142 0.997171 -0.002139 0.056708 0.998360 -0.007790 0.484828 0.808976 0.332416 0.045120 0.998948 -0.008201 0.562407 0.808899 0.171407 0.039795 0.999152 -0.010547 0.588061 0.808799 -0.005269 0.037557 0.999231 -0.011242 0.559665 0.808662 -0.181218 0.042419 0.999078 -0.006603 0.480367 0.808474 -0.340027 0.049970 0.998701 -0.009916 0.423430 0.802569 -0.420226 0.264511 0.807343 -0.527476 0.011106 0.999080 -0.041432 0.007044 0.999204 -0.039273 0.181552 0.808680 -0.559532 -0.001125 0.999227 -0.039301 0.000959 0.808653 -0.588285 -0.008739 0.999231 -0.038227 -0.179417 0.808610 -0.560321 -0.013163 0.999185 -0.038167 -0.270325 0.802757 -0.531512 -0.436333 0.805988 -0.399996 -0.073485 0.997296 0.001061 -0.055486 0.998440 0.006279 -0.483966 0.808957 -0.333714 -0.044421 0.998993 0.006382 -0.561985 0.808874 -0.172906 -0.039691 0.999175 0.008602 -0.588120 0.808765 0.003718 0.059560 -0.469821 -0.880750 0.013022 -0.016913 -0.999772 
						-0.010528 -0.009216 -0.999902 0.023708 -0.286491 -0.957790 0.013337 -0.552190 -0.833612 -0.425007 -0.013958 -0.905082 -0.014967 -0.600370 -0.799582 0.010245 -0.025639 -0.999619 -0.002369 -0.614965 -0.788551 -0.004850 -0.026450 -0.999638 0.016384 -0.585749 -0.810327 -0.011489 -0.024822 -0.999626 0.044226 -0.501755 -0.863878 0.490649 -0.009762 -0.871303 -0.040944 -0.412803 -0.909900 -0.000249 -0.014429 -0.999896 -0.029783 -0.218352 -0.975416 -0.004354 -0.006973 -0.999966 -0.005097 0.038196 -0.999257 -0.009998 0.001111 -0.999949 0.023524 0.286371 -0.957830 -0.010972 0.009206 -0.999897 0.050587 0.465736 -0.883476 0.002673 0.016714 -0.999857 -0.004873 0.546845 -0.837220 -0.443008 0.013513 -0.896416 -0.022929 0.599267 -0.800221 0.001680 0.025576 -0.999671 -0.005020 0.615027 -0.788490 -0.007924 0.026442 -0.999619 0.016067 0.585812 -0.810288 -0.011990 0.024831 -0.999620 0.046020 0.501052 -0.864193 0.492849 0.009705 -0.870061 -0.039282 0.411918 -0.910374 0.001489 0.014396 -0.999895 -0.027702 0.216861 -0.975809 -0.002373 0.006921 -0.999973 -0.003896 -0.039130 -0.999227 -0.008942 -0.001139 -0.999959 -0.920072 0.254643 0.297699 -0.789905 0.254541 0.557905 -0.951180 0.026427 0.307504 -0.816769 0.026402 0.576361 -0.699718 0.249815 0.669318 -0.722555 0.025757 0.690833 0.436391 -0.252423 -0.863623 0.296264 -0.254630 -0.920538 0.002879 -0.244809 -0.969567 -0.891125 0.219556 0.397103 -0.000936 -0.254621 -0.967040 -0.006604 -0.254647 -0.967011 -0.298057 -0.254628 -0.919960 -0.045759 -0.244721 -0.968513 -0.437278 -0.250713 -0.863673 0.941616 0.206083 0.266250 0.707107 0.251320 0.660937 0.797099 0.254692 0.547508 0.730737 0.026208 0.682156 0.823846 0.026453 0.566197 0.923824 0.254691 0.285802 0.954905 0.026448 0.295731 0.967007 0.254661 -0.006793 0.999628 0.026438 -0.006746 0.919729 0.254628 -0.298770 0.950822 0.026430 -0.308608 
						0.789258 0.254537 -0.558822 0.816098 0.026423 -0.577309 0.698928 0.249893 -0.670115 0.721739 0.025779 -0.691685 0.436384 0.252445 -0.863620 0.296263 0.254639 -0.920536 -0.004519 0.244290 -0.969692 -0.862795 -0.227144 0.451652 -0.000938 0.254630 -0.967038 -0.009732 0.254667 -0.966980 -0.298057 0.254611 -0.919965 -0.046484 0.244757 -0.968470 -0.437276 0.250732 -0.863669 0.935272 -0.209127 0.285540 -0.706318 0.251386 -0.661756 -0.796454 0.254697 -0.548444 -0.729920 0.026227 -0.683029 -0.823178 0.026461 -0.567166 -0.923492 0.254681 -0.286881 -0.954561 0.026442 -0.296841 -0.967012 0.254668 0.005661 -0.999635 0.026439 0.005580 
					</float_array>
					<technique_common>
						<accessor count="598" offset="0" source="#meshId2-bitangents-array" stride="3">
							<param name="X" type="float" />
							<param name="Y" type="float" />
							<param name="Z" type="float" />
						</accessor>
					</technique_common>
				</source>
				<source id="meshId2-tex0" name="meshId2-tex0">
					<float_array id="meshId2-tex0-array" count="1196"> 
						0.394690 0.216554 0.406070 0.238891 0.329865 0.263649 0.376964 0.198827 0.354628 0.187445 0.329867 0.183523 0.305107 0.187444 0.282770 0.198824 0.265043 0.216550 0.253662 0.238886 0.249739 0.263646 0.253660 0.288407 0.265041 0.310744 0.282766 0.328470 0.305103 0.339852 0.329863 0.343774 0.354623 0.339854 0.376960 0.328473 0.394687 0.310747 0.406069 0.288411 0.409991 0.263651 0.015161 0.382915 0.022548 0.385315 0.011167 0.407652 0.004883 0.403086 0.371332 0.020891 0.366767 0.027175 0.349040 0.009448 0.355324 0.004883 0.054194 0.317618 0.047911 0.322184 0.036529 0.299847 0.043917 0.297447 0.360349 0.467606 0.352962 0.470006 0.349040 0.445246 0.356808 0.445246 0.835464 0.484868 0.827697 0.484868 0.831618 0.460107 0.839005 0.462507 0.459279 0.410275 0.451892 0.407875 0.463273 0.385538 0.469557 0.390104 0.232693 0.027175 0.226410 0.022609 0.244136 0.004883 0.248701 0.011167 0.054194 0.217126 0.047911 0.221692 0.036529 0.199355 0.043917 0.196955 0.368261 0.086923 0.360874 0.089323 0.356952 0.064563 0.364719 0.064563 0.831508 0.252597 0.823741 0.252597 0.827662 0.227837 0.835049 0.230237 0.182371 0.207304 0.174984 0.204903 0.186365 0.182567 
						0.192649 0.187132 0.367192 0.164384 0.360908 0.159818 0.378634 0.142092 0.383200 0.148376 0.072132 0.284274 0.078416 0.279709 0.089797 0.302045 0.082410 0.304446 0.851431 0.055198 0.858819 0.052798 0.862740 0.077558 0.854973 0.077558 0.257642 0.178645 0.265409 0.178645 0.261488 0.203406 0.254100 0.201005 0.129880 0.286798 0.137267 0.289199 0.125886 0.311535 0.119602 0.306970 0.020891 0.004883 0.027175 0.009448 0.009448 0.027175 0.004883 0.020891 0.376731 0.170859 0.383015 0.166294 0.394396 0.188630 0.387009 0.191031 0.356952 0.096706 0.364339 0.094306 0.368261 0.119066 0.360494 0.119066 0.099409 0.297729 0.107176 0.297729 0.103254 0.322489 0.095867 0.320089 0.908130 0.380507 0.905597 0.401863 0.903134 0.401698 0.905709 0.379928 0.898299 0.401379 0.900898 0.379231 0.891917 0.400969 0.894564 0.378329 0.111765 0.257248 0.116835 0.259831 0.106144 0.274546 0.120859 0.263855 0.123443 0.268926 0.124333 0.274546 0.123443 0.280167 0.120859 0.285237 0.116835 0.289261 0.111765 0.291845 0.106144 0.292735 0.100523 0.291845 0.095453 0.289261 0.091429 0.285237 0.088846 0.280167 0.087955 0.274546 0.088846 0.268926 0.091429 0.263855 0.095453 0.259831 
						0.100523 0.257248 0.106144 0.256358 0.883453 0.399956 0.886101 0.377349 0.886165 0.376885 0.889996 0.354543 0.898396 0.355979 0.973405 0.166401 0.981896 0.165690 0.983795 0.188275 0.975305 0.188992 0.983821 0.188732 0.984530 0.211407 0.976014 0.211679 0.984532 0.211872 0.984033 0.234552 0.975514 0.234371 0.984011 0.235001 0.982341 0.257599 0.973844 0.256974 0.901456 0.634967 0.893134 0.636804 0.888229 0.614667 0.896548 0.612821 0.888135 0.614174 0.884474 0.591696 0.892883 0.590305 0.884372 0.590757 0.883082 0.567950 0.891588 0.567442 0.883078 0.566979 0.884240 0.544167 0.892751 0.544574 0.884331 0.543248 0.887812 0.520755 0.896234 0.522047 0.887894 0.520294 0.892548 0.498109 0.900889 0.499855 0.977278 0.705547 0.968787 0.706257 0.966888 0.683673 0.975378 0.682956 0.966862 0.683215 0.966153 0.660541 0.974669 0.660269 0.966151 0.660075 0.966650 0.637396 0.975169 0.637577 0.966672 0.636947 0.968342 0.614349 0.976839 0.614973 0.903956 0.490979 0.895708 0.493122 0.889988 0.471181 0.898233 0.469029 0.889876 0.470692 0.885387 0.448364 0.893739 0.446664 0.885251 0.447430 0.883118 0.424686 0.891599 0.423864 0.883078 0.423716 0.883396 0.400877 
						0.904701 0.357128 0.677943 0.678861 0.692913 0.663411 0.694880 0.664930 0.679450 0.680837 0.909458 0.358158 0.968908 0.189356 0.967013 0.167012 0.658977 0.689087 0.659828 0.691422 0.964066 0.189640 0.962195 0.167633 0.969608 0.211708 0.637704 0.693004 0.637795 0.695488 0.964753 0.211732 0.969122 0.234066 0.616202 0.690105 0.615520 0.692494 0.964272 0.233830 0.967459 0.256435 0.596618 0.680607 0.595249 0.682677 0.962626 0.255866 0.902852 0.611623 0.907712 0.633508 0.580749 0.665491 0.578894 0.667137 0.907627 0.610694 0.912406 0.632249 0.899253 0.589621 0.906526 0.588815 0.910012 0.610004 0.904078 0.589094 0.897991 0.567425 0.905317 0.567399 0.902848 0.567411 0.899115 0.545219 0.906389 0.545973 0.903934 0.545717 0.902530 0.523183 0.909710 0.524725 0.907312 0.524057 0.907147 0.501235 0.595576 0.567152 0.579971 0.582497 0.578092 0.580871 0.594185 0.565092 0.911863 0.502440 0.981775 0.682592 0.983669 0.704936 0.615101 0.557330 0.614399 0.554945 0.986617 0.682308 0.988488 0.704314 0.981074 0.660240 0.636615 0.554193 0.636686 0.551709 0.985930 0.660216 0.981561 0.637882 0.657915 0.557951 0.658742 0.555609 0.986411 0.638118 0.983223 0.615513 
						0.676884 0.568013 0.678359 0.566017 0.988057 0.616082 0.904489 0.467599 0.910154 0.489290 0.691980 0.582968 0.693913 0.581416 0.909226 0.466494 0.914798 0.487857 0.900080 0.445745 0.907318 0.444671 0.911584 0.465717 0.904881 0.445040 0.897998 0.423611 0.905317 0.423314 0.902851 0.423417 0.613892 0.655204 0.605440 0.646547 0.570449 0.646050 0.599662 0.635860 0.566611 0.624265 0.597394 0.623943 0.569945 0.602267 0.599366 0.611968 0.604873 0.601151 0.613188 0.592212 0.623970 0.586751 0.635896 0.584980 0.647778 0.587098 0.658581 0.592995 0.666980 0.601274 0.701717 0.601844 0.672385 0.611719 0.705263 0.622841 0.674302 0.623333 0.702233 0.644015 0.672522 0.635002 0.667417 0.645708 0.659254 0.654302 0.648628 0.660039 0.636748 0.662196 0.624764 0.660554 0.724988 0.484659 0.729597 0.300560 0.739990 0.301185 0.730664 0.484881 0.750316 0.302272 0.736345 0.485246 0.873640 0.107628 0.882624 0.291343 0.872248 0.291767 0.867954 0.107825 0.860918 0.250551 0.862257 0.107856 0.850558 0.250401 0.856563 0.107704 0.840189 0.249989 0.850883 0.107365 0.721297 0.688010 0.709378 0.545866 0.717629 0.503909 0.726974 0.687609 0.728032 0.503300 0.732649 0.687374 
						0.738456 0.503082 0.738324 0.687288 0.748877 0.503267 0.744001 0.687352 0.759267 0.503884 0.749679 0.687565 0.769593 0.504955 0.755361 0.687920 0.845579 0.498181 0.836454 0.314470 0.846830 0.313967 0.851263 0.497972 0.857224 0.313811 0.856949 0.497907 0.867616 0.313992 0.862635 0.497990 0.877986 0.314528 0.868322 0.498217 0.702303 0.485264 0.687999 0.302348 0.698349 0.301279 0.707973 0.484891 0.708747 0.300614 0.713643 0.484664 0.719173 0.300376 0.719315 0.484587 0.616207 0.651933 0.625944 0.656587 0.850523 0.300258 0.839564 0.300125 0.706195 0.496777 0.716758 0.495384 0.705066 0.492778 0.716221 0.491206 0.727577 0.494699 0.727317 0.490489 0.738451 0.494458 0.738417 0.490238 0.749365 0.494640 0.749578 0.490417 0.760322 0.495354 0.760884 0.491144 0.771211 0.496996 0.772423 0.492971 0.835608 0.306074 0.846444 0.305445 0.625137 0.590714 0.615525 0.595509 0.857219 0.305263 0.635730 0.589118 0.868001 0.305444 0.646201 0.590927 0.878870 0.306093 0.655286 0.595793 0.686482 0.294394 0.697254 0.292784 0.685286 0.290417 0.696645 0.288614 0.708186 0.292011 0.707892 0.287802 0.719123 0.291746 0.719078 0.287524 0.730072 0.291928 0.730286 0.287705 
						0.741046 0.292654 0.741613 0.288445 0.751939 0.294314 0.753156 0.290290 0.883340 0.299795 0.872444 0.300316 0.647236 0.656112 0.656669 0.651021 0.861524 0.300260 0.636643 0.658037 0.942158 0.406111 0.920625 0.406912 0.919653 0.380759 0.941186 0.379959 0.918681 0.354607 0.940213 0.353806 0.111690 0.584481 0.133235 0.584141 0.133649 0.610308 0.112104 0.610649 0.134063 0.636475 0.112518 0.636816 0.134476 0.662643 0.112932 0.662983 0.134890 0.688810 0.113345 0.689151 0.943020 0.673341 0.921476 0.673724 0.921010 0.647558 0.942554 0.647174 0.920544 0.621391 0.942088 0.621008 0.920078 0.595225 0.941622 0.594841 0.919613 0.569059 0.941157 0.568675 0.919147 0.542892 0.940691 0.542509 0.918681 0.516726 0.940225 0.516342 0.957703 0.272302 0.936159 0.272643 0.935745 0.246475 0.957290 0.246135 0.935331 0.220308 0.956876 0.219967 0.934918 0.194141 0.956463 0.193800 0.934504 0.167973 0.956049 0.167633 0.946047 0.510721 0.924515 0.511522 0.923542 0.485370 0.945075 0.484569 0.922570 0.459217 0.944103 0.458416 0.921597 0.433064 0.943130 0.432264 0.409447 0.237793 0.397562 0.214467 0.379051 0.195954 0.355725 0.184068 0.329867 0.179972 0.304010 0.184067 
						0.280683 0.195952 0.262171 0.214463 0.250285 0.237789 0.246189 0.263646 0.250284 0.289504 0.262168 0.312831 0.280680 0.331343 0.304006 0.343229 0.329863 0.347325 0.355720 0.343230 0.379047 0.331346 0.397559 0.312834 0.409445 0.289508 0.413541 0.263651 0.376115 0.644620 0.375621 0.509716 0.400873 0.509951 0.400997 0.644679 0.425949 0.510821 0.426049 0.644797 0.105122 0.584243 0.105380 0.718677 0.080281 0.718900 0.080084 0.584296 0.055171 0.718975 0.055055 0.584324 0.030066 0.718964 0.030022 0.584325 0.004994 0.718798 0.004956 0.584311 0.423379 0.312057 0.420891 0.178456 0.446074 0.177097 0.448288 0.311531 0.471358 0.176359 0.473120 0.311110 0.496679 0.175955 0.497926 0.310836 0.521992 0.175810 0.522744 0.310714 0.547245 0.175997 0.547625 0.310724 0.572322 0.176819 0.572678 0.310794 0.432489 0.760019 0.432231 0.625586 0.457330 0.625362 0.457527 0.759967 0.482440 0.625288 0.482556 0.759938 0.507545 0.625298 0.507589 0.759938 0.532617 0.625465 0.532655 0.759951 0.276748 0.645773 0.274515 0.512169 0.299701 0.510857 0.301658 0.645295 0.324986 0.510167 0.326491 0.644922 0.350308 0.509812 0.351297 0.644695 0.366396 0.141523 0.364672 0.140234 
						0.376248 0.117217 0.378304 0.117851 0.346789 0.160262 0.345472 0.158567 0.324537 0.174265 0.323699 0.172289 0.298670 0.178710 0.298618 0.176556 0.271281 0.174586 0.272143 0.172617 0.249583 0.159819 0.251098 0.158296 0.230628 0.141483 0.232376 0.140240 0.218804 0.118025 0.220848 0.117360 0.214542 0.092016 0.216692 0.091995 0.218452 0.065954 0.220508 0.066585 0.230191 0.042380 0.231936 0.043640 0.249359 0.023662 0.250756 0.025290 0.271383 0.009486 0.272277 0.011433 0.297594 0.004883 0.297622 0.007040 0.325095 0.008945 0.324218 0.010908 0.346928 0.023704 0.345406 0.025221 0.366055 0.042051 0.364305 0.043292 0.377988 0.065582 0.375942 0.066245 0.382274 0.091689 0.380124 0.091708 0.375653 0.506198 0.401019 0.506430 0.375668 0.504526 0.401091 0.504757 0.426243 0.507355 0.426510 0.505696 0.105498 0.722181 0.080316 0.722412 0.323014 0.170735 0.343609 0.159400 0.055177 0.722487 0.298599 0.174847 0.030041 0.722479 0.272901 0.171054 0.004883 0.722306 0.252870 0.159141 0.420542 0.174995 0.445854 0.173580 0.420245 0.173345 0.445748 0.171911 0.471253 0.172844 0.471201 0.171173 0.496639 0.172440 0.496619 0.170768 0.522018 0.172292 0.522029 0.170620 
						0.547384 0.172476 0.547452 0.170803 0.572610 0.173353 0.572873 0.171692 0.432113 0.622082 0.457295 0.621850 0.273036 0.012964 0.252554 0.024349 0.482434 0.621775 0.297624 0.008750 0.507570 0.621784 0.323448 0.012465 0.532728 0.621957 0.343649 0.024345 0.274173 0.508707 0.299488 0.507341 0.273880 0.507056 0.299385 0.505672 0.324887 0.506652 0.324840 0.504982 0.350274 0.506297 0.350257 0.504625 
					</float_array>
					<technique_common>
						<accessor count="598" offset="0" source="#meshId2-tex0-array" stride="2">
							<param name="S" type="float" />
							<param name="T" type="float" />
						</accessor>
					</technique_common>
				</source>
				<vertices id="meshId2-vertices">
					<input semantic="POSITION" source="#meshId2-positions" />
				</vertices>
				<polylist count="640" material="defaultMaterial">
					<input offset="0" semantic="VERTEX" source="#meshId2-vertices" />
					<input offset="0" semantic="NORMAL" source="#meshId2-normals" />
					<input offset="0" semantic="TANGENT" source="#meshId2-tangents" />
					<input offset="0" semantic="BINORMAL" source="#meshId2-bitangents" />
					<input offset="0" semantic="TEXCOORD" source="#meshId2-tex0" set="0" />
					<vcount>
						3 3 3 3 3 3 3 3 3 3 3 3 3 3 3 3 3 3 3 3 3 3 3 3 3 3 3 3 3 3 3 3 3 3 3 3 3 3 3 3 3 3 3 3 3 3 3 3 3 3 3 3 3 3 3 3 3 3 3 3 3 3 3 3 
						3 3 3 3 3 3 3 3 3 3 3 3 3 3 3 3 3 3 3 3 3 3 3 3 3 3 3 3 3 3 3 3 3 3 3 3 3 3 3 3 3 3 3 3 3 3 3 3 3 3 3 3 3 3 3 3 3 3 3 3 3 3 3 3 
						3 3 3 3 3 3 3 3 3 3 3 3 3 3 3 3 3 3 3 3 3 3 3 3 3 3 3 3 3 3 3 3 3 3 3 3 3 3 3 3 3 3 3 3 3 3 3 3 3 3 3 3 3 3 3 3 3 3 3 3 3 3 3 3 
						3 3 3 3 3 3 3 3 3 3 3 3 3 3 3 3 3 3 3 3 3 3 3 3 3 3 3 3 3 3 3 3 3 3 3 3 3 3 3 3 3 3 3 3 3 3 3 3 3 3 3 3 3 3 3 3 3 3 3 3 3 3 3 3 
						3 3 3 3 3 3 3 3 3 3 3 3 3 3 3 3 3 3 3 3 3 3 3 3 3 3 3 3 3 3 3 3 3 3 3 3 3 3 3 3 3 3 3 3 3 3 3 3 3 3 3 3 3 3 3 3 3 3 3 3 3 3 3 3 
						3 3 3 3 3 3 3 3 3 3 3 3 3 3 3 3 3 3 3 3 3 3 3 3 3 3 3 3 3 3 3 3 3 3 3 3 3 3 3 3 3 3 3 3 3 3 3 3 3 3 3 3 3 3 3 3 3 3 3 3 3 3 3 3 
						3 3 3 3 3 3 3 3 3 3 3 3 3 3 3 3 3 3 3 3 3 3 3 3 3 3 3 3 3 3 3 3 3 3 3 3 3 3 3 3 3 3 3 3 3 3 3 3 3 3 3 3 3 3 3 3 3 3 3 3 3 3 3 3 
						3 3 3 3 3 3 3 3 3 3 3 3 3 3 3 3 3 3 3 3 3 3 3 3 3 3 3 3 3 3 3 3 3 3 3 3 3 3 3 3 3 3 3 3 3 3 3 3 3 3 3 3 3 3 3 3 3 3 3 3 3 3 3 3 
						3 3 3 3 3 3 3 3 3 3 3 3 3 3 3 3 3 3 3 3 3 3 3 3 3 3 3 3 3 3 3 3 3 3 3 3 3 3 3 3 3 3 3 3 3 3 3 3 3 3 3 3 3 3 3 3 3 3 3 3 3 3 3 3 
						3 3 3 3 3 3 3 3 3 3 3 3 3 3 3 3 3 3 3 3 3 3 3 3 3 3 3 3 3 3 3 3 3 3 3 3 3 3 3 3 3 3 3 3 3 3 3 3 3 3 3 3 3 3 3 3 3 3 3 3 3 3 3 3 
					</vcount>
					<p>
						0 1 2 3 0 2 4 3 2 5 4 2 6 5 2 7 6 2 8 7 2 9 8 2 10 9 2 11 10 2 12 11 2 13 12 2 14 13 2 15 14 2 16 15 2 17 16 2 18 17 2 19 18 2 20 19 2 1 20 2 21 22 23 23 24 21 25 26 27 27 28 25 29 30 31 31 32 29 33 34 35 35 36 33 37 38 39 39 40 37 41 42 43 43 44 41 45 46 47 47 48 45 49 50 51 51 52 49 53 54 55 55 56 53 57 58 59 59 60 57 61 62 63 63 64 61 65 66 67 67 68 65 69 70 71 71 72 69 73 74 75 75 76 73 77 78 79 79 80 77 81 82 83 83 84 81 85 86 87 87 88 85 89 90 91 91 92 89 93 94 95 95 96 93 97 98 99 99 100 97 101 102 103 103 104 101 104 103 105 105 106 104 
						106 105 107 107 108 106 109 110 111 110 112 111 112 113 111 113 114 111 114 115 111 115 116 111 116 117 111 117 118 111 118 119 111 119 120 111 120 121 111 121 122 111 122 123 111 123 124 111 124 125 111 125 126 111 126 127 111 127 128 111 128 129 111 129 109 111 107 130 131 131 108 107 108 132 133 133 134 108 135 136 137 137 138 135 138 139 140 140 141 138 141 142 143 143 144 141 144 145 146 146 147 144 148 149 150 150 151 148 151 152 153 153 154 151 154 155 156 156 157 154 157 158 159 159 160 157 160 161 162 162 163 160 163 164 165 165 166 163 167 168 169 169 170 167 170 171 172 172 173 170 173 174 175 175 176 173 176 177 178 178 179 176 180 181 182 182 183 180 183 184 185 185 186 183 186 187 188 188 189 186 189 190 191 191 107 189 192 106 108 108 134 192 
						193 194 195 195 196 193 197 104 106 106 192 197 198 199 135 135 138 198 200 193 196 196 201 200 202 203 199 199 198 202 204 198 138 138 141 204 205 200 201 201 206 205 207 202 198 198 204 207 208 204 141 141 144 208 209 205 206 206 210 209 211 207 204 204 208 211 212 208 144 144 147 212 213 209 210 210 214 213 215 211 208 208 212 215 216 217 148 148 151 216 218 213 214 214 219 218 220 221 217 217 216 220 222 216 151 151 154 222 223 224 220 220 225 223 225 220 216 216 222 225 226 222 154 154 157 226 227 223 225 225 228 227 228 225 222 222 226 228 229 226 157 157 160 229 230 227 228 228 231 230 231 228 226 226 229 231 232 229 160 160 163 232 233 230 231 231 234 233 234 231 229 229 232 234 235 232 163 163 166 235 236 237 238 238 239 236 240 234 232 232 235 240 
						241 242 167 167 170 241 243 236 239 239 244 243 245 246 242 242 241 245 247 241 170 170 173 247 248 243 244 244 249 248 250 245 241 241 247 250 251 247 173 173 176 251 252 248 249 249 253 252 254 250 247 247 251 254 255 251 176 176 179 255 256 252 253 253 257 256 258 254 251 251 255 258 259 260 180 180 183 259 261 256 257 257 262 261 263 264 260 260 259 263 265 259 183 183 186 265 266 267 263 263 268 266 268 263 259 259 265 268 269 265 186 186 189 269 270 266 268 268 271 270 271 268 265 265 269 271 189 107 105 105 269 189 269 105 103 103 271 269 271 103 102 102 270 271 272 213 218 218 273 272 273 218 274 274 275 273 275 274 276 276 277 275 277 276 278 278 279 277 279 278 237 237 280 279 280 237 236 236 281 280 281 236 243 243 282 281 282 243 248 248 283 282 
						283 248 252 252 284 283 284 252 256 256 285 284 285 256 261 261 286 285 286 261 287 287 288 286 288 287 289 289 290 288 290 289 291 291 292 290 292 291 194 194 293 292 293 194 193 193 294 293 294 193 200 200 295 294 295 200 205 205 296 295 296 205 209 209 297 296 297 209 213 213 272 297 298 299 300 300 301 298 301 300 302 302 303 301 304 305 306 306 307 304 307 306 308 308 309 307 309 308 310 310 311 309 311 310 312 312 313 311 314 315 316 316 317 314 317 316 318 318 319 317 319 318 320 320 321 319 321 320 322 322 323 321 323 322 324 324 325 323 325 324 326 326 327 325 328 329 330 330 331 328 331 330 332 332 333 331 333 332 334 334 335 333 335 334 336 336 337 335 338 339 340 340 341 338 341 340 342 342 343 341 343 342 344 344 345 343 345 344 299 299 298 345 
						297 272 346 346 347 297 348 349 312 312 310 348 316 315 350 350 351 316 351 350 352 352 353 351 318 316 351 351 354 318 354 351 353 353 355 354 320 318 354 354 356 320 356 354 355 355 357 356 322 320 356 356 358 322 358 356 357 357 359 358 324 322 358 358 360 324 360 358 359 359 361 360 326 324 360 360 362 326 362 360 361 361 363 362 330 329 364 364 365 330 366 367 281 281 282 366 332 330 365 365 368 332 369 366 282 282 283 369 334 332 368 368 370 334 371 369 283 283 284 371 336 334 370 370 372 336 373 371 284 284 285 373 340 339 374 374 375 340 375 374 376 376 377 375 342 340 375 375 378 342 378 375 377 377 379 378 344 342 378 378 380 344 380 378 379 379 381 380 299 344 380 380 382 299 382 380 381 381 383 382 300 299 382 382 384 300 384 382 383 383 385 384 
						302 300 384 384 386 302 386 384 385 385 387 386 306 305 388 388 389 306 390 391 294 294 295 390 308 306 389 389 392 308 393 390 295 295 296 393 310 308 392 392 348 310 347 393 296 296 297 347 394 395 396 396 397 394 397 396 398 398 399 397 400 401 402 402 403 400 403 402 404 404 405 403 405 404 406 406 407 405 407 406 408 408 409 407 410 411 412 412 413 410 413 412 414 414 415 413 415 414 416 416 417 415 417 416 418 418 419 417 419 418 420 420 421 419 421 420 422 422 423 421 424 425 426 426 427 424 427 426 428 428 429 427 429 428 430 430 431 429 431 430 432 432 433 431 434 435 436 436 437 434 437 436 438 438 439 437 439 438 440 440 441 439 441 440 395 395 394 441 442 1 0 0 443 442 443 0 3 3 444 443 444 3 4 4 445 444 445 4 5 5 446 445 
						446 5 6 6 447 446 447 6 7 7 448 447 448 7 8 8 449 448 449 8 9 9 450 449 450 9 10 10 451 450 451 10 11 11 452 451 452 11 12 12 453 452 453 12 13 13 454 453 454 13 14 14 455 454 455 14 15 15 456 455 456 15 16 16 457 456 457 16 17 17 458 457 458 17 18 18 459 458 459 18 19 19 460 459 460 19 20 20 461 460 461 20 1 1 442 461 462 463 464 464 465 462 465 464 466 466 467 465 468 469 470 470 471 468 471 470 472 472 473 471 473 472 474 474 475 473 475 474 476 476 477 475 478 479 480 480 481 478 481 480 482 482 483 481 483 482 484 484 485 483 485 484 486 486 487 485 487 486 488 488 489 487 489 488 490 490 491 489 492 493 494 494 495 492 495 494 496 496 497 495 497 496 498 498 499 497 499 498 500 500 501 499 
						502 503 504 504 505 502 505 504 506 506 507 505 507 506 508 508 509 507 509 508 463 463 462 509 510 511 512 512 513 510 514 515 511 511 510 514 516 517 515 515 514 516 518 519 517 517 516 518 520 521 519 519 518 520 522 523 521 521 520 522 524 525 523 523 522 524 526 527 525 525 524 526 528 529 527 527 526 528 530 531 529 529 528 530 532 533 531 531 530 532 534 535 533 533 532 534 536 537 535 535 534 536 538 539 537 537 536 538 540 541 539 539 538 540 542 543 541 541 540 542 544 545 543 543 542 544 546 547 545 545 544 546 548 549 547 547 546 548 513 512 549 549 548 513 464 463 550 550 551 464 551 550 552 552 553 551 466 464 551 551 554 466 554 551 553 553 555 554 470 469 556 556 557 470 558 559 515 515 517 558 472 470 557 557 560 472 561 558 517 517 519 561 
						474 472 560 560 562 474 563 561 519 519 521 563 476 474 562 562 564 476 565 563 521 521 523 565 480 479 566 566 567 480 567 566 568 568 569 567 482 480 567 567 570 482 570 567 569 569 571 570 484 482 570 570 572 484 572 570 571 571 573 572 486 484 572 572 574 486 574 572 573 573 575 574 488 486 574 574 576 488 576 574 575 575 577 576 490 488 576 576 578 490 578 576 577 577 579 578 494 493 580 580 581 494 582 583 535 535 537 582 496 494 581 581 584 496 585 582 537 537 539 585 498 496 584 584 586 498 587 585 539 539 541 587 500 498 586 586 588 500 589 587 541 541 543 589 504 503 590 590 591 504 591 590 592 592 593 591 506 504 591 591 594 506 594 591 593 593 595 594 508 506 594 594 596 508 596 594 595 595 597 596 597 552 550 550 596 597 596 550 463 463 508 596 
					</p>
				</polylist>
			</mesh>
		</geometry>
		<geometry id="meshId3" name="meshId3_name" >
			<mesh>
				<source id="meshId3-positions" name="meshId3-positions">
					<float_array id="meshId3-positions-array" count="1806"> 
						0.951054 0.999994 -0.309017 0.951054 -0.701668 -0.309017 0.809018 -0.701668 -0.587786 0.809018 0.999994 -0.587786 0.587787 -0.701668 -0.809017 0.587787 0.999994 -0.809017 0.587787 0.999994 -0.809017 0.587787 -0.701668 -0.809017 0.309014 -0.701668 -0.951057 0.309014 0.999994 -0.951057 -0.000005 -0.701668 -1.000001 -0.000005 0.999994 -1.000001 -0.309017 -0.701668 -0.951057 -0.309017 0.999994 -0.951057 -0.587787 -0.701668 -0.809017 -0.587787 0.999994 -0.809017 -0.587787 0.999994 -0.809017 -0.587787 -0.701668 -0.809017 -0.809020 -0.701668 -0.587785 -0.809020 0.999994 -0.587785 -0.951057 -0.701668 -0.309017 -0.951057 0.999994 -0.309017 -0.999999 -0.701668 -0.000000 -0.999999 0.999994 -0.000000 -0.951057 -0.701668 0.309017 -0.951057 0.999994 0.309017 -0.809020 -0.701668 0.587785 -0.809020 0.999994 0.587785 -0.587787 -0.701668 0.809017 -0.587787 0.999994 0.809017 -0.587787 0.999994 0.809017 -0.587787 -0.701668 0.809017 -0.309017 -0.701668 0.951057 -0.309017 0.999994 0.951057 -0.000005 -0.701668 1.000000 -0.000005 0.999994 1.000000 0.309014 -0.701668 0.951057 0.309014 0.999994 0.951057 0.587784 -0.701668 0.809017 0.587784 0.999994 0.809017 0.587784 0.999994 0.809017 0.587784 -0.701668 0.809017 0.809018 -0.701668 0.587785 0.809018 0.999994 0.587785 0.951054 -0.701668 0.309017 0.951054 0.999994 0.309017 0.999999 -0.701668 -0.000000 0.999999 0.999994 -0.000000 1.025246 -1.184051 -0.744888 1.205255 -1.184051 -0.391611 -0.000005 -0.999999 -0.000000 0.744887 -1.184051 -1.025251 0.391611 -1.184051 -1.205255 -0.000005 -1.184051 -1.267279 -0.391614 -1.184051 -1.205254 -0.744887 -1.184051 -1.025250 -1.025256 -1.184051 -0.744888 -1.205255 -1.184051 -0.391611 -1.267280 -1.184051 0.000000 -1.205255 -1.184051 0.391611 -1.025256 -1.184051 0.744888 -0.744887 -1.184051 1.025250 -0.391614 -1.184051 1.205254 -0.000005 -1.184051 1.267279 
						0.391611 -1.184051 1.205254 0.744887 -1.184051 1.025250 1.025246 -1.184051 0.744888 1.205255 -1.184051 0.391611 1.267278 -1.184051 0.000000 0.016755 3.947339 -0.005445 0.014254 3.947339 -0.010357 -0.000005 3.947339 0.000000 0.010358 3.947339 -0.014255 0.005441 3.947339 -0.016758 -0.000005 3.947339 -0.017620 -0.005450 3.947339 -0.016758 -0.010358 3.947339 -0.014255 -0.014256 3.947339 -0.010357 -0.016757 3.947339 -0.005445 -0.017619 3.947339 0.000000 -0.016757 3.947339 0.005445 -0.014256 3.947339 0.010357 -0.010358 3.947339 0.014255 -0.005450 3.947339 0.016758 -0.000005 3.947339 0.017620 0.005441 3.947339 0.016758 0.010358 3.947339 0.014255 0.014254 3.947339 0.010357 0.016755 3.947339 0.005445 0.017617 3.947339 0.000000 0.265590 0.999994 -0.817407 0.309014 0.999994 -0.951057 -0.000005 0.999994 -1.000001 -0.000005 0.999994 -0.859473 -0.309017 0.999994 -0.951057 -0.265592 0.999994 -0.817407 -0.587787 0.999994 -0.809017 -0.505187 0.999994 -0.695328 -0.809020 0.999994 -0.587785 -0.695327 0.999994 -0.505185 -0.951057 0.999994 -0.309017 -0.817412 0.999994 -0.265592 -0.999999 0.999994 -0.000000 -0.859472 0.999994 0.000000 -0.951057 0.999994 0.309017 -0.817412 0.999994 0.265592 -0.809020 0.999994 0.587785 -0.695327 0.999994 0.505185 -0.587787 0.999994 0.809017 -0.505187 0.999994 0.695328 -0.309017 0.999994 0.951057 -0.265592 0.999994 0.817407 -0.000005 0.999994 1.000000 -0.000005 0.999994 0.859473 0.309014 0.999994 0.951057 0.265590 0.999994 0.817407 0.587784 0.999994 0.809017 0.505185 0.999994 0.695328 0.809018 0.999994 0.587785 0.695327 0.999994 0.505185 0.951054 0.999994 0.309017 0.817403 0.999994 0.265592 0.999999 0.999994 -0.000000 0.859470 0.999994 0.000000 0.951054 0.999994 -0.309017 0.817403 0.999994 -0.265592 0.809018 0.999994 -0.587786 0.695327 0.999994 -0.505185 
						0.587787 0.999994 -0.809017 0.505185 0.999994 -0.695328 0.549287 2.114368 -0.178475 0.817403 0.999994 -0.265592 0.695327 0.999994 -0.505185 0.467253 2.114368 -0.339480 0.505185 0.999994 -0.695328 0.339480 2.114368 -0.467254 0.339480 2.114368 -0.467254 0.505185 0.999994 -0.695328 0.265590 0.999994 -0.817407 0.178471 2.114368 -0.549290 -0.000005 0.999994 -0.859473 -0.000005 2.114368 -0.577557 -0.265592 0.999994 -0.817407 -0.178474 2.114368 -0.549290 -0.505187 0.999994 -0.695328 -0.339480 2.114368 -0.467254 -0.339480 2.114368 -0.467254 -0.505187 0.999994 -0.695328 -0.695327 0.999994 -0.505185 -0.467255 2.114368 -0.339480 -0.817412 0.999994 -0.265592 -0.549289 2.114368 -0.178475 -0.859472 0.999994 0.000000 -0.577558 2.114368 0.000000 -0.817412 0.999994 0.265592 -0.549289 2.114368 0.178475 -0.695327 0.999994 0.505185 -0.467255 2.114368 0.339480 -0.505187 0.999994 0.695328 -0.339480 2.114368 0.467254 -0.339480 2.114368 0.467254 -0.505187 0.999994 0.695328 -0.265592 0.999994 0.817407 -0.178474 2.114368 0.549289 -0.000005 0.999994 0.859473 -0.000005 2.114368 0.577557 0.265590 0.999994 0.817407 0.178471 2.114368 0.549289 0.505185 0.999994 0.695328 0.339480 2.114368 0.467254 0.339480 2.114368 0.467254 0.505185 0.999994 0.695328 0.695327 0.999994 0.505185 0.467253 2.114368 0.339480 0.817403 0.999994 0.265592 0.549287 2.114368 0.178475 0.859470 0.999994 0.000000 0.577556 2.114368 0.000000 0.549295 2.114368 -0.178476 0.549287 2.114368 -0.178475 0.467253 2.114368 -0.339480 0.467256 2.114368 -0.339483 0.339480 2.114368 -0.467254 0.339480 2.114368 -0.467258 0.178471 2.114368 -0.549290 0.178471 2.114368 -0.549294 -0.000005 2.114368 -0.577557 -0.000005 2.114368 -0.577562 -0.178474 2.114368 -0.549290 -0.178481 2.114368 -0.549294 -0.339480 2.114368 -0.467254 -0.339483 2.114368 -0.467258 
						-0.467255 2.114368 -0.339480 -0.467258 2.114368 -0.339483 -0.549289 2.114368 -0.178475 -0.549294 2.114368 -0.178476 -0.577558 2.114368 0.000000 -0.577563 2.114368 0.000000 -0.549289 2.114368 0.178475 -0.549294 2.114368 0.178477 -0.467255 2.114368 0.339480 -0.467258 2.114368 0.339483 -0.339480 2.114368 0.467254 -0.339483 2.114368 0.467258 -0.178474 2.114368 0.549289 -0.178481 2.114368 0.549294 -0.000005 2.114368 0.577557 -0.000005 2.114368 0.577562 0.178471 2.114368 0.549289 0.178471 2.114368 0.549294 0.339480 2.114368 0.467254 0.339480 2.114368 0.467258 0.467253 2.114368 0.339480 0.467256 2.114368 0.339483 0.549287 2.114368 0.178475 0.549295 2.114368 0.178476 0.577556 2.114368 0.000000 0.577563 2.114368 0.000000 0.491965 2.368134 -0.357434 0.419449 2.347942 -0.304747 0.493091 2.347942 -0.160215 0.578336 2.368134 -0.187914 0.357434 2.368134 -0.491966 0.304747 2.347942 -0.419449 0.187915 2.368134 -0.578340 0.160214 2.347942 -0.493092 -0.000005 2.368134 -0.608102 -0.000005 2.347942 -0.518467 -0.187915 2.368134 -0.578340 -0.160214 2.347942 -0.493092 -0.357436 2.368134 -0.491966 -0.304749 2.347942 -0.419449 -0.491967 2.368134 -0.357434 -0.419452 2.347942 -0.304747 -0.578345 2.368134 -0.187914 -0.493091 2.347942 -0.160215 -0.608101 2.368134 0.000000 -0.518470 2.347942 0.000000 -0.578345 2.368134 0.187914 -0.493091 2.347942 0.160215 -0.491967 2.368134 0.357434 -0.419452 2.347942 0.304747 -0.357436 2.368134 0.491966 -0.304749 2.347942 0.419449 -0.187915 2.368134 0.578340 -0.160214 2.347942 0.493091 -0.000005 2.368134 0.608102 -0.000005 2.347942 0.518467 0.187915 2.368134 0.578339 0.160214 2.347942 0.493091 0.357434 2.368134 0.491966 0.304747 2.347942 0.419449 0.491965 2.368134 0.357434 0.419449 2.347942 0.304747 0.578336 2.368134 0.187914 0.493091 2.347942 0.160215 
						0.608102 2.368134 0.000000 0.518467 2.347942 0.000000 0.507781 2.290857 -0.368924 0.596927 2.290857 -0.193955 0.602357 2.208007 -0.195718 0.512397 2.208007 -0.372278 0.583310 2.137135 -0.189529 0.496192 2.137135 -0.360505 0.496192 2.137135 -0.360505 0.583310 2.137135 -0.189529 0.578336 2.368134 -0.187914 0.491965 2.368134 -0.357434 0.368922 2.290857 -0.507781 0.357434 2.368134 -0.491966 0.357434 2.368134 -0.491966 0.368922 2.290857 -0.507781 0.193954 2.290857 -0.596932 0.187915 2.368134 -0.578340 -0.000005 2.290857 -0.627651 -0.000005 2.368134 -0.608102 -0.193956 2.290857 -0.596932 -0.187915 2.368134 -0.578340 -0.368925 2.290857 -0.507781 -0.357436 2.368134 -0.491966 -0.357436 2.368134 -0.491966 -0.368925 2.290857 -0.507781 -0.507783 2.290857 -0.368924 -0.491967 2.368134 -0.357434 -0.596936 2.290857 -0.193955 -0.578345 2.368134 -0.187914 -0.627654 2.290857 0.000000 -0.608101 2.368134 0.000000 -0.596936 2.290857 0.193955 -0.578345 2.368134 0.187914 -0.507783 2.290857 0.368924 -0.491967 2.368134 0.357434 -0.368925 2.290857 0.507781 -0.357436 2.368134 0.491966 -0.357436 2.368134 0.491966 -0.368925 2.290857 0.507781 -0.193956 2.290857 0.596932 -0.187915 2.368134 0.578340 -0.000005 2.290857 0.627652 -0.000005 2.368134 0.608102 0.193954 2.290857 0.596932 0.187915 2.368134 0.578339 0.368922 2.290857 0.507782 0.357434 2.368134 0.491966 0.357434 2.368134 0.491966 0.368922 2.290857 0.507782 0.507781 2.290857 0.368924 0.491965 2.368134 0.357434 0.596927 2.290857 0.193954 0.578336 2.368134 0.187914 0.627652 2.290857 0.000000 0.608102 2.368134 0.000000 0.360505 2.137135 -0.496193 0.372275 2.208007 -0.512397 0.360505 2.137135 -0.496193 0.189527 2.137135 -0.583309 0.372275 2.208007 -0.512397 0.195717 2.208007 -0.602358 0.360505 2.137135 -0.496193 0.189527 2.137135 -0.583309 
						-0.000005 2.137135 -0.613327 -0.000005 2.208007 -0.633356 -0.000005 2.137135 -0.613327 -0.189529 2.137135 -0.583309 -0.195720 2.208007 -0.602358 -0.189529 2.137135 -0.583309 -0.360505 2.137135 -0.496193 -0.372278 2.208007 -0.512397 -0.360505 2.137135 -0.496193 -0.496192 2.137135 -0.360505 -0.372278 2.208007 -0.512397 -0.512399 2.208007 -0.372278 -0.360505 2.137135 -0.496193 -0.496192 2.137135 -0.360505 -0.583310 2.137135 -0.189528 -0.602357 2.208007 -0.195718 -0.583310 2.137135 -0.189528 -0.613328 2.137135 0.000000 -0.549294 2.114368 -0.178476 -0.577563 2.114368 0.000000 -0.633361 2.208007 0.000000 -0.583310 2.137135 0.189529 -0.549294 2.114368 0.178477 -0.602357 2.208007 0.195718 -0.496192 2.137135 0.360505 -0.583310 2.137135 0.189529 -0.512399 2.208007 0.372278 -0.496192 2.137135 0.360505 -0.360505 2.137135 0.496192 -0.372278 2.208007 0.512396 -0.360505 2.137135 0.496192 -0.189529 2.137135 0.583309 -0.372278 2.208007 0.512396 -0.195720 2.208007 0.602358 -0.360505 2.137135 0.496192 -0.189529 2.137135 0.583309 -0.000005 2.137135 0.613327 -0.000005 2.208007 0.633356 -0.000005 2.137135 0.613327 0.189527 2.137135 0.583309 0.195717 2.208007 0.602358 0.189527 2.137135 0.583309 0.360505 2.137135 0.496193 0.372275 2.208007 0.512397 0.360505 2.137135 0.496193 0.496192 2.137135 0.360505 0.372275 2.208007 0.512397 0.512397 2.208007 0.372278 0.360505 2.137135 0.496193 0.496192 2.137135 0.360505 0.583308 2.137135 0.189528 0.602357 2.208007 0.195718 0.583308 2.137135 0.189528 0.613328 2.137135 0.000000 0.549295 2.114368 0.178476 0.577563 2.114368 0.000000 0.633356 2.208007 0.000000 0.549295 2.114368 -0.178476 0.199666 3.263095 -0.064874 0.493091 2.347942 -0.160215 0.419449 2.347942 -0.304747 0.169845 3.263095 -0.123399 0.304747 2.347942 -0.419449 0.123401 3.263095 -0.169845 
						0.123401 3.263095 -0.169845 0.304747 2.347942 -0.419449 0.160214 2.347942 -0.493092 0.064875 3.263095 -0.199665 -0.000005 2.347942 -0.518467 -0.000005 3.263095 -0.209940 -0.160214 2.347942 -0.493092 -0.064875 3.263095 -0.199665 -0.304749 2.347942 -0.419449 -0.123401 3.263095 -0.169846 -0.123401 3.263095 -0.169846 -0.304749 2.347942 -0.419449 -0.419452 2.347942 -0.304747 -0.169845 3.263095 -0.123399 -0.493091 2.347942 -0.160215 -0.199668 3.263095 -0.064874 -0.518470 2.347942 0.000000 -0.209941 3.263095 0.000000 -0.493091 2.347942 0.160215 -0.199668 3.263095 0.064875 -0.419452 2.347942 0.304747 -0.169845 3.263095 0.123399 -0.304749 2.347942 0.419449 -0.123401 3.263095 0.169846 -0.123401 3.263095 0.169846 -0.304749 2.347942 0.419449 -0.160214 2.347942 0.493091 -0.064875 3.263095 0.199665 -0.000005 2.347942 0.518467 -0.000005 3.263095 0.209940 0.160214 2.347942 0.493091 0.064875 3.263095 0.199665 0.304747 2.347942 0.419449 0.123401 3.263095 0.169846 0.123401 3.263095 0.169846 0.304747 2.347942 0.419449 0.419449 2.347942 0.304747 0.169845 3.263095 0.123401 0.493091 2.347942 0.160215 0.199666 3.263095 0.064874 0.518467 2.347942 0.000000 0.209939 3.263095 0.000000 -0.000005 3.263089 -0.193011 -0.000005 3.263095 -0.209940 -0.064875 3.263095 -0.199665 -0.059644 3.263089 -0.183565 -0.123401 3.263095 -0.169846 -0.113454 3.263089 -0.156150 -0.169845 3.263095 -0.123399 -0.156154 3.263089 -0.113449 -0.199668 3.263095 -0.064874 -0.183568 3.263089 -0.059643 -0.209941 3.263095 0.000000 -0.193012 3.263089 0.000000 -0.199668 3.263095 0.064875 -0.183568 3.263089 0.059643 -0.169845 3.263095 0.123399 -0.156154 3.263089 0.113449 -0.123401 3.263095 0.169846 -0.113454 3.263089 0.156150 -0.064875 3.263095 0.199665 -0.059644 3.263089 0.183565 -0.000005 3.263095 0.209940 -0.000005 3.263089 0.193012 
						0.064875 3.263095 0.199665 0.059642 3.263089 0.183565 0.123401 3.263095 0.169846 0.113444 3.263089 0.156150 0.169845 3.263095 0.123401 0.156146 3.263089 0.113450 0.199666 3.263095 0.064874 0.183566 3.263089 0.059643 0.209939 3.263095 0.000000 0.193009 3.263089 0.000000 0.199666 3.263095 -0.064874 0.183566 3.263089 -0.059643 0.169845 3.263095 -0.123399 0.156146 3.263089 -0.113449 0.123401 3.263095 -0.169845 0.113444 3.263089 -0.156149 0.064875 3.263095 -0.199665 0.059642 3.263089 -0.183565 0.016755 3.947339 -0.005445 0.183566 3.263089 -0.059643 0.156146 3.263089 -0.113449 0.014254 3.947339 -0.010357 0.113444 3.263089 -0.156149 0.010358 3.947339 -0.014255 0.010358 3.947339 -0.014255 0.113444 3.263089 -0.156149 0.059642 3.263089 -0.183565 0.005441 3.947339 -0.016758 -0.000005 3.263089 -0.193011 -0.000005 3.947339 -0.017620 -0.059644 3.263089 -0.183565 -0.005450 3.947339 -0.016758 -0.113454 3.263089 -0.156150 -0.010358 3.947339 -0.014255 -0.010358 3.947339 -0.014255 -0.113454 3.263089 -0.156150 -0.156154 3.263089 -0.113449 -0.014256 3.947339 -0.010357 -0.183568 3.263089 -0.059643 -0.016757 3.947339 -0.005445 -0.193012 3.263089 0.000000 -0.017619 3.947339 0.000000 -0.183568 3.263089 0.059643 -0.016757 3.947339 0.005445 -0.156154 3.263089 0.113449 -0.014256 3.947339 0.010357 -0.113454 3.263089 0.156150 -0.010358 3.947339 0.014255 -0.010358 3.947339 0.014255 -0.113454 3.263089 0.156150 -0.059644 3.263089 0.183565 -0.005450 3.947339 0.016758 -0.000005 3.263089 0.193012 -0.000005 3.947339 0.017620 0.059642 3.263089 0.183565 0.005441 3.947339 0.016758 0.113444 3.263089 0.156150 0.010358 3.947339 0.014255 0.010358 3.947339 0.014255 0.113444 3.263089 0.156150 0.156146 3.263089 0.113450 0.014254 3.947339 0.010357 0.183566 3.263089 0.059643 0.016755 3.947339 0.005445 
						0.193009 3.263089 0.000000 0.017617 3.947339 0.000000 0.951054 -0.701668 -0.309017 1.205255 -0.728854 -0.391611 1.025246 -0.728854 -0.744888 0.809018 -0.701668 -0.587786 0.744887 -0.728854 -1.025251 0.587787 -0.701668 -0.809017 0.391611 -0.728854 -1.205255 0.309014 -0.701668 -0.951057 -0.000005 -0.728854 -1.267279 -0.000005 -0.701668 -1.000001 -0.391614 -0.728854 -1.205254 -0.309017 -0.701668 -0.951057 -0.744887 -0.728854 -1.025251 -0.587787 -0.701668 -0.809017 -1.025256 -0.728854 -0.744888 -0.809020 -0.701668 -0.587785 -1.205255 -0.728854 -0.391611 -0.951057 -0.701668 -0.309017 -1.267280 -0.728854 0.000000 -0.999999 -0.701668 -0.000000 -1.205255 -0.728854 0.391611 -0.951057 -0.701668 0.309017 -1.025256 -0.728854 0.744888 -0.809020 -0.701668 0.587785 -0.744887 -0.728854 1.025250 -0.587787 -0.701668 0.809017 -0.391614 -0.728854 1.205254 -0.309017 -0.701668 0.951057 -0.000005 -0.728854 1.267279 -0.000005 -0.701668 1.000000 0.391611 -0.728854 1.205254 0.309014 -0.701668 0.951057 0.744887 -0.728854 1.025250 0.587784 -0.701668 0.809017 1.025246 -0.728854 0.744888 0.809018 -0.701668 0.587785 1.205255 -0.728854 0.391611 0.951054 -0.701668 0.309017 1.267278 -0.728854 0.000000 0.999999 -0.701668 -0.000000 1.205255 -0.728854 -0.391611 1.205255 -1.184051 -0.391611 1.025246 -1.184051 -0.744888 1.025246 -0.728854 -0.744888 0.744887 -1.184051 -1.025251 0.744887 -0.728854 -1.025251 0.744887 -0.728854 -1.025251 0.744887 -1.184051 -1.025251 0.391611 -1.184051 -1.205255 0.391611 -0.728854 -1.205255 -0.000005 -1.184051 -1.267279 -0.000005 -0.728854 -1.267279 -0.391614 -1.184051 -1.205254 -0.391614 -0.728854 -1.205254 -0.744887 -1.184051 -1.025250 -0.744887 -0.728854 -1.025251 -0.744887 -0.728854 -1.025251 -0.744887 -1.184051 -1.025250 -1.025256 -1.184051 -0.744888 -1.025256 -0.728854 -0.744888 -1.205255 -1.184051 -0.391611 -1.205255 -0.728854 -0.391611 
						-1.267280 -1.184051 0.000000 -1.267280 -0.728854 0.000000 -1.205255 -1.184051 0.391611 -1.205255 -0.728854 0.391611 -1.025256 -1.184051 0.744888 -1.025256 -0.728854 0.744888 -0.744887 -1.184051 1.025250 -0.744887 -0.728854 1.025250 -0.744887 -0.728854 1.025250 -0.744887 -1.184051 1.025250 -0.391614 -1.184051 1.205254 -0.391614 -0.728854 1.205254 -0.000005 -1.184051 1.267279 -0.000005 -0.728854 1.267279 0.391611 -1.184051 1.205254 0.391611 -0.728854 1.205254 0.744887 -1.184051 1.025250 0.744887 -0.728854 1.025250 0.744887 -0.728854 1.025250 0.744887 -1.184051 1.025250 1.025246 -1.184051 0.744888 1.025246 -0.728854 0.744888 1.205255 -1.184051 0.391611 1.205255 -0.728854 0.391611 1.267278 -1.184051 0.000000 1.267278 -0.728854 0.000000 
					</float_array>
					<technique_common>
						<accessor count="602" offset="0" source="#meshId3-positions-array" stride="3">
							<param name="X" type="float" />
							<param name="Y" type="float" />
							<param name="Z" type="float" />
						</accessor>
					</technique_common>
				</source>
				<source id="meshId3-normals" name="meshId3-normals">
					<float_array id="meshId3-normals-array" count="1806"> 
						0.930573 0.078364 -0.357621 0.952189 0.165603 -0.256733 0.826254 0.165600 -0.538406 0.774517 0.078364 -0.627681 0.619432 0.165602 -0.767385 0.542638 0.078363 -0.836304 0.542638 0.078363 -0.836304 0.619432 0.165602 -0.767385 0.351977 0.165603 -0.921243 0.257649 0.078363 -0.963056 0.050075 0.165602 -0.984921 -0.052560 0.078364 -0.995538 -0.256736 0.165603 -0.952188 -0.357626 0.078362 -0.930571 -0.538408 0.165603 -0.826252 -0.627682 0.078363 -0.774516 -0.627682 0.078363 -0.774516 -0.538408 0.165603 -0.826252 -0.767384 0.165603 -0.619433 -0.836303 0.078364 -0.542638 -0.921243 0.165603 -0.351975 -0.963056 0.078362 -0.257646 -0.984920 0.165603 -0.050073 -0.995539 0.078362 0.052558 -0.952190 0.165603 0.256728 -0.930574 0.078361 0.357619 -0.826252 0.165604 0.538407 -0.774514 0.078364 0.627684 -0.619431 0.165601 0.767387 -0.542639 0.078363 0.836303 -0.542639 0.078363 0.836303 -0.619431 0.165601 0.767387 -0.351982 0.165602 0.921241 -0.257653 0.078363 0.963054 -0.050075 0.165604 0.984920 0.052559 0.078362 0.995538 0.256732 0.165602 0.952189 0.357623 0.078363 0.930572 0.538408 0.165601 0.826252 0.627682 0.078363 0.774516 0.627682 0.078363 0.774516 0.538408 0.165601 0.826252 0.767384 0.165602 0.619433 0.836303 0.078364 0.542638 0.921243 0.165603 0.351977 0.963055 0.078364 0.257651 0.984920 0.165603 0.050076 0.995538 0.078364 -0.052561 0.311722 -0.930205 -0.193775 0.356343 -0.930205 -0.087961 -0.000000 -1.000000 0.000000 0.236587 -0.930205 -0.280615 0.138291 -0.930205 -0.339990 0.026460 -0.930204 -0.366087 -0.087963 -0.930205 -0.356345 -0.193773 -0.930205 -0.311722 -0.280617 -0.930204 -0.236589 -0.339994 -0.930205 -0.138289 -0.366087 -0.930204 -0.026460 -0.356347 -0.930204 0.087961 -0.311722 -0.930205 0.193771 -0.236586 -0.930204 0.280620 -0.138293 -0.930205 0.339991 -0.026460 -0.930205 0.366085 
						0.087961 -0.930205 0.356346 0.193774 -0.930205 0.311722 0.280617 -0.930205 0.236585 0.339990 -0.930205 0.138294 0.366085 -0.930205 0.026459 0.873021 0.249820 -0.418837 0.700893 0.249815 -0.668088 0.000000 1.000000 0.000000 0.460129 0.249819 -0.851981 0.174305 0.249820 -0.952475 -0.128538 0.249819 -0.959723 -0.418815 0.249817 -0.873032 -0.668139 0.249819 -0.700843 -0.851998 0.249821 -0.460097 -0.952483 0.249820 -0.174259 -0.959728 0.249820 0.128499 -0.873047 0.249821 0.418782 -0.700900 0.249821 0.668078 -0.460122 0.249817 0.851985 -0.174340 0.249818 0.952469 0.128525 0.249819 0.959725 0.418796 0.249820 0.873041 0.668064 0.249818 0.700914 0.851987 0.249818 0.460118 0.952482 0.249821 0.174260 0.959728 0.249821 -0.128498 0.321611 0.372960 -0.870326 0.257649 0.078363 -0.963056 -0.052560 0.078364 -0.995538 0.036929 0.372960 -0.927112 -0.357626 0.078362 -0.930571 -0.251374 0.372962 -0.893146 -0.627682 0.078363 -0.774516 -0.515065 0.372962 -0.771756 -0.836303 0.078364 -0.542638 -0.728340 0.372960 -0.574823 -0.963056 0.078362 -0.257646 -0.870325 0.372960 -0.321614 -0.995539 0.078362 0.052558 -0.927113 0.372959 -0.036931 -0.930574 0.078361 0.357619 -0.893147 0.372961 0.251373 -0.774514 0.078364 0.627684 -0.771754 0.372963 0.515067 -0.542639 0.078363 0.836303 -0.574820 0.372960 0.728343 -0.257653 0.078363 0.963054 -0.321616 0.372960 0.870324 0.052559 0.078362 0.995538 -0.036930 0.372962 0.927111 0.357623 0.078363 0.930572 0.251370 0.372961 0.893148 0.627682 0.078363 0.774516 0.515062 0.372960 0.771759 0.836303 0.078364 0.542638 0.728346 0.372961 0.574815 0.963055 0.078364 0.257651 0.870325 0.372961 0.321611 0.995538 0.078364 -0.052561 0.927112 0.372962 0.036931 0.930573 0.078364 -0.357621 0.893148 0.372961 -0.251370 0.774517 0.078364 -0.627681 0.771759 0.372962 -0.515060 
						0.542638 0.078363 -0.836304 0.574819 0.372962 -0.728342 0.906404 0.215174 -0.363501 0.893148 0.372961 -0.251370 0.771759 0.372962 -0.515060 0.749712 0.215178 -0.625804 0.574819 0.372962 -0.728342 0.519626 0.215180 -0.826853 0.519626 0.215180 -0.826853 0.574819 0.372962 -0.728342 0.321611 0.372960 -0.870326 0.238683 0.215179 -0.946957 0.036929 0.372960 -0.927112 -0.065623 0.215179 -0.974367 -0.251374 0.372962 -0.893146 -0.363507 0.215178 -0.906400 -0.515065 0.372962 -0.771756 -0.625808 0.215179 -0.749708 -0.625808 0.215179 -0.749708 -0.515065 0.372962 -0.771756 -0.728340 0.372960 -0.574823 -0.826847 0.215180 -0.519636 -0.870325 0.372960 -0.321614 -0.946959 0.215181 -0.238676 -0.927113 0.372959 -0.036931 -0.974368 0.215179 0.065612 -0.893147 0.372961 0.251373 -0.906397 0.215181 0.363514 -0.771754 0.372963 0.515067 -0.749711 0.215179 0.625804 -0.574820 0.372960 0.728343 -0.519626 0.215180 0.826853 -0.519626 0.215180 0.826853 -0.574820 0.372960 0.728343 -0.321616 0.372960 0.870324 -0.238689 0.215178 0.946956 -0.036930 0.372962 0.927111 0.065623 0.215178 0.974367 0.251370 0.372961 0.893148 0.363501 0.215179 0.906402 0.515062 0.372960 0.771759 0.625806 0.215179 0.749710 0.625806 0.215179 0.749710 0.515062 0.372960 0.771759 0.728346 0.372961 0.574815 0.826856 0.215179 0.519622 0.870325 0.372961 0.321611 0.946957 0.215175 0.238687 0.927112 0.372962 0.036931 0.974368 0.215174 -0.065624 0.906404 0.215174 -0.363501 0.906404 0.215174 -0.363501 0.749712 0.215178 -0.625804 0.749712 0.215178 -0.625804 0.519626 0.215180 -0.826853 0.519626 0.215180 -0.826853 0.238683 0.215179 -0.946957 0.238683 0.215179 -0.946957 -0.065623 0.215179 -0.974367 -0.065623 0.215179 -0.974367 -0.363507 0.215178 -0.906400 -0.363507 0.215178 -0.906400 -0.625808 0.215179 -0.749708 -0.625808 0.215179 -0.749708 
						-0.826847 0.215180 -0.519636 -0.826847 0.215180 -0.519636 -0.946959 0.215181 -0.238676 -0.946959 0.215181 -0.238676 -0.974368 0.215179 0.065612 -0.974368 0.215179 0.065612 -0.906397 0.215181 0.363514 -0.906397 0.215181 0.363514 -0.749711 0.215179 0.625804 -0.749711 0.215179 0.625804 -0.519626 0.215180 0.826853 -0.519626 0.215180 0.826853 -0.238689 0.215178 0.946956 -0.238689 0.215178 0.946956 0.065623 0.215178 0.974367 0.065623 0.215178 0.974367 0.363501 0.215179 0.906402 0.363501 0.215179 0.906402 0.625806 0.215179 0.749710 0.625806 0.215179 0.749710 0.826856 0.215179 0.519622 0.826856 0.215179 0.519622 0.946957 0.215175 0.238687 0.946957 0.215175 0.238687 0.974368 0.215174 -0.065624 0.974368 0.215174 -0.065624 0.370532 0.871320 -0.321726 0.744477 0.432827 -0.508346 0.865129 0.432825 -0.253405 0.451820 0.871318 -0.191476 0.252975 0.871322 -0.420478 0.550952 0.432828 -0.713520 0.110656 0.871323 -0.478072 0.303492 0.432828 -0.848853 -0.042489 0.871327 -0.488859 0.026332 0.432825 -0.901093 -0.191479 0.871322 -0.451812 -0.253412 0.432829 -0.865125 -0.321723 0.871324 -0.370526 -0.508340 0.432827 -0.744480 -0.420476 0.871322 -0.252978 -0.713527 0.432832 -0.550941 -0.478055 0.871332 -0.110651 -0.848849 0.432828 -0.303503 -0.488860 0.871327 0.042488 -0.901092 0.432828 -0.026327 -0.451801 0.871329 0.191474 -0.865127 0.432830 0.253404 -0.370522 0.871325 0.321725 -0.744476 0.432827 0.508346 -0.252973 0.871323 0.420478 -0.550950 0.432829 0.713522 -0.110658 0.871327 0.478062 -0.303497 0.432826 0.848853 0.042490 0.871320 0.488872 -0.026332 0.432830 0.901091 0.191475 0.871325 0.451807 0.253401 0.432825 0.865130 0.321725 0.871323 0.370527 0.508342 0.432826 0.744479 0.420480 0.871324 0.252965 0.713525 0.432826 0.550948 0.478078 0.871318 0.110666 0.848854 0.432823 0.303497 
						0.488870 0.871321 -0.042497 0.901093 0.432826 0.026328 0.828553 0.154993 -0.538031 0.954257 0.154998 -0.255673 0.945573 -0.092095 -0.312105 0.802840 -0.092121 -0.589034 0.811593 -0.507144 -0.290039 0.682237 -0.507155 -0.526638 0.682237 -0.507155 -0.526638 0.811593 -0.507144 -0.290039 0.451820 0.871318 -0.191476 0.370532 0.871320 -0.321726 0.621732 0.154980 -0.767744 0.252975 0.871322 -0.420478 0.252975 0.871322 -0.420478 0.621732 0.154980 -0.767744 0.354056 0.154979 -0.922294 0.110656 0.871323 -0.478072 0.051725 0.154983 -0.986562 -0.042489 0.871327 -0.488859 -0.255672 0.154985 -0.954260 -0.191479 0.871322 -0.451812 -0.538039 0.154979 -0.828550 -0.321723 0.871324 -0.370526 -0.321723 0.871324 -0.370526 -0.538039 0.154979 -0.828550 -0.767739 0.154983 -0.621738 -0.420476 0.871322 -0.252978 -0.922295 0.154961 -0.354060 -0.478055 0.871332 -0.110651 -0.986561 0.154993 -0.051725 -0.488860 0.871327 0.042488 -0.954262 0.154970 0.255671 -0.451801 0.871329 0.191474 -0.828547 0.154975 0.538045 -0.370522 0.871325 0.321725 -0.621732 0.154980 0.767744 -0.252973 0.871323 0.420478 -0.252973 0.871323 0.420478 -0.621732 0.154980 0.767744 -0.354060 0.154982 0.922292 -0.110658 0.871327 0.478062 -0.051726 0.154984 0.986562 0.042490 0.871320 0.488872 0.255666 0.154982 0.954262 0.191475 0.871325 0.451807 0.538039 0.154976 0.828551 0.321725 0.871323 0.370527 0.321725 0.871323 0.370527 0.538039 0.154976 0.828551 0.767745 0.154983 0.621729 0.420480 0.871324 0.252965 0.922291 0.154999 0.354054 0.478078 0.871318 0.110666 0.986560 0.154993 0.051729 0.488870 0.871321 -0.042497 0.486108 -0.507153 -0.711685 0.581527 -0.092119 -0.808295 0.486108 -0.507153 -0.711685 0.242389 -0.507156 -0.827067 0.581527 -0.092119 -0.808295 0.303285 -0.092122 -0.948436 0.486108 -0.507153 -0.711685 0.242389 -0.507156 -0.827067 
						-0.025047 -0.507150 -0.861494 -0.004637 -0.092125 -0.995737 -0.025047 -0.507150 -0.861494 -0.290040 -0.507144 -0.811592 -0.312112 -0.092125 -0.945568 -0.290040 -0.507144 -0.811592 -0.526638 -0.507148 -0.682242 -0.589030 -0.092126 -0.802843 -0.526638 -0.507148 -0.682242 -0.711685 -0.507154 -0.486106 -0.589030 -0.092126 -0.802843 -0.808293 -0.092143 -0.581526 -0.526638 -0.507148 -0.682242 -0.711685 -0.507154 -0.486106 -0.827066 -0.507152 -0.242401 -0.948433 -0.092139 -0.303291 -0.827066 -0.507152 -0.242401 -0.861486 -0.507163 0.025053 -0.946959 0.215181 -0.238676 -0.974368 0.215179 0.065612 -0.995735 -0.092141 0.004636 -0.811590 -0.507150 0.290035 -0.906397 0.215181 0.363514 -0.945566 -0.092146 0.312113 -0.682235 -0.507159 0.526636 -0.811590 -0.507150 0.290035 -0.802841 -0.092131 0.589031 -0.682235 -0.507159 0.526636 -0.486111 -0.507149 0.711685 -0.581526 -0.092130 0.808294 -0.486111 -0.507149 0.711685 -0.242399 -0.507143 0.827072 -0.581526 -0.092130 0.808294 -0.303292 -0.092126 0.948434 -0.486111 -0.507149 0.711685 -0.242399 -0.507143 0.827072 0.025048 -0.507146 0.861496 0.004638 -0.092124 0.995737 0.025048 -0.507146 0.861496 0.290033 -0.507152 0.811590 0.312106 -0.092126 0.945570 0.290033 -0.507152 0.811590 0.526633 -0.507153 0.682242 0.589028 -0.092120 0.802845 0.526633 -0.507153 0.682242 0.711682 -0.507162 0.486102 0.589028 -0.092120 0.802845 0.808297 -0.092112 0.581525 0.526633 -0.507153 0.682242 0.711682 -0.507162 0.486102 0.827071 -0.507147 0.242398 0.948435 -0.092109 0.303293 0.827071 -0.507147 0.242398 0.861503 -0.507134 -0.025044 0.946957 0.215175 0.238687 0.974368 0.215174 -0.065624 0.995738 -0.092114 -0.004641 0.906404 0.215174 -0.363501 0.869391 0.328571 -0.369052 0.865129 0.432825 -0.253405 0.744477 0.432827 -0.508346 0.712793 0.328572 -0.619650 0.550952 0.432828 -0.713520 0.486424 0.328573 -0.809587 
						0.486424 0.328573 -0.809587 0.550952 0.432828 -0.713520 0.303492 0.432828 -0.848853 0.212432 0.328571 -0.920279 0.026332 0.432825 -0.901093 -0.082339 0.328571 -0.940883 -0.253412 0.432829 -0.865125 -0.369057 0.328570 -0.869390 -0.508340 0.432827 -0.744480 -0.619654 0.328572 -0.712790 -0.619654 0.328572 -0.712790 -0.508340 0.432827 -0.744480 -0.713527 0.432832 -0.550941 -0.809593 0.328569 -0.486417 -0.848849 0.432828 -0.303503 -0.920274 0.328569 -0.212456 -0.901092 0.432828 -0.026327 -0.940882 0.328570 0.082351 -0.865127 0.432830 0.253404 -0.869392 0.328570 0.369053 -0.744476 0.432827 0.508346 -0.712790 0.328571 0.619654 -0.550950 0.432829 0.713522 -0.486421 0.328569 0.809591 -0.486421 0.328569 0.809591 -0.550950 0.432829 0.713522 -0.303497 0.432826 0.848853 -0.212445 0.328570 0.920276 -0.026332 0.432830 0.901091 0.082338 0.328570 0.940884 0.253401 0.432825 0.865130 0.369046 0.328571 0.869394 0.508342 0.432826 0.744479 0.619652 0.328572 0.712792 0.619652 0.328572 0.712792 0.508342 0.432826 0.744479 0.713525 0.432826 0.550948 0.809592 0.328573 0.486416 0.848854 0.432823 0.303497 0.920277 0.328571 0.212440 0.901093 0.432826 0.026328 0.940883 0.328571 -0.082343 0.006638 0.281046 -0.959671 -0.082339 0.328571 -0.940883 -0.369057 0.328570 -0.869390 -0.290241 0.281044 -0.914754 -0.619654 0.328572 -0.712790 -0.558719 0.281045 -0.780286 -0.809593 0.328569 -0.486417 -0.772497 0.281045 -0.569440 -0.920274 0.328569 -0.212456 -0.910662 0.281051 -0.302828 -0.940882 0.328570 0.082351 -0.959670 0.281049 -0.006632 -0.869392 0.328570 0.369053 -0.914760 0.281049 0.290215 -0.712790 0.328571 0.619654 -0.780305 0.281044 0.558693 -0.486421 0.328569 0.809591 -0.569438 0.281047 0.772498 -0.212445 0.328570 0.920276 -0.302873 0.281047 0.910648 0.082338 0.328570 0.940884 -0.006636 0.281048 0.959671 
						0.369046 0.328571 0.869394 0.290239 0.281051 0.914752 0.619652 0.328572 0.712792 0.558695 0.281050 0.780302 0.809592 0.328573 0.486416 0.772479 0.281047 0.569463 0.920277 0.328571 0.212440 0.910652 0.281050 0.302860 0.940883 0.328571 -0.082343 0.959670 0.281049 0.006632 0.869391 0.328571 -0.369052 0.914749 0.281053 -0.290249 0.712793 0.328572 -0.619650 0.780274 0.281051 -0.558733 0.486424 0.328573 -0.809587 0.569464 0.281049 -0.772478 0.212432 0.328571 -0.920279 0.302858 0.281047 -0.910653 0.873021 0.249820 -0.418837 0.914749 0.281053 -0.290249 0.780274 0.281051 -0.558733 0.700893 0.249815 -0.668088 0.569464 0.281049 -0.772478 0.460129 0.249819 -0.851981 0.460129 0.249819 -0.851981 0.569464 0.281049 -0.772478 0.302858 0.281047 -0.910653 0.174305 0.249820 -0.952475 0.006638 0.281046 -0.959671 -0.128538 0.249819 -0.959723 -0.290241 0.281044 -0.914754 -0.418815 0.249817 -0.873032 -0.558719 0.281045 -0.780286 -0.668139 0.249819 -0.700843 -0.668139 0.249819 -0.700843 -0.558719 0.281045 -0.780286 -0.772497 0.281045 -0.569440 -0.851998 0.249821 -0.460097 -0.910662 0.281051 -0.302828 -0.952483 0.249820 -0.174259 -0.959670 0.281049 -0.006632 -0.959728 0.249820 0.128499 -0.914760 0.281049 0.290215 -0.873047 0.249821 0.418782 -0.780305 0.281044 0.558693 -0.700900 0.249821 0.668078 -0.569438 0.281047 0.772498 -0.460122 0.249817 0.851985 -0.460122 0.249817 0.851985 -0.569438 0.281047 0.772498 -0.302873 0.281047 0.910648 -0.174340 0.249818 0.952469 -0.006636 0.281048 0.959671 0.128525 0.249819 0.959725 0.290239 0.281051 0.914752 0.418796 0.249820 0.873041 0.558695 0.281050 0.780302 0.668064 0.249818 0.700914 0.668064 0.249818 0.700914 0.558695 0.281050 0.780302 0.772479 0.281047 0.569463 0.851987 0.249818 0.460118 0.910652 0.281050 0.302860 0.952482 0.249821 0.174260 
						0.959670 0.281049 0.006632 0.959728 0.249821 -0.128498 0.952189 0.165603 -0.256733 0.830939 0.458968 -0.314466 0.693100 0.458964 -0.555846 0.826254 0.165600 -0.538406 0.487413 0.458964 -0.742820 0.619432 0.165602 -0.767385 0.234008 0.458966 -0.857082 0.351977 0.165603 -0.921243 -0.042296 0.458968 -0.887446 0.050075 0.165602 -0.984921 -0.314464 0.458966 -0.830940 -0.256736 0.165603 -0.952188 -0.555843 0.458964 -0.693102 -0.538408 0.165603 -0.826252 -0.742820 0.458969 -0.487407 -0.767384 0.165603 -0.619433 -0.857082 0.458967 -0.234007 -0.921243 0.165603 -0.351975 -0.887445 0.458968 0.042296 -0.984920 0.165603 -0.050073 -0.830943 0.458968 0.314455 -0.952190 0.165603 0.256728 -0.693095 0.458967 0.555849 -0.826252 0.165604 0.538407 -0.487410 0.458967 0.742820 -0.619431 0.165601 0.767387 -0.234011 0.458967 0.857081 -0.351982 0.165602 0.921241 0.042296 0.458963 0.887448 -0.050075 0.165604 0.984920 0.314461 0.458968 0.830941 0.256732 0.165602 0.952189 0.555848 0.458968 0.693096 0.538408 0.165601 0.826252 0.742820 0.458962 0.487414 0.767384 0.165602 0.619433 0.857081 0.458967 0.234010 0.921243 0.165603 0.351977 0.887446 0.458967 -0.042294 0.984920 0.165603 0.050076 0.830939 0.458968 -0.314466 0.356343 -0.930205 -0.087961 0.311722 -0.930205 -0.193775 0.693100 0.458964 -0.555846 0.236587 -0.930205 -0.280615 0.487413 0.458964 -0.742820 0.487413 0.458964 -0.742820 0.236587 -0.930205 -0.280615 0.138291 -0.930205 -0.339990 0.234008 0.458966 -0.857082 0.026460 -0.930204 -0.366087 -0.042296 0.458968 -0.887446 -0.087963 -0.930205 -0.356345 -0.314464 0.458966 -0.830940 -0.193773 -0.930205 -0.311722 -0.555843 0.458964 -0.693102 -0.555843 0.458964 -0.693102 -0.193773 -0.930205 -0.311722 -0.280617 -0.930204 -0.236589 -0.742820 0.458969 -0.487407 -0.339994 -0.930205 -0.138289 -0.857082 0.458967 -0.234007 
						-0.366087 -0.930204 -0.026460 -0.887445 0.458968 0.042296 -0.356347 -0.930204 0.087961 -0.830943 0.458968 0.314455 -0.311722 -0.930205 0.193771 -0.693095 0.458967 0.555849 -0.236586 -0.930204 0.280620 -0.487410 0.458967 0.742820 -0.487410 0.458967 0.742820 -0.236586 -0.930204 0.280620 -0.138293 -0.930205 0.339991 -0.234011 0.458967 0.857081 -0.026460 -0.930205 0.366085 0.042296 0.458963 0.887448 0.087961 -0.930205 0.356346 0.314461 0.458968 0.830941 0.193774 -0.930205 0.311722 0.555848 0.458968 0.693096 0.555848 0.458968 0.693096 0.193774 -0.930205 0.311722 0.280617 -0.930205 0.236585 0.742820 0.458962 0.487414 0.339990 -0.930205 0.138294 0.857081 0.458967 0.234010 0.366085 -0.930205 0.026459 0.887446 0.458967 -0.042294 
					</float_array>
					<technique_common>
						<accessor count="602" offset="0" source="#meshId3-normals-array" stride="3">
							<param name="X" type="float" />
							<param name="Y" type="float" />
							<param name="Z" type="float" />
						</accessor>
					</technique_common>
				</source>
				<source id="meshId3-tangents" name="meshId3-tangents">
					<float_array id="meshId3-tangents-array" count="1806"> 
						-0.358482 -0.001296 -0.933536 -0.264735 0.010717 -0.964262 -0.549746 0.010717 -0.835263 -0.629415 -0.001296 -0.777068 -0.774294 -0.013946 -0.632672 -0.837331 -0.013511 -0.546529 0.839950 -0.010207 0.542568 0.786977 -0.035047 0.615986 0.935603 -0.009938 0.352914 0.965914 0.002119 0.258853 0.998868 -0.009938 0.046528 0.998629 0.002119 -0.052298 0.964357 -0.009938 -0.264419 0.933592 0.002119 -0.358332 0.841149 0.014718 -0.540603 0.778629 0.014340 -0.627321 -0.775731 0.009051 0.630999 -0.829327 0.033934 0.557732 -0.625136 0.008836 0.780466 -0.544860 -0.003284 0.838520 -0.353356 0.008836 0.935447 -0.259075 -0.003284 0.965852 -0.046999 0.008835 0.998856 0.052063 -0.003284 0.998638 0.263959 0.008836 0.964493 0.358106 -0.003284 0.933675 0.549086 0.008836 0.835719 0.629106 -0.003285 0.777312 0.773768 -0.015814 0.633272 0.837087 -0.015516 0.546850 0.839949 0.010206 0.542569 0.786978 0.035045 0.615985 0.935601 0.009938 0.352919 0.965913 -0.002118 0.258857 0.998868 0.009938 0.046528 0.998629 -0.002119 -0.052298 0.964358 0.009938 -0.264414 0.933593 -0.002119 -0.358330 0.841149 -0.014719 -0.540603 0.778629 -0.014341 -0.627320 0.775467 0.011022 -0.631292 0.828819 0.035830 -0.558369 0.624497 0.010717 -0.780954 0.544529 -0.001296 -0.838741 0.352600 0.010717 -0.935713 0.258697 -0.001296 -0.965958 0.046197 0.010717 -0.998875 -0.052464 -0.001296 -0.998622 0.991171 0.127431 0.036636 0.988793 0.148017 0.019472 1.000000 0.000000 0.000000 0.994740 0.094731 0.038964 0.998166 0.054481 0.026402 0.999936 0.010531 0.004131 0.999220 -0.034115 -0.019864 0.996369 -0.076615 -0.037140 0.992689 -0.113489 -0.041094 0.989668 -0.140323 -0.029427 0.988261 -0.152657 -0.006082 0.988793 -0.148019 0.019472 0.991171 -0.127431 0.036635 0.994740 -0.094731 0.038964 0.998166 -0.054482 0.026403 0.999936 -0.010531 0.004130 
						0.999220 0.034115 -0.019864 0.996369 0.076615 -0.037140 0.992689 0.113489 -0.041093 0.989669 0.140322 -0.029427 0.988261 0.152656 -0.006082 0.617634 -0.402873 0.675442 0.771012 -0.223036 0.596486 1.000000 0.000000 -0.000001 0.907897 -0.117938 0.402260 0.987288 -0.040320 0.153744 0.993106 0.029525 -0.113437 0.924315 0.104995 -0.366904 0.794370 0.203934 -0.572178 0.639068 0.366990 -0.675952 0.546448 0.686858 -0.479188 0.545420 0.745352 0.383363 0.617607 0.402917 0.675440 0.771010 0.223046 0.596484 0.907902 0.117945 0.402248 0.987282 0.040320 0.153781 0.993108 -0.029527 -0.113422 0.924319 -0.104972 -0.366899 0.794425 -0.203909 -0.572110 0.639086 -0.367006 -0.675926 0.546450 -0.686855 -0.479190 0.545420 -0.745345 0.383377 0.964470 -0.104062 0.242836 0.966882 -0.020699 0.254384 0.998644 0.004086 -0.051905 0.999538 -0.011342 0.028194 0.935147 0.029727 -0.353010 0.978415 0.079630 -0.190692 0.783209 0.062588 -0.618600 0.906831 0.183400 -0.379503 0.560212 0.118396 -0.819845 0.808096 0.320617 -0.494151 0.301530 0.277440 -0.912199 0.729895 0.517667 -0.446401 0.192230 0.815017 0.546621 0.715237 0.695480 -0.068872 0.388245 0.197251 0.900199 0.720545 0.575001 0.387543 0.641437 0.095041 0.761266 0.783856 0.364180 0.502935 0.843249 0.050147 0.535179 0.882968 0.213960 0.417838 0.966881 0.020699 0.254388 0.964469 0.104063 0.242840 0.998644 -0.004086 -0.051904 0.999538 0.011342 0.028195 0.935148 -0.029727 -0.353007 0.978416 -0.079628 -0.190689 0.783209 -0.062588 -0.618600 0.906832 -0.183398 -0.379502 0.560212 -0.118396 -0.819845 0.808095 -0.320624 -0.494148 0.301536 -0.277442 -0.912196 0.729897 -0.517671 -0.446394 0.192236 -0.815006 0.546636 0.715240 -0.695478 -0.068868 0.388249 -0.197256 0.900196 0.720543 -0.575001 0.387545 0.641434 -0.095042 0.761269 0.783852 -0.364184 0.502938 
						0.843249 -0.050147 0.535178 0.882969 -0.213961 0.417836 -0.515364 0.856945 0.006746 -0.715566 0.693983 0.079707 -0.720830 0.673806 0.162452 -0.571734 0.819779 0.032898 -0.724588 0.638133 0.260304 -0.632269 0.766780 0.110830 0.862252 -0.058523 0.503087 0.836838 -0.092713 0.539543 0.949003 -0.034154 0.313412 0.971320 -0.012772 0.237432 0.999465 -0.007852 0.031767 0.998196 0.017333 -0.057480 0.967392 0.018488 -0.252609 0.936685 0.047498 -0.346936 0.870158 0.076305 -0.486830 0.797190 0.094645 -0.596264 0.603627 0.793617 0.076208 0.715991 0.630980 0.298699 0.718113 0.668258 0.194279 0.539638 0.841410 0.028640 0.714235 0.691372 0.108968 0.496678 0.867668 0.021529 0.714342 0.698763 0.038034 0.491735 0.869979 0.036514 0.723590 0.689398 -0.033880 0.528901 0.847698 0.040895 0.736874 0.664923 -0.122040 0.593320 0.804944 0.005949 0.746741 0.625444 -0.226270 0.658156 0.748364 -0.082358 0.862252 0.058524 0.503087 0.836837 0.092713 0.539544 0.949001 0.034155 0.313416 0.971319 0.012774 0.237438 0.999464 0.007851 0.031768 0.998196 -0.017333 -0.057479 0.967393 -0.018487 -0.252605 0.936687 -0.047498 -0.346930 0.870159 -0.076304 -0.486827 0.797192 -0.094645 -0.596261 -0.628632 0.776522 -0.042843 -0.739890 0.617720 -0.266428 -0.736411 0.658533 -0.155027 -0.558587 0.829323 0.014274 -0.724925 0.685868 -0.063789 -0.506040 0.862036 0.028595 -0.715755 0.698287 0.009547 -0.489339 0.871958 0.015402 0.473026 -0.215785 0.854215 0.549100 -0.434800 0.713750 0.714757 -0.219572 0.664011 0.679330 -0.099031 0.727120 0.873622 -0.114958 0.472831 0.861396 -0.054884 0.504960 0.974578 -0.045328 0.219414 0.972626 -0.024278 0.231103 0.998169 0.015615 -0.058444 0.997838 0.002726 -0.065671 0.940860 0.079304 -0.329382 0.933897 0.030224 -0.356262 0.812281 0.160447 -0.560765 0.789258 0.066123 -0.610491 
						0.643424 0.305087 -0.702088 0.586698 0.126825 -0.799813 0.476822 0.513139 -0.713673 0.449099 0.436522 -0.779589 0.487000 0.835435 0.254715 0.486999 0.835431 0.254731 0.549450 0.436009 0.712742 0.473110 0.215951 0.854126 0.724936 0.266365 0.635230 0.686222 0.119420 0.717522 0.874116 0.117904 0.471189 0.861578 0.055651 0.504566 0.974737 0.047389 0.218269 0.972699 0.024979 0.230723 0.998159 -0.015073 -0.058748 0.997838 -0.002728 -0.065669 0.941599 -0.086157 -0.325528 0.934408 -0.033213 -0.354653 0.816197 -0.181789 -0.548430 0.791156 -0.072677 -0.607281 0.644076 -0.307788 -0.700309 0.587032 -0.127727 -0.799425 0.497762 -0.578850 -0.645883 0.470234 -0.494085 -0.731272 0.486987 -0.835420 0.254787 0.486987 -0.835420 0.254787 0.983689 -0.149832 0.099529 0.802950 -0.306586 0.511152 0.758079 -0.498265 0.420771 0.978389 -0.192765 0.074807 0.991472 -0.096421 0.087674 0.892636 -0.178121 0.414094 0.998078 -0.039482 0.047762 0.968200 -0.085526 0.235105 0.999824 0.017984 -0.005272 0.999768 -0.007354 0.020220 0.995696 0.074771 -0.054762 0.977849 0.069983 -0.197265 0.988022 0.129149 -0.084456 0.909214 0.159601 -0.384522 0.980914 0.176601 -0.081358 0.819836 0.281467 -0.498643 0.977137 0.208420 -0.041999 0.763801 0.464925 -0.447720 0.976472 0.214752 0.019581 0.774083 0.631880 -0.039027 0.978392 0.192756 0.074794 0.758092 0.498274 0.420737 0.983691 0.149828 0.099523 0.802951 0.306586 0.511151 0.991472 0.096420 0.087676 0.892637 0.178119 0.414094 0.998078 0.039482 0.047768 0.968198 0.085525 0.235111 0.999824 -0.017984 -0.005272 0.999768 0.007353 0.020220 0.995696 -0.074768 -0.054767 0.977850 -0.069977 -0.197261 0.988022 -0.129150 -0.084459 0.909213 -0.159601 -0.384525 0.980915 -0.176605 -0.081343 0.819836 -0.281467 -0.498644 0.977134 -0.208433 -0.042003 0.763794 -0.464928 -0.447729 
						0.976471 -0.214758 0.019576 0.774082 -0.631880 -0.039046 -0.262430 0.925077 0.274523 -0.332475 0.924507 0.186406 0.251905 0.967064 0.036486 0.246138 0.967943 -0.050030 0.828613 0.547225 -0.118089 0.711121 0.552785 -0.434437 0.892860 0.362920 0.266626 0.845582 0.477972 0.237768 -0.881972 0.215746 0.419022 -0.721154 0.215868 0.658284 -0.215653 0.928393 0.302623 -0.580435 0.215005 0.785409 0.457679 -0.215632 -0.862574 0.178891 -0.926389 -0.331364 0.139755 -0.928611 -0.343730 0.272133 -0.215618 -0.937791 0.053650 -0.928087 -0.368479 -0.000331 -0.215157 -0.976579 -0.041478 -0.927158 -0.372367 -0.270737 -0.214449 -0.938463 -0.095747 -0.921368 -0.376714 -0.442476 -0.209748 -0.871906 0.697587 0.215258 0.683400 0.280748 0.924443 0.258043 0.300359 0.928461 0.218506 0.822665 0.215853 0.525956 0.346613 0.928651 0.132163 0.940476 0.215713 0.262625 0.371933 0.928195 -0.010950 0.973646 0.215911 -0.073452 0.340593 0.926645 -0.159142 0.893493 0.215902 -0.393773 0.278469 0.927022 -0.251168 0.739643 0.215926 -0.637420 0.238198 0.928618 -0.284482 0.603168 0.214348 -0.768273 0.457665 0.215631 -0.862581 0.178875 0.926387 -0.331376 0.139752 0.928609 -0.343737 0.272173 0.215613 -0.937781 0.053631 0.928087 -0.368482 -0.000349 0.215164 -0.976578 -0.041466 0.927160 -0.372363 -0.270676 0.214444 -0.938482 -0.095734 0.921369 -0.376715 -0.442466 0.209748 -0.871912 -0.717867 0.214669 -0.662257 -0.303961 0.921545 -0.241582 -0.318109 0.927568 -0.196021 -0.837576 0.215927 -0.501839 -0.356839 0.928213 -0.105294 -0.947625 0.215908 -0.235352 -0.372952 0.927016 0.039342 -0.971160 0.215901 0.101167 0.946023 0.230536 0.227803 0.251971 0.962746 -0.098142 0.614848 0.545344 -0.569703 0.986622 0.105666 0.124143 -0.075270 -0.970837 0.227617 -0.031858 -0.972578 0.230386 -0.363359 -0.550804 0.751388 -0.195303 -0.554622 0.808858 
						0.999870 -0.013445 -0.008914 0.044316 -0.972438 0.228913 0.062497 -0.554666 0.829723 0.981359 -0.133533 -0.138214 0.119235 -0.972133 0.201842 0.306381 -0.554859 0.773474 0.937489 -0.260186 -0.231122 0.141441 -0.973323 0.180657 0.453025 -0.553781 0.698638 0.884440 -0.392161 -0.252933 -0.171916 0.972356 -0.158016 -0.193728 0.973257 -0.123454 -0.587500 0.552093 -0.591639 -0.698741 0.554944 -0.451439 0.842056 -0.502377 -0.196364 -0.222967 0.973233 -0.055710 -0.819302 0.553050 -0.151260 -0.831959 0.554796 -0.006729 -0.124314 0.207768 0.970247 0.126282 0.336280 -0.933257 -0.229413 0.973056 -0.023043 -0.824172 0.549072 0.138781 -0.301567 0.127952 -0.944820 -0.243235 0.969937 -0.007648 0.893211 -0.364427 0.263375 0.846212 -0.479630 0.232120 -0.229094 0.970561 0.074343 -0.698439 0.553783 0.453330 0.946270 -0.232061 0.225211 -0.228549 0.966580 0.116139 -0.598039 0.547583 0.585236 0.986686 -0.106438 0.122972 -0.075305 0.970833 0.227624 -0.031891 0.972577 0.230386 -0.363373 0.550810 0.751378 -0.195314 0.554636 0.808846 0.999870 0.013124 -0.009396 0.044297 0.972439 0.228911 0.062488 0.554670 0.829720 0.981247 0.132210 -0.140269 0.119220 0.972133 0.201852 0.306377 0.554852 0.773481 0.937067 0.257594 -0.235692 0.141421 0.973326 0.180654 0.452997 0.553774 0.698661 0.883862 0.389623 -0.258809 0.147474 0.973246 0.176190 0.176013 0.973210 0.147923 0.569942 0.553294 0.607480 0.685846 0.555061 0.470662 0.841301 0.500362 -0.204574 0.213644 0.973240 0.084615 0.814549 0.553946 0.172203 0.831836 0.554363 0.027030 0.112016 0.227745 -0.967256 -0.098079 0.288460 0.952455 0.229219 0.971924 0.053133 0.303751 0.124187 0.944623 -0.336073 -0.065221 -0.939575 -0.247606 -0.028304 -0.968447 -0.498354 -0.062212 -0.864739 -0.580723 -0.103309 -0.807520 -0.681042 -0.126466 -0.721241 -0.759736 -0.166495 -0.628554 
						0.884586 -0.067785 0.461426 0.856907 -0.101123 0.505454 0.955061 -0.036428 0.294162 0.975801 -0.007385 0.218534 0.999670 -0.003040 0.025494 0.997710 0.030053 -0.060586 0.969027 0.030432 -0.245073 0.940138 0.067607 -0.334020 0.881810 0.094623 -0.462015 0.818730 0.129866 -0.559300 -0.686652 0.104372 0.719455 -0.714828 0.133912 0.686359 -0.540696 0.069038 0.838381 -0.480737 0.043961 0.875762 -0.295442 0.035355 0.954706 -0.219600 0.006183 0.975570 -0.026801 0.001967 0.999639 0.059528 -0.031260 0.997737 0.243777 -0.031510 0.969319 0.332971 -0.068818 0.940423 0.494753 -0.065485 0.866563 0.577811 -0.106987 0.809128 0.677741 -0.129750 0.723762 0.757007 -0.170287 0.630827 0.884588 0.067786 0.461421 0.856909 0.101124 0.505450 0.955060 0.036429 0.294166 0.975799 0.007388 0.218545 0.999670 0.003038 0.025496 0.997711 -0.030055 -0.060582 0.969029 -0.030429 -0.245064 0.940141 -0.067604 -0.334012 0.881810 -0.094624 -0.462015 0.818730 -0.129862 -0.559300 0.684003 0.108025 -0.721436 0.711644 0.137175 -0.689018 0.537212 0.072280 -0.840344 0.477818 0.047600 -0.877168 0.291661 0.038547 -0.955745 0.216481 0.009763 -0.976238 0.022913 0.005148 -0.999724 -0.062687 -0.027689 -0.997649 0.999983 -0.001665 0.005675 0.997508 0.023260 -0.066609 0.948841 0.111600 -0.295374 0.966007 0.075893 -0.247123 0.849457 0.220833 -0.479224 0.867990 0.168215 -0.467223 0.732597 0.380894 -0.564112 0.730910 0.301934 -0.612051 0.664329 0.627559 -0.406001 0.614197 0.536681 -0.578564 0.662278 0.726764 0.182214 0.597824 0.801404 -0.018920 0.691390 0.480330 0.539688 0.611164 0.550528 0.568679 0.796625 0.283093 0.534086 0.724707 0.309558 0.615608 0.909582 0.156215 0.385043 0.862518 0.172956 0.475550 0.983304 0.061159 0.171387 0.962930 0.079520 0.257763 0.997508 -0.023262 -0.066607 0.999983 0.001662 0.005675 
						0.948845 -0.111598 -0.295364 0.966009 -0.075896 -0.247118 0.849461 -0.220843 -0.479212 0.868006 -0.168216 -0.467193 0.732609 -0.380923 -0.564076 0.730933 -0.301942 -0.612020 0.664344 -0.627605 -0.405905 0.614217 -0.536680 -0.578543 0.662278 -0.726767 0.182202 0.597825 -0.801404 -0.018915 0.691378 -0.480297 0.539732 0.611162 -0.550448 0.568760 0.796618 -0.283078 0.534104 0.724729 -0.309512 0.615605 0.909578 -0.156201 0.385058 0.862502 -0.172952 0.475582 0.983305 -0.061150 0.171381 0.962934 -0.079511 0.257753 -0.396591 -0.058890 -0.916104 -0.283540 -0.026356 -0.958598 -0.546953 -0.055799 -0.835302 -0.643537 -0.089313 -0.760186 -0.749402 -0.108669 -0.653137 -0.822739 -0.142025 -0.550390 0.892579 -0.044711 0.448668 0.835872 -0.078731 0.543250 0.954511 -0.025957 0.297043 0.983072 0.004865 0.183154 0.999951 0.003248 0.009339 0.993333 0.034992 -0.109843 0.959718 0.032498 -0.279080 0.917397 0.065179 -0.392601 0.845446 0.085206 -0.527220 0.769773 0.117196 -0.627466 -0.681041 0.085854 0.727195 -0.752059 0.119549 0.648164 -0.551459 0.066395 0.831556 -0.453466 0.036736 0.890516 -0.289136 0.036847 0.956578 -0.175854 0.006353 0.984396 -0.001246 0.007595 0.999970 0.117162 -0.023788 0.992828 0.286932 -0.021610 0.957707 0.399629 -0.053957 0.915088 0.550049 -0.051004 0.833573 0.646334 -0.084318 0.758382 0.752204 -0.103849 0.650696 0.825260 -0.136895 0.547911 0.892570 0.044660 0.448692 0.835886 0.078721 0.543229 0.954507 0.025959 0.297058 0.983063 -0.004884 0.183203 0.999951 -0.003255 0.009342 0.993335 -0.035014 -0.109815 0.959719 -0.032499 -0.279077 0.917420 -0.065255 -0.392532 0.845457 -0.085190 -0.527205 0.769875 -0.117300 -0.627323 0.683737 0.081006 -0.725218 0.754930 0.114664 -0.645704 0.554666 0.061571 -0.829792 0.456440 0.031827 -0.889185 0.292614 0.032095 -0.955692 0.179029 0.001450 -0.983843 
						0.004774 0.002864 -0.999985 -0.113949 -0.028682 -0.993072 0.438180 -0.562508 0.701130 0.813475 -0.497075 0.301951 0.866661 -0.340530 0.364607 0.620349 -0.280107 0.732603 0.934474 -0.204443 0.291482 0.808246 -0.151973 0.568895 0.985133 -0.089870 0.146412 0.942257 -0.071945 0.327071 0.999496 0.014891 -0.028024 0.998849 -0.008278 0.047238 0.972796 0.121500 -0.197244 0.969839 0.053490 -0.237804 0.914158 0.241818 -0.325330 0.859351 0.126175 -0.495575 0.847239 0.386457 -0.364468 0.685149 0.233087 -0.690103 0.804672 0.541157 -0.244237 0.490044 0.444792 -0.749678 0.796321 0.602808 0.049962 0.393830 0.894774 -0.210421 0.813474 0.497082 0.301943 0.438178 0.562518 0.701123 0.866664 0.340526 0.364603 0.620353 0.280108 0.732600 0.934475 0.204441 0.291480 0.808247 0.151972 0.568895 0.985133 0.089871 0.146414 0.942256 0.071946 0.327075 0.999496 -0.014890 -0.028025 0.998849 0.008279 0.047238 0.972797 -0.121499 -0.197241 0.969840 -0.053489 -0.237800 0.914157 -0.241822 -0.325330 0.859351 -0.126174 -0.495576 0.847237 -0.386455 -0.364476 0.685148 -0.233087 -0.690103 0.804672 -0.541155 -0.244241 0.490046 -0.444788 -0.749679 0.796320 -0.602809 0.049959 0.393828 -0.894772 -0.210434 -0.720886 0.603952 0.339951 0.985435 0.151129 -0.077955 0.913116 0.151130 -0.378653 -0.580551 0.603956 0.546075 0.755286 0.150981 -0.637768 -0.384061 0.603986 0.698354 0.402614 -0.604656 -0.687235 -0.710603 -0.152339 0.686904 -0.465913 -0.152297 0.871625 0.170965 -0.604664 -0.777915 -0.173761 -0.152298 0.972940 -0.077789 -0.604663 -0.792674 0.135409 -0.152298 0.979015 -0.318931 -0.604664 -0.729838 0.428697 -0.152251 0.890527 -0.528530 -0.604676 -0.595837 0.540949 0.604201 0.585077 -0.400068 0.151663 -0.903850 -0.656470 0.151568 -0.738969 0.694933 0.604219 0.389855 -0.852696 0.151567 -0.499937 0.781392 0.604221 0.156024 
						-0.965451 0.151567 -0.211971 0.791364 0.604220 -0.093071 -0.983702 0.151568 0.096733 0.723873 0.604220 -0.333057 -0.905661 0.151567 0.395986 0.585518 0.604221 -0.540450 -0.742185 0.151461 0.652856 0.390412 0.604243 -0.694600 0.402615 0.604653 -0.687238 -0.710592 0.152341 0.686914 -0.465910 0.152298 0.871627 0.170971 0.604663 -0.777915 -0.173757 0.152297 0.972941 -0.077788 0.604668 -0.792670 0.135395 0.152298 0.979017 -0.318932 0.604662 -0.729840 0.428702 0.152251 0.890525 -0.528535 0.604673 -0.595836 -0.546677 0.603921 -0.580020 0.383705 0.151262 0.910983 0.642300 0.151130 0.751406 -0.698742 0.603958 -0.383399 0.843057 0.151130 0.516154 -0.783024 0.603953 -0.148708 0.961295 0.151130 0.230373 -0.790653 0.603953 0.100540 
					</float_array>
					<technique_common>
						<accessor count="602" offset="0" source="#meshId3-tangents-array" stride="3">
							<param name="X" type="float" />
							<param name="Y" type="float" />
							<param name="Z" type="float" />
						</accessor>
					</technique_common>
				</source>
				<source id="meshId3-bitangents" name="meshId3-bitangents">
					<float_array id="meshId3-bitangents-array" count="1806"> 
						-0.184400 0.980541 0.067345 -0.372498 0.919124 0.128282 -0.314622 0.919126 0.237108 -0.154564 0.980541 0.121030 -0.274034 0.918894 0.283793 -0.135512 0.979972 0.145919 0.085093 -0.980218 -0.178692 0.177786 -0.915916 -0.359847 0.116995 -0.919171 -0.376082 0.055919 -0.980533 -0.188224 -0.004945 -0.919172 -0.393826 -0.004981 -0.980533 -0.196293 -0.126403 -0.919171 -0.373025 -0.065395 -0.980533 -0.185144 -0.183584 -0.918830 -0.349354 -0.095261 -0.979899 -0.175280 0.141382 0.980289 0.138003 0.285028 0.916136 0.281876 0.319805 0.919230 0.229653 0.160123 0.980513 0.113824 0.375120 0.919230 0.119586 0.187454 0.980514 0.058772 0.393715 0.919230 -0.002182 0.196440 0.980514 -0.002029 0.373770 0.919231 -0.123738 0.186197 0.980514 -0.062633 0.317240 0.919230 -0.233186 0.157734 0.980513 -0.117109 0.277631 0.918734 -0.280799 0.139750 0.979788 -0.143125 0.085094 0.980219 -0.178691 0.177788 0.915917 -0.359843 0.116997 0.919171 -0.376080 0.055919 0.980533 -0.188225 -0.004945 0.919169 -0.393831 -0.004981 0.980533 -0.196290 -0.126402 0.919171 -0.373024 -0.065394 0.980533 -0.185146 -0.183582 0.918831 -0.349352 -0.095259 0.979899 -0.175282 -0.145248 0.980164 -0.134838 -0.288888 0.915758 -0.279163 -0.322730 0.919125 -0.225952 -0.162870 0.980542 -0.109597 -0.376761 0.919124 -0.115165 -0.188766 0.980541 -0.053904 -0.393908 0.919124 0.006896 -0.196186 0.980541 0.007066 -0.009725 -0.082795 0.996519 -0.005233 -0.037892 0.999268 -0.000000 0.000000 1.000000 -0.010122 -0.118627 0.992887 -0.006383 -0.142429 0.989784 0.000014 -0.152726 0.988269 0.006703 -0.148993 0.988815 0.011227 -0.131359 0.991271 0.011847 -0.100761 0.994840 0.008214 -0.059451 0.998197 0.001659 -0.011426 0.999933 -0.005233 0.037892 0.999268 -0.009725 0.082793 0.996519 -0.010122 0.118629 0.992887 -0.006383 0.142430 0.989784 0.000014 0.152725 0.988269 
						0.006703 0.148994 0.988815 0.011227 0.131359 0.991271 0.011847 0.100759 0.994840 0.008214 0.059453 0.998197 0.001659 0.011425 0.999933 0.000001 -0.549878 -0.835245 0.000007 -0.724188 -0.689602 -0.000001 0.000000 -1.000000 0.000025 -0.801263 -0.598312 0.000009 -0.831560 -0.555435 -0.000007 -0.833498 -0.552523 0.000011 -0.808178 -0.588939 -0.000030 -0.740444 -0.672118 -0.000028 -0.586030 -0.810289 -0.000024 -0.264208 -0.964466 -0.000006 0.197972 -0.980208 0.000007 0.549832 -0.835276 0.000004 0.724173 -0.689618 0.000002 0.801261 -0.598316 0.000031 0.831563 -0.555431 0.000006 0.833497 -0.552524 -0.000029 0.808187 -0.588926 -0.000001 0.740465 -0.672094 0.000013 0.586017 -0.810299 -0.000025 0.264210 -0.964465 -0.000000 -0.197979 -0.980206 0.000000 -0.675590 -0.737278 0.000000 -0.979198 -0.202908 -0.000000 -0.980494 -0.196548 -0.000000 -0.698510 -0.715600 0.000000 -0.977769 -0.209683 -0.000000 -0.685046 -0.728500 -0.000000 -0.968372 -0.249511 -0.000000 -0.630614 -0.776097 -0.000000 -0.938542 -0.345166 -0.000000 -0.517769 -0.855521 -0.000001 -0.790589 -0.612347 -0.000001 -0.320727 -0.947172 -0.000002 0.254678 -0.967026 -0.000002 -0.038856 -0.999245 -0.000001 0.873243 -0.487286 -0.000002 0.255850 -0.966717 -0.000001 0.952993 -0.302992 -0.000002 0.476705 -0.879063 0.000000 0.972690 -0.232108 0.000001 0.608519 -0.793539 0.000000 0.979198 -0.202909 0.000001 0.675590 -0.737278 -0.000000 0.980495 -0.196545 -0.000000 0.698508 -0.715602 -0.000000 0.977769 -0.209684 -0.000001 0.685048 -0.728498 -0.000000 0.968372 -0.249511 -0.000000 0.630618 -0.776094 0.000001 0.938542 -0.345165 0.000002 0.517760 -0.855526 0.000001 0.790586 -0.612352 0.000001 0.320721 -0.947174 -0.000001 -0.254687 -0.967023 -0.000001 0.038854 -0.999245 0.000001 -0.873237 -0.487296 0.000001 -0.255849 -0.966717 -0.000000 -0.952992 -0.302994 -0.000000 -0.476702 -0.879065 
						0.000000 -0.972690 -0.232109 0.000000 -0.608517 -0.793540 0.331562 0.075393 0.940416 0.224143 0.046851 0.973430 0.456385 0.108104 0.883191 0.570299 0.143437 0.808817 0.651580 0.172187 0.738779 0.758708 0.210676 0.616423 0.135010 -0.862891 -0.487023 0.251864 -0.680268 -0.688332 0.166766 -0.696230 -0.698178 0.088648 -0.871643 -0.482058 0.008760 -0.698658 -0.715402 0.010272 -0.871272 -0.490694 -0.148918 -0.698039 -0.700404 -0.071470 -0.866007 -0.494898 -0.232429 -0.686153 -0.689327 -0.127639 -0.848468 -0.513624 0.687156 -0.178679 -0.704195 0.698872 -0.182865 -0.691476 0.513975 -0.119916 -0.849382 0.476505 -0.108342 -0.872471 0.289449 -0.058287 -0.955417 0.222135 -0.040439 -0.974177 0.043700 0.003811 -0.999038 -0.051537 0.027891 -0.998282 -0.205027 0.065657 -0.976552 -0.319849 0.096219 -0.942570 -0.438193 0.126548 -0.889928 -0.558697 0.164068 -0.812982 -0.634113 0.190842 -0.749320 -0.747372 0.231181 -0.622889 0.135009 0.862890 -0.487024 0.251864 0.680269 -0.688330 0.166767 0.696230 -0.698178 0.088645 0.871645 -0.482056 0.008762 0.698655 -0.715405 0.010273 0.871272 -0.490693 -0.148917 0.698040 -0.700402 -0.071467 0.866006 -0.494899 -0.232428 0.686156 -0.689324 -0.127637 0.848468 -0.513626 -0.675653 -0.199406 0.709740 -0.681844 -0.201605 0.703167 -0.495915 -0.138517 0.857252 -0.464999 -0.128904 0.875876 -0.270395 -0.077177 0.959651 -0.210494 -0.061230 0.975676 -0.024300 -0.015147 0.999590 0.063266 0.007020 0.997972 0.216170 -0.762276 -0.610087 -0.007320 -0.544340 -0.838833 0.011188 -0.758895 -0.651117 0.209881 -0.846300 -0.489619 0.014743 -0.837711 -0.545915 0.142847 -0.863988 -0.482825 0.009706 -0.866545 -0.499005 0.060720 -0.870489 -0.488429 0.005996 -0.871425 -0.490492 -0.026096 -0.872066 -0.488691 0.002253 -0.855361 -0.518028 -0.111786 -0.869615 -0.480910 -0.000806 -0.807650 -0.589661 -0.184043 -0.860385 -0.475253 
						0.014052 -0.676774 -0.736057 -0.232507 -0.830622 -0.505972 -0.046694 -0.465610 -0.883757 -0.103891 -0.542584 -0.833552 -0.000006 0.118874 -0.992909 -0.000002 0.118882 -0.992908 -0.008384 0.543106 -0.839622 0.215981 0.762122 -0.610345 -0.058758 0.715090 -0.696558 0.175133 0.835113 -0.521455 0.008584 0.836004 -0.548656 0.141195 0.863762 -0.483714 0.004730 0.866035 -0.499961 0.059020 0.870397 -0.488801 0.004649 0.871471 -0.490426 -0.026090 0.872067 -0.488691 0.017975 0.852417 -0.522553 -0.104805 0.869102 -0.483401 0.038557 0.791124 -0.610439 -0.171058 0.857992 -0.484343 0.017362 0.674058 -0.738475 -0.231179 0.830061 -0.507498 -0.001138 0.400994 -0.916080 -0.060451 0.484578 -0.872657 0.000000 -0.118909 -0.992905 0.000000 -0.118909 -0.992905 0.041689 -0.150181 -0.987779 0.099518 -0.471358 -0.876309 0.070532 -0.275749 -0.958638 0.029948 -0.091985 -0.995310 0.039588 -0.190391 -0.980910 0.087775 -0.571860 -0.815642 0.025420 -0.211760 -0.976991 0.051397 -0.618184 -0.784351 0.004702 -0.215063 -0.976589 0.003800 -0.632973 -0.774164 -0.015476 -0.200780 -0.979514 -0.043987 -0.623049 -0.780945 -0.028098 -0.168599 -0.985284 -0.081070 -0.583273 -0.808220 -0.028008 -0.118468 -0.992563 -0.094540 -0.493378 -0.864662 -0.014208 -0.052852 -0.998501 -0.068789 -0.313732 -0.947017 0.008302 0.020972 -0.999746 -0.000284 -0.024110 -0.999709 0.029939 0.091981 -0.995311 0.070514 0.275731 -0.958645 0.041685 0.150179 -0.987780 0.099517 0.471357 -0.876310 0.039590 0.190390 -0.980910 0.087778 0.571860 -0.815641 0.025427 0.211756 -0.976992 0.051402 0.618186 -0.784349 0.004703 0.215070 -0.976587 0.003802 0.632968 -0.774169 -0.015482 0.200778 -0.979514 -0.043991 0.623055 -0.780940 -0.028100 0.168600 -0.985284 -0.081072 0.583274 -0.808220 -0.027996 0.118460 -0.992564 -0.094533 0.493385 -0.864659 -0.014207 0.052860 -0.998501 -0.068793 0.313734 -0.947015 
						0.008295 -0.020975 -0.999746 -0.000292 0.024117 -0.999709 0.555908 -0.034853 0.830513 0.273079 -0.037544 0.961259 0.303014 -0.045097 0.951919 0.583073 -0.041755 0.811346 0.244697 -0.063510 0.967517 0.569385 -0.034149 0.821361 0.074757 -0.342407 0.936573 0.021617 -0.206113 0.978289 0.424842 -0.008393 0.905228 0.672137 -0.004885 0.740410 0.779384 -0.009098 0.626481 0.810243 0.018632 0.585798 -0.880502 0.010577 -0.473925 -0.783756 0.027716 -0.620450 -0.933154 -0.002898 -0.359465 -0.962001 -0.010808 -0.272831 -0.998235 -0.013649 -0.057797 -0.999807 -0.016972 0.009861 -0.967969 -0.022433 0.250067 -0.956813 -0.023569 0.289747 -0.848347 -0.050004 0.527075 -0.878535 -0.048018 0.475258 0.706047 -0.015853 -0.707987 0.829736 -0.037911 -0.556867 0.626945 -0.007649 -0.779025 0.536106 0.005351 -0.844133 0.358264 -0.000334 -0.933620 0.264165 0.008819 -0.964437 0.047523 -0.012105 -0.998797 -0.076485 0.002241 -0.997068 -0.268781 -0.026139 -0.962846 -0.401838 -0.002802 -0.915706 -0.552326 -0.023506 -0.833297 -0.653132 0.000732 -0.757244 -0.776523 0.002418 -0.630084 -0.794652 0.024348 -0.606577 -0.880509 -0.010580 -0.473912 -0.783758 -0.027724 -0.620447 -0.933153 0.002895 -0.359468 -0.961991 0.010814 -0.272867 -0.998235 0.013641 -0.057795 -0.999807 0.016969 0.009878 -0.967970 0.022436 0.250060 -0.956830 0.023581 0.289690 -0.848347 0.050009 0.527073 -0.878540 0.048021 0.475248 -0.686798 -0.021739 0.726523 -0.826750 -0.049393 0.560397 -0.623282 -0.019063 0.781765 -0.514135 -0.000355 0.857709 -0.353963 -0.011777 0.935185 -0.239320 0.003138 0.970936 -0.042994 -0.023437 0.998800 0.101728 -0.003360 0.994807 0.072565 -0.460255 0.884816 0.802200 -0.058659 0.594167 0.759236 -0.070738 0.646959 0.039243 -0.533627 0.844809 -0.815311 -0.028421 -0.578326 -0.953491 -0.015735 -0.301009 -0.862315 -0.046717 -0.504214 -0.965634 -0.015068 -0.259469 
						-0.011579 -0.554720 0.831957 -0.999816 -0.017089 0.008683 -0.998612 -0.014426 0.050660 -0.060745 -0.521272 0.851226 -0.947953 -0.019746 0.317798 -0.936151 -0.010609 0.351437 -0.088128 -0.436933 0.895167 -0.805874 -0.002832 0.592081 -0.814281 0.025705 0.579901 -0.081131 -0.311624 0.946736 0.803650 0.017836 -0.594834 0.583026 0.005104 -0.812438 0.753887 0.039038 -0.655843 0.554042 0.008018 -0.832450 -0.025953 -0.168323 0.985390 0.303265 0.005863 -0.952888 0.234590 0.032122 -0.971564 -0.011651 -0.011623 -0.999865 0.533699 0.769320 -0.351158 -0.406403 -0.645154 -0.647003 -0.002412 -0.009522 -0.999952 -0.256577 -0.055460 -0.964931 -0.546575 -0.829919 -0.111765 -0.305866 -0.033066 -0.951500 0.077911 0.340862 0.936879 0.025579 0.203710 0.978697 -0.585585 -0.029912 -0.810059 -0.580072 -0.025569 -0.814164 0.076070 0.459107 0.885118 -0.804378 -0.046741 -0.592276 -0.768177 -0.062009 -0.637227 0.041214 0.533332 0.844901 -0.815310 0.028412 -0.578327 -0.953488 0.015723 -0.301019 -0.862309 0.046711 -0.504224 -0.965630 0.015066 -0.259482 -0.010724 0.554740 0.831954 -0.999816 0.017082 0.008681 -0.998612 0.014422 0.050655 -0.057420 0.521909 0.851066 -0.947955 0.019739 0.317791 -0.936154 0.010609 0.351431 -0.082322 0.439043 0.894687 -0.805876 0.002827 0.592078 -0.814295 -0.025717 0.579881 -0.075825 0.314364 0.946269 -0.805451 0.005797 0.592634 -0.585299 -0.006825 0.810789 -0.762855 0.030114 0.645868 -0.564869 -0.000685 0.825181 -0.020552 0.171696 0.984936 -0.305956 -0.006129 0.952026 -0.246436 0.024026 0.968861 0.000195 -0.019258 0.999815 -0.532902 0.751510 0.388906 0.428949 -0.693396 0.578969 -0.000388 -0.021426 0.999770 0.544650 -0.832252 0.103502 -0.665394 0.738724 0.107413 -0.761250 0.631429 0.147635 -0.720314 0.625136 0.300587 -0.649500 0.724399 0.231074 -0.697438 0.601148 0.390129 -0.650066 0.688659 0.321191 
						0.193272 -0.737948 -0.646590 0.256954 -0.612395 -0.747628 0.171942 -0.630340 -0.757038 0.131184 -0.748377 -0.650171 0.014836 -0.633066 -0.773956 0.016857 -0.746408 -0.665275 -0.142355 -0.631166 -0.762473 -0.101846 -0.738006 -0.667064 -0.227561 -0.614917 -0.755045 -0.177550 -0.711048 -0.680358 0.612619 0.723916 0.317243 0.685142 0.597433 0.416718 0.710179 0.623312 0.327302 0.621243 0.744033 0.245909 0.756301 0.630499 0.174583 0.649523 0.748418 0.134127 0.773891 0.633074 0.017576 0.665384 0.746237 0.019842 0.763084 0.631027 -0.139671 0.667904 0.737631 -0.099018 0.724064 0.624286 -0.293254 0.653967 0.722709 -0.223651 0.702269 0.599531 -0.383904 0.655684 0.686108 -0.315173 0.193264 0.737952 -0.646588 0.256950 0.612394 -0.747630 0.171943 0.630342 -0.757036 0.131185 0.748378 -0.650170 0.014840 0.633061 -0.773960 0.016865 0.746409 -0.665274 -0.142351 0.631170 -0.762470 -0.101846 0.738006 -0.667064 -0.227559 0.614917 -0.755046 -0.177556 0.711050 -0.680355 -0.618023 0.722220 -0.310557 -0.690171 0.595749 -0.410788 -0.714196 0.622392 -0.320238 -0.625274 0.743264 -0.237889 -0.758467 0.630019 -0.166748 -0.651421 0.748282 -0.125395 -0.774071 0.633029 -0.009440 -0.665043 0.746724 -0.010991 -0.000005 -0.801613 -0.597843 -0.000003 -0.747247 -0.664546 -0.000054 -0.720514 -0.693440 -0.000061 -0.787588 -0.616203 -0.000094 -0.648507 -0.761209 -0.000109 -0.736978 -0.675917 -0.000121 -0.502658 -0.864485 -0.000144 -0.622697 -0.782463 -0.000086 -0.246187 -0.969222 -0.000117 -0.389784 -0.920906 0.000022 0.097970 -0.995189 -0.000003 -0.009269 -0.999957 0.000083 0.403619 -0.914927 0.000076 0.375848 -0.926681 0.000113 0.595189 -0.803585 0.000116 0.615406 -0.788210 0.000082 0.695373 -0.718649 0.000087 0.733579 -0.679604 0.000058 0.739893 -0.672725 0.000060 0.786237 -0.617925 0.000003 0.747248 -0.664545 0.000000 0.801611 -0.597846 
						-0.000049 0.720514 -0.693440 -0.000056 0.787579 -0.616213 -0.000074 0.648499 -0.761216 -0.000090 0.736972 -0.675923 -0.000083 0.502626 -0.864504 -0.000110 0.622687 -0.782471 -0.000049 0.246130 -0.969237 -0.000084 0.389785 -0.920906 0.000024 -0.097962 -0.995190 -0.000001 0.009267 -0.999957 0.000121 -0.403652 -0.914913 0.000117 -0.375926 -0.926650 0.000143 -0.595202 -0.803576 0.000145 -0.615444 -0.788180 0.000117 -0.695378 -0.718644 0.000120 -0.733581 -0.679602 0.000071 -0.739894 -0.672724 0.000070 -0.786241 -0.617920 -0.552714 0.826867 0.103913 -0.588419 0.799894 0.118039 -0.561662 0.793967 0.232706 -0.538442 0.815614 0.211788 -0.554087 0.773355 0.308075 -0.542716 0.786661 0.294317 0.161871 -0.830606 -0.532815 0.192660 -0.786533 -0.586726 0.127102 -0.799952 -0.586449 0.110753 -0.835686 -0.537925 0.012213 -0.801594 -0.597744 0.013461 -0.832591 -0.553725 -0.103353 -0.799011 -0.592367 -0.089603 -0.824899 -0.558134 -0.170914 -0.784011 -0.596754 -0.158895 -0.801678 -0.576251 0.522474 0.817104 0.243643 0.567446 0.767662 0.297824 0.571750 0.790836 0.218360 0.524466 0.832267 0.179632 0.593754 0.798262 0.101163 0.542927 0.835643 0.083257 0.597848 0.801474 -0.014757 0.551152 0.834285 -0.014135 0.585262 0.800460 -0.129349 0.548367 0.828278 -0.115104 0.555615 0.795222 -0.242720 0.531334 0.817748 -0.221296 0.546186 0.775730 -0.316106 0.533902 0.789953 -0.301534 0.161979 0.830619 -0.532761 0.192660 0.786539 -0.586718 0.127108 0.799951 -0.586448 0.110818 0.835688 -0.537908 0.012230 0.801591 -0.597747 0.013523 0.832586 -0.553730 -0.103354 0.799004 -0.592377 -0.089419 0.824871 -0.558204 -0.170934 0.784012 -0.596746 -0.158635 0.801620 -0.576403 -0.515038 0.819109 -0.252578 -0.559569 0.770272 -0.305882 -0.565719 0.792327 -0.228429 -0.519199 0.833135 -0.190575 -0.590621 0.799070 -0.112497 -0.540797 0.835740 -0.095272 
						-0.597858 0.801596 0.002992 -0.552332 0.833621 0.002062 -0.041531 -0.449453 -0.892338 -0.021848 -0.245230 -0.969219 -0.031494 -0.413967 -0.909747 -0.059151 -0.739786 -0.670237 -0.029052 -0.527492 -0.849063 -0.050323 -0.857565 -0.511909 -0.016780 -0.589069 -0.807908 -0.028391 -0.904738 -0.425022 0.000611 -0.604697 -0.796455 -0.000786 -0.919259 -0.393652 0.017586 -0.576184 -0.817131 0.027229 -0.911255 -0.410942 0.028581 -0.499759 -0.865693 0.050649 -0.875794 -0.480021 0.028975 -0.368977 -0.928987 0.063217 -0.786783 -0.613984 0.017148 -0.184178 -0.982743 0.054244 -0.567308 -0.821717 -0.002848 0.034004 -0.999418 0.010474 -0.093743 -0.995541 -0.021849 0.245221 -0.969221 -0.041532 0.449443 -0.892343 -0.031494 0.413967 -0.909747 -0.059149 0.739783 -0.670241 -0.029049 0.527490 -0.849064 -0.050322 0.857567 -0.511905 -0.016781 0.589068 -0.807909 -0.028391 0.904738 -0.425021 0.000610 0.604702 -0.796452 -0.000786 0.919257 -0.393657 0.017585 0.576183 -0.817131 0.027228 0.911256 -0.410940 0.028580 0.499753 -0.865696 0.050649 0.875796 -0.480018 0.028976 0.368986 -0.928983 0.063218 0.786784 -0.613982 0.017148 0.184181 -0.982743 0.054243 0.567312 -0.821714 -0.002848 -0.034002 -0.999418 0.010474 0.093748 -0.995541 0.383544 -0.024286 0.923203 0.088046 -0.023733 0.995834 0.391464 -0.023734 0.919887 0.650054 -0.024287 0.759500 0.652250 -0.024603 0.757604 0.852735 -0.023986 0.521793 -0.847073 0.015617 -0.531247 -0.699120 0.014857 -0.714850 -0.884616 0.015250 -0.466071 -0.969728 0.015447 -0.243698 -0.985344 0.015250 -0.169897 -0.997573 0.015447 0.067889 -0.989617 0.015248 0.142916 -0.927769 0.015446 0.372835 -0.898236 0.015676 0.439233 -0.767292 0.015284 0.641116 0.761810 -0.021641 -0.647439 0.910997 -0.020315 -0.411912 0.741978 -0.020969 -0.670096 0.524743 -0.021380 -0.850992 0.498588 -0.020971 -0.866586 0.236087 -0.021381 -0.971497 
						0.206396 -0.020969 -0.978244 -0.075672 -0.021380 -0.996903 -0.105989 -0.020971 -0.994146 -0.380022 -0.021381 -0.924730 -0.408015 -0.020969 -0.912734 -0.647189 -0.021380 -0.762030 -0.666649 -0.021680 -0.745056 -0.850822 -0.021130 -0.525029 -0.847074 -0.015616 -0.531245 -0.699131 -0.014857 -0.714839 -0.884617 -0.015249 -0.466069 -0.969727 -0.015446 -0.243703 -0.985344 -0.015249 -0.169894 -0.997573 -0.015447 0.067888 -0.989619 -0.015250 0.142903 -0.927770 -0.015447 0.372833 -0.898234 -0.015676 0.439238 -0.767287 -0.015283 0.641122 -0.759226 -0.024596 0.650362 -0.917839 -0.022931 0.396290 -0.753886 -0.023731 0.656576 -0.521456 -0.024284 0.852932 -0.514102 -0.023731 0.857401 -0.232359 -0.024284 0.972327 -0.223989 -0.023733 0.974303 0.079479 -0.024285 0.996541 
					</float_array>
					<technique_common>
						<accessor count="602" offset="0" source="#meshId3-bitangents-array" stride="3">
							<param name="X" type="float" />
							<param name="Y" type="float" />
							<param name="Z" type="float" />
						</accessor>
					</technique_common>
				</source>
				<source id="meshId3-tex0" name="meshId3-tex0">
					<float_array id="meshId3-tex0-array" count="1204"> 
						0.620438 0.451824 0.619414 0.315480 0.644483 0.315292 0.645507 0.451635 0.669551 0.315104 0.670575 0.451447 0.409757 0.649744 0.410494 0.786090 0.385425 0.786225 0.384688 0.649880 0.360357 0.786361 0.359619 0.650016 0.335289 0.786497 0.334551 0.650151 0.310220 0.786632 0.309482 0.650287 0.547164 0.141596 0.546832 0.005249 0.571901 0.005188 0.572233 0.141535 0.596970 0.005127 0.597302 0.141474 0.622039 0.005066 0.622371 0.141413 0.647108 0.005005 0.647440 0.141352 0.672176 0.004944 0.672509 0.141291 0.697245 0.004883 0.697578 0.141230 0.686024 0.282677 0.685286 0.146331 0.710355 0.146196 0.711093 0.282541 0.735423 0.146060 0.736161 0.282405 0.760492 0.145924 0.761230 0.282270 0.785561 0.145789 0.786299 0.282134 0.520165 0.452577 0.519141 0.316233 0.544210 0.316045 0.545234 0.452389 0.569278 0.315857 0.570302 0.452200 0.594346 0.315669 0.595370 0.452012 0.189559 0.046964 0.204060 0.075423 0.106969 0.106969 0.166974 0.024380 0.138516 0.009879 0.106969 0.004883 0.075423 0.009879 0.046964 0.024380 0.024379 0.046964 0.009879 0.075423 0.004883 0.106969 0.009879 0.138516 0.024379 0.166974 0.046964 0.189559 0.075423 0.204060 0.106969 0.209056 
						0.138516 0.204060 0.166974 0.189559 0.189559 0.166974 0.204060 0.138516 0.209056 0.106969 0.007637 0.006731 0.007437 0.007125 0.006294 0.006295 0.007124 0.007437 0.006731 0.007637 0.006294 0.007707 0.005858 0.007637 0.005465 0.007437 0.005152 0.007125 0.004952 0.006731 0.004883 0.006295 0.004952 0.005858 0.005152 0.005465 0.005465 0.005152 0.005858 0.004952 0.006294 0.004883 0.006731 0.004952 0.007124 0.005152 0.007437 0.005465 0.007637 0.005858 0.007706 0.006295 0.454403 0.466432 0.457882 0.477141 0.433122 0.481063 0.433122 0.469803 0.408362 0.477141 0.411841 0.466432 0.386025 0.465760 0.392644 0.456651 0.368299 0.448034 0.377409 0.441415 0.356918 0.425697 0.367626 0.422218 0.352996 0.400937 0.364256 0.400937 0.356918 0.376176 0.367626 0.379656 0.368299 0.353840 0.377408 0.360458 0.386025 0.336113 0.392644 0.345223 0.408362 0.324732 0.411841 0.335441 0.433122 0.320811 0.433122 0.332071 0.457882 0.324732 0.454403 0.335441 0.480219 0.336113 0.473601 0.345223 0.497946 0.353840 0.488836 0.360458 0.509327 0.376176 0.498618 0.379656 0.513248 0.400937 0.501988 0.400937 0.509327 0.425697 0.498618 0.422217 0.497946 0.448034 0.488836 0.441415 
						0.480219 0.465760 0.473601 0.456651 0.097410 0.776242 0.005519 0.769991 0.007805 0.748567 0.098947 0.761845 0.011727 0.727381 0.101582 0.747608 0.263517 0.748245 0.276670 0.839404 0.255242 0.841661 0.249117 0.749761 0.233705 0.842268 0.234644 0.750169 0.212184 0.841222 0.220183 0.749466 0.190807 0.838529 0.205817 0.747656 0.354501 0.132579 0.264531 0.152288 0.260731 0.131080 0.351947 0.118327 0.258569 0.109642 0.350494 0.103921 0.258056 0.088102 0.350150 0.089446 0.259197 0.066587 0.350917 0.074988 0.261984 0.045221 0.352789 0.060631 0.266401 0.024133 0.355758 0.046460 0.120888 0.840937 0.107735 0.749778 0.129162 0.747521 0.135287 0.839421 0.150700 0.746914 0.149760 0.839013 0.172220 0.747960 0.164222 0.839716 0.193597 0.750653 0.178587 0.841525 0.102343 0.833733 0.012859 0.855544 0.008563 0.834430 0.099456 0.819545 0.005900 0.813050 0.097666 0.805177 0.004883 0.791528 0.096983 0.790714 0.475901 0.374472 0.475900 0.374472 0.469118 0.361632 0.469118 0.361632 0.458741 0.351525 0.458741 0.351525 0.445764 0.345125 0.445764 0.345125 0.431455 0.343020 0.431455 0.343019 0.417207 0.345442 0.417206 0.345441 0.404410 0.352151 0.404410 0.352151 
						0.394318 0.362493 0.394318 0.362493 0.387865 0.375451 0.387864 0.375451 0.385738 0.389775 0.385738 0.389775 0.388148 0.404043 0.388148 0.404044 0.394851 0.416841 0.394851 0.416841 0.405167 0.426958 0.405167 0.426959 0.418113 0.433390 0.418113 0.433390 0.432423 0.435505 0.432423 0.435505 0.446702 0.433092 0.446702 0.433092 0.459530 0.426454 0.459530 0.426454 0.469691 0.416157 0.469691 0.416157 0.476204 0.403191 0.476204 0.403191 0.478399 0.388816 0.478400 0.388816 0.144621 0.319869 0.138684 0.315515 0.144640 0.303966 0.151632 0.306273 0.133751 0.330634 0.129450 0.324658 0.120087 0.337512 0.117843 0.330500 0.104966 0.339832 0.104999 0.332470 0.089868 0.337366 0.092175 0.330374 0.076271 0.330354 0.080626 0.324417 0.065507 0.319485 0.071483 0.315184 0.058628 0.305821 0.065641 0.303577 0.056309 0.290700 0.063671 0.290733 0.058775 0.275602 0.065767 0.277909 0.065786 0.262005 0.071723 0.266360 0.076656 0.251241 0.080957 0.257217 0.090320 0.244362 0.092564 0.251375 0.105441 0.242043 0.105408 0.249405 0.120539 0.244509 0.118232 0.251501 0.134135 0.251520 0.129781 0.257457 0.144900 0.262390 0.138924 0.266691 0.151779 0.276054 0.144766 0.278298 
						0.154098 0.291175 0.146736 0.291142 0.684767 0.471968 0.685399 0.487584 0.678733 0.487834 0.678133 0.472194 0.672807 0.488113 0.672264 0.472444 0.471832 0.359588 0.479082 0.373276 0.691773 0.487353 0.691125 0.471771 0.684276 0.456263 0.690679 0.456377 0.975233 0.262875 0.981674 0.262622 0.981559 0.278288 0.975174 0.278259 0.981283 0.293917 0.974907 0.293804 0.980931 0.309541 0.974576 0.309351 0.980444 0.325244 0.974062 0.324735 0.968945 0.609030 0.962504 0.609352 0.962456 0.593682 0.968847 0.593639 0.962578 0.578047 0.968974 0.578058 0.962753 0.562411 0.969114 0.562331 0.962321 0.546739 0.968697 0.546586 0.961877 0.531117 0.968237 0.530997 0.961575 0.515407 0.967977 0.515598 0.969448 0.500042 0.963007 0.500295 0.963122 0.484629 0.969507 0.484658 0.963398 0.469001 0.969774 0.469114 0.963749 0.453376 0.970105 0.453566 0.964237 0.437673 0.970618 0.438183 0.692774 0.549790 0.686338 0.550190 0.686100 0.534521 0.692491 0.534401 0.686034 0.518886 0.692429 0.518820 0.686020 0.503249 0.692379 0.503093 0.460698 0.348743 0.677544 0.456432 0.671650 0.456965 0.446772 0.341876 0.988402 0.262592 0.988187 0.278384 0.994353 0.262980 0.994081 0.278520 
						0.431417 0.339618 0.987923 0.294054 0.993811 0.294186 0.416120 0.342218 0.987555 0.309725 0.993423 0.309844 0.402382 0.349420 0.987168 0.325492 0.993081 0.325328 0.391550 0.360515 0.955773 0.609455 0.955819 0.593659 0.949814 0.609128 0.949917 0.593583 0.384643 0.374342 0.955911 0.578005 0.949987 0.577909 0.950333 0.562475 0.946589 0.577303 0.946986 0.562494 0.956154 0.562462 0.949724 0.547116 0.946372 0.547756 0.955652 0.546909 0.392125 0.418868 0.384960 0.405218 0.955241 0.531263 0.949370 0.531442 0.403192 0.429728 0.954842 0.515495 0.948942 0.515956 0.417089 0.436634 0.956279 0.500326 0.956494 0.484533 0.950327 0.499937 0.950600 0.484398 0.432450 0.438907 0.956757 0.468863 0.950870 0.468732 0.447770 0.436322 0.957125 0.453193 0.951258 0.453073 0.461536 0.429202 0.957512 0.437425 0.951600 0.437590 0.472444 0.418157 0.679608 0.550373 0.679464 0.534579 0.673646 0.550119 0.673561 0.534574 0.479418 0.404325 0.679367 0.518925 0.673442 0.518900 0.673602 0.503463 0.670037 0.518336 0.670256 0.503523 0.679422 0.503380 0.669463 0.488793 0.783551 0.929776 0.792130 0.852871 0.804959 0.854955 0.788746 0.930620 0.817516 0.858310 0.793831 0.931979 
						0.513235 0.828375 0.527285 0.904471 0.514401 0.906190 0.508019 0.829071 0.501411 0.906613 0.502758 0.829242 0.488443 0.905737 0.497507 0.828888 0.475627 0.903572 0.492318 0.828011 0.876724 0.084279 0.855387 0.009896 0.868044 0.006941 0.881849 0.083082 0.880933 0.005265 0.887068 0.082403 0.893925 0.004883 0.892329 0.082249 0.906890 0.005800 0.897579 0.082620 0.919699 0.008007 0.902766 0.083514 0.932223 0.011481 0.907837 0.084921 0.212768 0.245802 0.198719 0.169706 0.211602 0.167988 0.217985 0.245107 0.224593 0.167564 0.223245 0.244935 0.237561 0.168440 0.228496 0.245290 0.250376 0.170606 0.233686 0.246166 0.762713 0.931633 0.740668 0.857458 0.753296 0.854382 0.767827 0.930388 0.766169 0.852583 0.773039 0.929659 0.779156 0.852077 0.778298 0.929455 0.203673 0.037170 0.203673 0.038526 0.198475 0.037703 0.198894 0.036413 0.193785 0.035314 0.194582 0.034216 0.190064 0.031592 0.191161 0.030795 0.187674 0.026903 0.188964 0.026483 0.186851 0.021704 0.188208 0.021704 0.187674 0.016506 0.188964 0.016925 0.190064 0.011817 0.191161 0.012614 0.193785 0.008095 0.194583 0.009193 0.198475 0.005706 0.198894 0.006996 0.203673 0.004883 0.203673 0.006239 
						0.208871 0.005706 0.208452 0.006996 0.213561 0.008095 0.212763 0.009193 0.217282 0.011817 0.216184 0.012614 0.219671 0.016506 0.218381 0.016926 0.220495 0.021704 0.219138 0.021704 0.219671 0.026903 0.218381 0.026483 0.217282 0.031592 0.216184 0.030795 0.213561 0.035314 0.212763 0.034216 0.208871 0.037703 0.208452 0.036413 0.807097 0.273252 0.811312 0.216810 0.816120 0.217358 0.807536 0.273302 0.820871 0.218277 0.807970 0.273386 0.736098 0.066465 0.744125 0.122492 0.739312 0.122991 0.735659 0.066511 0.734475 0.123116 0.735217 0.066522 0.729643 0.122864 0.734776 0.066499 0.724845 0.122239 0.734338 0.066442 0.018824 0.243559 0.004883 0.188704 0.009615 0.187695 0.019256 0.243467 0.014412 0.187057 0.019693 0.243409 0.019243 0.186793 0.020135 0.243385 0.024080 0.186905 0.020576 0.243395 0.028894 0.187392 0.021016 0.243439 0.033656 0.188251 0.021450 0.243518 0.582549 0.513783 0.574523 0.457756 0.579336 0.457256 0.582988 0.513737 0.584173 0.457132 0.583430 0.513726 0.589005 0.457383 0.583871 0.513749 0.593803 0.458009 0.584309 0.513806 0.805343 0.273394 0.792094 0.218368 0.796839 0.217419 0.805776 0.273308 0.801643 0.216841 0.806215 0.273255 
						0.806477 0.216638 0.806656 0.273236 0.182698 0.340521 0.203165 0.347190 0.188701 0.375511 0.171297 0.362844 0.166193 0.397977 0.153555 0.380551 0.137845 0.412387 0.131210 0.391910 0.106431 0.417333 0.106448 0.395807 0.075026 0.412328 0.081695 0.391862 0.046705 0.397864 0.059371 0.380460 0.024239 0.375356 0.041664 0.362718 0.009828 0.347008 0.030306 0.340373 0.004883 0.315594 0.026409 0.315612 0.009887 0.284189 0.030354 0.290858 0.024351 0.255868 0.041755 0.268535 0.046859 0.233402 0.059497 0.250827 0.075207 0.218991 0.081842 0.239469 0.106621 0.214046 0.106604 0.235572 0.138027 0.219050 0.131357 0.239517 0.166348 0.233514 0.153681 0.250918 0.188813 0.256022 0.171388 0.268660 0.203224 0.284370 0.182746 0.291005 0.208169 0.315785 0.186644 0.315767 0.644199 0.763994 0.607737 0.764894 0.606954 0.733134 0.643415 0.732234 0.606170 0.701374 0.642632 0.700474 0.887034 0.090343 0.923503 0.089771 0.924001 0.121536 0.887532 0.122108 0.924499 0.153302 0.888030 0.153874 0.924997 0.185068 0.888528 0.185639 0.925495 0.216833 0.889026 0.217405 0.880167 0.693763 0.843703 0.694555 0.843013 0.662793 0.879478 0.662001 0.842323 0.631031 0.878788 0.630239 
						0.841633 0.599269 0.878098 0.598477 0.840944 0.567507 0.877408 0.566715 0.840254 0.535746 0.876718 0.534954 0.839564 0.503983 0.876028 0.503191 0.929451 0.348981 0.892982 0.349553 0.892484 0.317788 0.928953 0.317216 0.891986 0.286022 0.928455 0.285450 0.891488 0.254256 0.927957 0.253684 0.890990 0.222491 0.927458 0.221919 0.647334 0.891032 0.610872 0.891932 0.610089 0.860173 0.646551 0.859273 0.609305 0.828413 0.645767 0.827513 0.608521 0.796653 0.644983 0.795753 
					</float_array>
					<technique_common>
						<accessor count="602" offset="0" source="#meshId3-tex0-array" stride="2">
							<param name="S" type="float" />
							<param name="T" type="float" />
						</accessor>
					</technique_common>
				</source>
				<vertices id="meshId3-vertices">
					<input semantic="POSITION" source="#meshId3-positions" />
				</vertices>
				<polylist count="600" material="defaultMaterial">
					<input offset="0" semantic="VERTEX" source="#meshId3-vertices" />
					<input offset="0" semantic="NORMAL" source="#meshId3-normals" />
					<input offset="0" semantic="TANGENT" source="#meshId3-tangents" />
					<input offset="0" semantic="BINORMAL" source="#meshId3-bitangents" />
					<input offset="0" semantic="TEXCOORD" source="#meshId3-tex0" set="0" />
					<vcount>
						3 3 3 3 3 3 3 3 3 3 3 3 3 3 3 3 3 3 3 3 3 3 3 3 3 3 3 3 3 3 3 3 3 3 3 3 3 3 3 3 3 3 3 3 3 3 3 3 3 3 3 3 3 3 3 3 3 3 3 3 3 3 3 3 
						3 3 3 3 3 3 3 3 3 3 3 3 3 3 3 3 3 3 3 3 3 3 3 3 3 3 3 3 3 3 3 3 3 3 3 3 3 3 3 3 3 3 3 3 3 3 3 3 3 3 3 3 3 3 3 3 3 3 3 3 3 3 3 3 
						3 3 3 3 3 3 3 3 3 3 3 3 3 3 3 3 3 3 3 3 3 3 3 3 3 3 3 3 3 3 3 3 3 3 3 3 3 3 3 3 3 3 3 3 3 3 3 3 3 3 3 3 3 3 3 3 3 3 3 3 3 3 3 3 
						3 3 3 3 3 3 3 3 3 3 3 3 3 3 3 3 3 3 3 3 3 3 3 3 3 3 3 3 3 3 3 3 3 3 3 3 3 3 3 3 3 3 3 3 3 3 3 3 3 3 3 3 3 3 3 3 3 3 3 3 3 3 3 3 
						3 3 3 3 3 3 3 3 3 3 3 3 3 3 3 3 3 3 3 3 3 3 3 3 3 3 3 3 3 3 3 3 3 3 3 3 3 3 3 3 3 3 3 3 3 3 3 3 3 3 3 3 3 3 3 3 3 3 3 3 3 3 3 3 
						3 3 3 3 3 3 3 3 3 3 3 3 3 3 3 3 3 3 3 3 3 3 3 3 3 3 3 3 3 3 3 3 3 3 3 3 3 3 3 3 3 3 3 3 3 3 3 3 3 3 3 3 3 3 3 3 3 3 3 3 3 3 3 3 
						3 3 3 3 3 3 3 3 3 3 3 3 3 3 3 3 3 3 3 3 3 3 3 3 3 3 3 3 3 3 3 3 3 3 3 3 3 3 3 3 3 3 3 3 3 3 3 3 3 3 3 3 3 3 3 3 3 3 3 3 3 3 3 3 
						3 3 3 3 3 3 3 3 3 3 3 3 3 3 3 3 3 3 3 3 3 3 3 3 3 3 3 3 3 3 3 3 3 3 3 3 3 3 3 3 3 3 3 3 3 3 3 3 3 3 3 3 3 3 3 3 3 3 3 3 3 3 3 3 
						3 3 3 3 3 3 3 3 3 3 3 3 3 3 3 3 3 3 3 3 3 3 3 3 3 3 3 3 3 3 3 3 3 3 3 3 3 3 3 3 3 3 3 3 3 3 3 3 3 3 3 3 3 3 3 3 3 3 3 3 3 3 3 3 
						3 3 3 3 3 3 3 3 3 3 3 3 3 3 3 3 3 3 3 3 3 3 3 3 
					</vcount>
					<p>
						0 1 2 2 3 0 3 2 4 4 5 3 6 7 8 8 9 6 9 8 10 10 11 9 11 10 12 12 13 11 13 12 14 14 15 13 16 17 18 18 19 16 19 18 20 20 21 19 21 20 22 22 23 21 23 22 24 24 25 23 25 24 26 26 27 25 27 26 28 28 29 27 30 31 32 32 33 30 33 32 34 34 35 33 35 34 36 36 37 35 37 36 38 38 39 37 40 41 42 42 43 40 43 42 44 44 45 43 45 44 46 46 47 45 47 46 1 1 0 47 48 49 50 51 48 50 52 51 50 53 52 50 54 53 50 55 54 50 56 55 50 57 56 50 58 57 50 59 58 50 60 59 50 61 60 50 62 61 50 63 62 50 64 63 50 65 64 50 66 65 50 67 66 50 68 67 50 49 68 50 69 70 71 70 72 71 72 73 71 73 74 71 
						74 75 71 75 76 71 76 77 71 77 78 71 78 79 71 79 80 71 80 81 71 81 82 71 82 83 71 83 84 71 84 85 71 85 86 71 86 87 71 87 88 71 88 89 71 89 69 71 90 91 92 92 93 90 93 92 94 94 95 93 95 94 96 96 97 95 97 96 98 98 99 97 99 98 100 100 101 99 101 100 102 102 103 101 103 102 104 104 105 103 105 104 106 106 107 105 107 106 108 108 109 107 109 108 110 110 111 109 111 110 112 112 113 111 113 112 114 114 115 113 115 114 116 116 117 115 117 116 118 118 119 117 119 118 120 120 121 119 121 120 122 122 123 121 123 122 124 124 125 123 125 124 126 126 127 125 127 126 128 128 129 127 129 128 91 91 90 129 130 131 132 132 133 130 133 132 134 134 135 133 136 137 138 138 139 136 139 138 140 140 141 139 
						141 140 142 142 143 141 143 142 144 144 145 143 146 147 148 148 149 146 149 148 150 150 151 149 151 150 152 152 153 151 153 152 154 154 155 153 155 154 156 156 157 155 157 156 158 158 159 157 160 161 162 162 163 160 163 162 164 164 165 163 165 164 166 166 167 165 167 166 168 168 169 167 170 171 172 172 173 170 173 172 174 174 175 173 175 174 176 176 177 175 177 176 131 131 130 177 178 179 180 180 181 178 181 180 182 182 183 181 183 182 184 184 185 183 185 184 186 186 187 185 187 186 188 188 189 187 189 188 190 190 191 189 191 190 192 192 193 191 193 192 194 194 195 193 195 194 196 196 197 195 197 196 198 198 199 197 199 198 200 200 201 199 201 200 202 202 203 201 203 202 204 204 205 203 205 204 206 206 207 205 207 206 208 208 209 207 209 208 210 210 211 209 
						211 210 212 212 213 211 213 212 214 214 215 213 215 214 216 216 217 215 217 216 179 179 178 217 218 219 220 220 221 218 222 223 219 219 218 222 224 225 223 223 222 224 226 227 225 225 224 226 228 229 227 227 226 228 230 231 229 229 228 230 232 233 231 231 230 232 234 235 233 233 232 234 236 237 235 235 234 236 238 239 237 237 236 238 240 241 239 239 238 240 242 243 241 241 240 242 244 245 243 243 242 244 246 247 245 245 244 246 248 249 247 247 246 248 250 251 249 249 248 250 252 253 251 251 250 252 254 255 253 253 252 254 256 257 255 255 254 256 221 220 257 257 256 221 258 259 260 260 261 258 261 260 262 262 263 261 264 265 178 178 181 264 266 259 258 258 267 266 267 258 268 268 269 267 270 271 272 272 273 270 273 272 274 274 275 273 275 274 276 276 277 275 
						277 276 278 278 279 277 280 281 282 282 283 280 283 282 284 284 285 283 285 284 286 286 287 285 287 286 288 288 289 287 289 288 290 290 291 289 291 290 292 292 293 291 294 295 296 296 297 294 297 296 298 298 299 297 299 298 300 300 301 299 301 300 302 302 303 301 304 305 306 306 307 304 307 306 308 308 309 307 309 308 310 310 311 309 311 310 259 259 266 311 312 264 181 181 183 312 268 258 261 261 313 268 313 261 263 263 314 313 315 312 183 183 185 315 272 271 316 316 317 272 317 316 318 318 319 317 320 315 185 185 187 320 274 272 317 317 321 274 321 317 319 319 322 321 323 320 187 187 189 323 276 274 321 321 324 276 324 321 322 322 325 324 326 323 189 189 191 326 278 276 324 324 327 278 327 324 325 325 328 327 329 326 191 191 193 329 282 281 330 330 331 282 
						331 330 332 332 333 331 334 329 193 193 195 334 284 282 331 331 335 284 335 331 333 333 336 335 337 336 338 338 339 337 286 284 335 335 340 286 340 335 336 336 337 340 341 337 339 339 342 341 288 286 340 340 343 288 343 340 337 337 341 343 344 345 199 199 201 344 290 288 343 343 346 290 346 343 341 341 347 346 348 344 201 201 203 348 292 290 346 346 349 292 349 346 347 347 350 349 351 348 203 203 205 351 296 295 352 352 353 296 353 352 354 354 355 353 356 351 205 205 207 356 298 296 353 353 357 298 357 353 355 355 358 357 359 356 207 207 209 359 300 298 357 357 360 300 360 357 358 358 361 360 362 359 209 209 211 362 302 300 360 360 363 302 363 360 361 361 364 363 365 362 211 211 213 365 306 305 366 366 367 306 367 366 368 368 369 367 370 365 213 213 215 370 
						308 306 367 367 371 308 371 367 369 369 372 371 373 372 374 374 375 373 310 308 371 371 376 310 376 371 372 372 373 376 375 377 262 262 373 375 373 262 260 260 376 373 376 260 259 259 310 376 378 379 380 380 381 378 381 380 382 382 383 381 384 385 386 386 387 384 387 386 388 388 389 387 389 388 390 390 391 389 391 390 392 392 393 391 394 395 396 396 397 394 397 396 398 398 399 397 399 398 400 400 401 399 401 400 402 402 403 401 403 402 404 404 405 403 405 404 406 406 407 405 408 409 410 410 411 408 411 410 412 412 413 411 413 412 414 414 415 413 415 414 416 416 417 415 418 419 420 420 421 418 421 420 422 422 423 421 423 422 424 424 425 423 425 424 379 379 378 425 426 427 428 428 429 426 429 428 430 430 431 429 431 430 432 432 433 431 433 432 434 434 435 433 
						435 434 436 436 437 435 437 436 438 438 439 437 439 438 440 440 441 439 441 440 442 442 443 441 443 442 444 444 445 443 445 444 446 446 447 445 447 446 448 448 449 447 449 448 450 450 451 449 451 450 452 452 453 451 453 452 454 454 455 453 455 454 456 456 457 455 457 456 458 458 459 457 459 458 460 460 461 459 461 460 462 462 463 461 463 462 464 464 465 463 465 464 427 427 426 465 466 467 468 468 469 466 469 468 470 470 471 469 472 473 474 474 475 472 475 474 476 476 477 475 477 476 478 478 479 477 479 478 480 480 481 479 482 483 484 484 485 482 485 484 486 486 487 485 487 486 488 488 489 487 489 488 490 490 491 489 491 490 492 492 493 491 493 492 494 494 495 493 496 497 498 498 499 496 499 498 500 500 501 499 501 500 502 502 503 501 503 502 504 504 505 503 
						506 507 508 508 509 506 509 508 510 510 511 509 511 510 512 512 513 511 513 512 467 467 466 513 514 515 516 516 517 514 517 516 518 518 519 517 519 518 520 520 521 519 521 520 522 522 523 521 523 522 524 524 525 523 525 524 526 526 527 525 527 526 528 528 529 527 529 528 530 530 531 529 531 530 532 532 533 531 533 532 534 534 535 533 535 534 536 536 537 535 537 536 538 538 539 537 539 538 540 540 541 539 541 540 542 542 543 541 543 542 544 544 545 543 545 544 546 546 547 545 547 546 548 548 549 547 549 548 550 550 551 549 551 550 552 552 553 551 553 552 515 515 514 553 554 555 556 556 557 554 557 556 558 558 559 557 560 561 562 562 563 560 563 562 564 564 565 563 565 564 566 566 567 565 567 566 568 568 569 567 570 571 572 572 573 570 573 572 574 574 575 573 
						575 574 576 576 577 575 577 576 578 578 579 577 579 578 580 580 581 579 581 580 582 582 583 581 584 585 586 586 587 584 587 586 588 588 589 587 589 588 590 590 591 589 591 590 592 592 593 591 594 595 596 596 597 594 597 596 598 598 599 597 599 598 600 600 601 599 601 600 555 555 554 601 
					</p>
				</polylist>
			</mesh>
		</geometry>
		<geometry id="meshId4" name="meshId4_name" >
			<mesh>
				<source id="meshId4-positions" name="meshId4-positions">
					<float_array id="meshId4-positions-array" count="624"> 
						0.000000 4.247867 -0.000000 0.208405 3.449291 0.208404 0.208405 3.449291 -0.208404 -0.500000 0.403884 0.500000 -0.492847 0.245355 0.492847 0.492847 0.245355 0.492847 0.500000 0.403884 0.500000 -0.492847 0.245355 0.492847 -0.475576 0.179688 0.475576 0.475576 0.179688 0.475576 0.492847 0.245355 0.492847 -0.475576 0.179688 -0.475576 -0.492847 0.245355 -0.492847 0.492847 0.245355 -0.492847 0.475576 0.179688 -0.475576 -0.492847 0.245355 -0.492847 -0.500000 0.403884 -0.500000 0.500000 0.403884 -0.500000 0.492847 0.245355 -0.492847 0.500000 0.499999 0.500000 -0.500000 0.499999 0.500000 -0.500000 0.499999 -0.500000 0.500000 0.499999 -0.500000 -0.475576 0.179688 -0.475576 0.475576 0.179688 -0.475576 0.475576 0.179688 0.475576 -0.475576 0.179688 0.475576 0.500000 0.403884 0.500000 0.500000 0.403884 -0.500000 0.500000 0.499999 -0.500000 0.500000 0.499999 0.500000 -0.500000 0.403884 -0.500000 -0.500000 0.403884 0.500000 -0.500000 0.499999 0.500000 -0.500000 0.499999 -0.500000 -0.475576 0.179688 0.475576 -0.492847 0.245355 0.492847 -0.492847 0.245355 -0.492847 -0.475576 0.179688 -0.475576 -0.492847 0.245355 0.492847 -0.492847 0.245355 -0.492847 0.492847 0.245355 0.492847 0.492847 0.245355 -0.492847 0.492847 0.245355 0.492847 0.475576 0.179688 0.475576 0.475576 0.179688 -0.475576 0.492847 0.245355 -0.492847 -0.500000 0.499999 0.500000 0.500000 0.499999 0.500000 0.467294 0.499999 0.467294 -0.467294 0.499999 0.467294 0.500000 0.499999 -0.500000 0.467294 0.499999 -0.467294 -0.500000 0.499999 -0.500000 -0.467294 0.499999 -0.467294 -0.450269 0.656273 0.450270 0.450269 0.656273 0.450270 0.450269 0.760485 0.450270 -0.450269 0.760485 0.450270 0.450269 0.656273 0.450270 0.450269 0.656273 -0.450269 0.450269 0.760485 -0.450269 0.450269 0.760485 0.450270 0.450269 0.656273 -0.450269 
						-0.450269 0.656273 -0.450269 -0.450269 0.760485 -0.450269 0.450269 0.760485 -0.450269 -0.450269 0.656273 -0.450269 -0.450269 0.656273 0.450270 -0.450269 0.760485 0.450270 -0.450269 0.760485 -0.450269 -0.452550 0.578134 0.452550 -0.452550 0.578134 -0.452550 -0.467294 0.499999 0.467294 -0.458782 0.520934 0.458782 -0.458782 0.520934 -0.458782 -0.467294 0.499999 -0.467294 -0.458782 0.520934 0.458782 -0.452550 0.578134 0.452550 -0.452550 0.578134 -0.452550 -0.458782 0.520934 -0.458782 -0.452550 0.578134 0.452550 0.452550 0.578134 0.452550 -0.452550 0.578134 0.452550 -0.458782 0.520934 0.458782 0.458782 0.520934 0.458782 0.452550 0.578134 0.452550 -0.458782 0.520934 0.458782 -0.467294 0.499999 0.467294 0.467294 0.499999 0.467294 0.458782 0.520934 0.458782 0.452550 0.578134 0.452550 0.452550 0.578134 -0.452550 0.452550 0.578134 0.452550 0.458782 0.520934 0.458782 0.458782 0.520934 -0.458782 0.452550 0.578134 -0.452550 0.458782 0.520934 0.458782 0.467294 0.499999 0.467294 0.467294 0.499999 -0.467294 0.458782 0.520934 -0.458782 0.452550 0.578134 -0.452550 -0.452550 0.578134 -0.452550 0.452550 0.578134 -0.452550 0.458782 0.520934 -0.458782 -0.458782 0.520934 -0.458782 -0.452550 0.578134 -0.452550 0.458782 0.520934 -0.458782 0.467294 0.499999 -0.467294 -0.467294 0.499999 -0.467294 -0.458782 0.520934 -0.458782 -0.450269 0.760485 0.450270 0.450269 0.760485 0.450270 0.400539 0.760485 0.400539 -0.400539 0.760485 0.400539 0.450269 0.760485 -0.450269 0.400539 0.760485 -0.400539 -0.450269 0.760485 -0.450269 -0.400539 0.760485 -0.400539 -0.400539 0.760485 0.400539 0.400539 0.760485 0.400539 0.233270 3.335427 0.233270 -0.233270 3.335427 0.233270 0.400539 0.760485 0.400539 0.400539 0.760485 -0.400539 0.233270 3.335427 -0.233270 0.233270 3.335427 0.233270 0.400539 0.760485 -0.400539 
						-0.400539 0.760485 -0.400539 -0.233270 3.335427 -0.233270 0.233270 3.335427 -0.233270 -0.400539 0.760485 -0.400539 -0.400539 0.760485 0.400539 -0.233270 3.335427 0.233270 -0.233270 3.335427 -0.233270 -0.233270 3.335427 0.233270 0.233270 3.335427 0.233270 0.220837 3.335427 0.220837 -0.220837 3.335427 0.220837 0.233270 3.335427 -0.233270 0.220837 3.335427 -0.220837 -0.233270 3.335427 -0.233270 -0.220837 3.335427 -0.220837 -0.220837 3.449731 -0.220837 -0.220837 3.449731 0.220837 -0.208404 3.449731 0.208404 -0.208404 3.449731 -0.208404 0.220837 3.449731 -0.220837 0.208405 3.449731 -0.208404 0.220837 3.449731 0.220837 0.208405 3.449731 0.208404 -0.220837 3.335427 -0.220837 -0.220837 3.335427 0.220837 -0.220837 3.449731 0.220837 -0.220837 3.449731 -0.220837 -0.208404 3.397019 0.208404 -0.208404 3.404934 -0.208404 -0.208404 3.449731 -0.208404 -0.208404 3.449731 0.208404 0.220837 3.335427 -0.220837 -0.220837 3.335427 -0.220837 -0.220837 3.449731 -0.220837 0.220837 3.449731 -0.220837 -0.208404 3.404934 -0.208404 0.208405 3.404934 -0.208404 0.208405 3.449731 -0.208404 -0.208404 3.449731 -0.208404 0.220837 3.335427 0.220837 0.220837 3.335427 -0.220837 0.220837 3.449731 -0.220837 0.220837 3.449731 0.220837 0.208405 3.404934 -0.208404 0.208405 3.404934 0.208404 0.208405 3.449731 0.208404 0.208405 3.449731 -0.208404 -0.220837 3.335427 0.220837 0.220837 3.335427 0.220837 0.220837 3.449731 0.220837 -0.220837 3.449731 0.220837 0.208405 3.404934 0.208404 -0.208404 3.397019 0.208404 -0.208404 3.449731 0.208404 0.208405 3.449731 0.208404 -0.208404 3.397019 0.208404 0.208405 3.404934 0.208404 0.208405 3.449291 0.208404 -0.208404 3.464698 0.208404 0.208405 3.404934 0.208404 0.208405 3.404934 -0.208404 0.208405 3.449291 -0.208404 0.208405 3.449291 0.208404 0.208405 3.404934 -0.208404 
						-0.208404 3.404934 -0.208404 -0.208404 3.449291 -0.208404 0.208405 3.449291 -0.208404 -0.208404 3.404934 -0.208404 -0.208404 3.397019 0.208404 -0.208404 3.464698 0.208404 -0.208404 3.449291 -0.208404 -0.208404 3.449291 -0.208404 0.000000 4.247867 -0.000000 0.208405 3.449291 -0.208404 -0.208404 3.464698 0.208404 0.000000 4.247867 -0.000000 -0.208404 3.449291 -0.208404 -0.208404 3.464698 0.208404 0.208405 3.449291 0.208404 0.000000 4.247867 -0.000000 
					</float_array>
					<technique_common>
						<accessor count="208" offset="0" source="#meshId4-positions-array" stride="3">
							<param name="X" type="float" />
							<param name="Y" type="float" />
							<param name="Z" type="float" />
						</accessor>
					</technique_common>
				</source>
				<source id="meshId4-normals" name="meshId4-normals">
					<float_array id="meshId4-normals-array" count="624"> 
						0.010114 0.999898 -0.010114 0.678599 0.346158 0.647826 0.663370 0.346240 -0.663369 0.000000 -0.027694 0.999617 0.000000 -0.045077 0.998984 0.000000 -0.045077 0.998984 0.000000 -0.027694 0.999616 0.000000 -0.254353 0.967111 -0.077621 -0.993957 0.077621 0.077621 -0.993957 0.077621 0.000000 -0.254353 0.967112 -0.077621 -0.993957 -0.077621 0.000000 -0.254352 -0.967112 0.000000 -0.254352 -0.967112 0.077621 -0.993957 -0.077621 0.000000 -0.045076 -0.998984 0.000000 -0.027694 -0.999616 0.000000 -0.027694 -0.999616 0.000000 -0.045076 -0.998984 0.000000 0.000000 1.000000 0.000000 0.000000 1.000000 0.000000 0.000000 -1.000000 0.000000 0.000000 -1.000000 -0.077621 -0.993957 -0.077621 0.077621 -0.993957 -0.077621 0.077621 -0.993957 0.077621 -0.077621 -0.993957 0.077621 0.999616 -0.027694 0.000000 0.999616 -0.027694 0.000000 1.000000 0.000000 0.000000 1.000000 0.000000 0.000000 -0.999616 -0.027695 0.000000 -0.999616 -0.027695 0.000000 -1.000000 0.000000 0.000000 -1.000000 0.000000 0.000000 -0.077621 -0.993957 0.077621 -0.967112 -0.254350 0.000000 -0.967112 -0.254350 0.000000 -0.077621 -0.993957 -0.077621 -0.998984 -0.045077 0.000000 -0.998984 -0.045077 0.000000 0.998984 -0.045077 0.000000 0.998984 -0.045077 0.000000 0.967112 -0.254352 0.000000 0.077621 -0.993957 0.077621 0.077621 -0.993957 -0.077621 0.967112 -0.254352 0.000000 0.000000 1.000000 -0.000000 0.000000 1.000000 -0.000000 0.136920 0.981074 0.136922 -0.136920 0.981074 0.136921 0.000000 1.000000 0.000000 0.136920 0.981073 -0.136922 0.000000 1.000000 0.000000 -0.136920 0.981074 -0.136921 0.000000 0.012657 0.999920 0.000000 0.012657 0.999920 0.000000 0.000000 1.000000 0.000000 0.000000 1.000000 0.999920 0.012657 0.000000 0.999920 0.012657 0.000000 1.000000 0.000000 0.000000 1.000000 0.000000 0.000000 0.000000 0.012657 -0.999920 
						0.000000 0.012657 -0.999920 0.000000 0.000000 -1.000000 0.000000 0.000000 -1.000000 -0.999920 0.012657 0.000000 -0.999920 0.012657 0.000000 -1.000000 0.000000 0.000000 -1.000000 0.000000 0.000000 -0.999574 0.029177 0.000000 -0.999574 0.029177 0.000000 -0.136920 0.981074 0.136921 -0.612989 0.498490 0.612986 -0.612989 0.498489 -0.612987 -0.136920 0.981074 -0.136921 -0.994118 0.108303 0.000000 -0.994118 0.108303 0.000000 -0.994118 0.108303 0.000000 -0.994118 0.108303 0.000000 0.000000 0.029177 0.999574 0.000000 0.029177 0.999574 0.000000 0.108301 0.994118 0.000000 0.108301 0.994118 0.000000 0.108301 0.994118 0.000000 0.108301 0.994118 -0.612989 0.498490 0.612986 -0.136920 0.981074 0.136921 0.136920 0.981074 0.136922 0.612993 0.498484 0.612987 0.999574 0.029178 0.000000 0.999574 0.029178 0.000000 0.994117 0.108308 0.000000 0.994117 0.108308 0.000000 0.994117 0.108308 0.000000 0.994117 0.108308 0.000000 0.612993 0.498484 0.612987 0.136920 0.981074 0.136922 0.136920 0.981073 -0.136922 0.612993 0.498483 -0.612988 0.000000 0.029177 -0.999574 0.000000 0.029177 -0.999574 0.000000 0.108303 -0.994118 0.000000 0.108303 -0.994118 0.000000 0.108303 -0.994118 0.000000 0.108303 -0.994118 0.612993 0.498483 -0.612988 0.136920 0.981073 -0.136922 -0.136920 0.981074 -0.136921 -0.612989 0.498489 -0.612987 0.000000 1.000000 -0.000000 0.000000 1.000000 -0.000000 0.000000 1.000000 -0.000000 0.000000 1.000000 -0.000000 0.000000 1.000000 0.000000 0.000000 1.000000 0.000000 0.000000 1.000000 0.000000 0.000000 1.000000 0.000000 0.000000 0.064824 0.997897 0.000000 0.064824 0.997897 0.000000 0.064824 0.997897 0.000000 0.064824 0.997897 0.997897 0.064824 0.000000 0.997897 0.064824 0.000000 0.997897 0.064824 0.000000 0.997897 0.064824 0.000000 0.000000 0.064824 -0.997897 
						0.000000 0.064824 -0.997897 0.000000 0.064824 -0.997897 0.000000 0.064824 -0.997897 -0.997897 0.064824 0.000000 -0.997897 0.064824 0.000000 -0.997897 0.064824 0.000000 -0.997897 0.064824 0.000000 0.000000 1.000000 -0.000000 0.000000 1.000000 -0.000000 0.000000 1.000000 -0.000000 0.000000 1.000000 -0.000000 0.000000 1.000000 0.000000 0.000000 1.000000 0.000000 0.000000 1.000000 0.000000 0.000000 1.000000 0.000000 0.000000 1.000000 0.000009 0.000000 1.000000 -0.000011 0.000000 1.000000 -0.000011 0.000000 1.000000 0.000009 0.000000 1.000000 0.000009 0.000000 1.000000 0.000009 0.000000 1.000000 -0.000011 0.000000 1.000000 -0.000011 -1.000000 -0.000000 0.000000 -1.000000 -0.000000 0.000000 -1.000000 -0.000000 0.000000 -1.000000 -0.000000 0.000000 1.000000 0.000000 0.000000 1.000000 0.000000 0.000000 1.000000 0.000000 0.000000 1.000000 0.000000 0.000000 0.000000 0.000001 -1.000000 0.000000 0.000001 -1.000000 0.000000 0.000001 -1.000000 0.000000 0.000001 -1.000000 0.000000 -0.000001 1.000000 0.000000 -0.000001 1.000000 0.000000 -0.000001 1.000000 0.000000 -0.000001 1.000000 1.000000 -0.000000 0.000000 1.000000 -0.000000 0.000000 1.000000 -0.000000 0.000000 1.000000 -0.000000 0.000000 -1.000000 0.000001 0.000000 -1.000000 0.000001 0.000000 -1.000000 0.000001 0.000000 -1.000000 0.000001 0.000000 0.000000 0.000000 1.000000 0.000000 0.000000 1.000000 0.000000 0.000000 1.000000 0.000000 0.000000 1.000000 0.000000 -0.000001 -1.000000 0.000000 -0.000001 -1.000000 0.000000 -0.000001 -1.000000 0.000000 -0.000001 -1.000000 0.000000 0.000000 1.000000 0.000000 0.000000 1.000000 0.000000 0.000000 1.000000 0.000000 0.000000 1.000000 1.000000 0.000000 0.000000 1.000000 0.000000 0.000000 1.000000 0.000000 0.000000 1.000000 0.000000 0.000000 0.000000 0.000000 -1.000000 
						0.000000 0.000000 -1.000000 0.000000 0.000000 -1.000000 0.000000 0.000000 -1.000000 -1.000000 0.000000 0.000000 -1.000000 0.000000 0.000000 -1.000000 0.000000 0.000000 -1.000000 0.000000 0.000000 -0.647827 0.346158 -0.678598 0.010114 0.999898 -0.010114 0.663370 0.346240 -0.663369 -0.661795 0.352213 0.661795 0.010114 0.999898 -0.010114 -0.647827 0.346158 -0.678598 -0.661795 0.352213 0.661795 0.678599 0.346158 0.647826 0.010114 0.999898 -0.010114 
					</float_array>
					<technique_common>
						<accessor count="208" offset="0" source="#meshId4-normals-array" stride="3">
							<param name="X" type="float" />
							<param name="Y" type="float" />
							<param name="Z" type="float" />
						</accessor>
					</technique_common>
				</source>
				<source id="meshId4-tangents" name="meshId4-tangents">
					<float_array id="meshId4-tangents-array" count="624"> 
						-0.000001 -0.000120 -1.000000 0.041596 0.021218 -0.998909 -0.041699 -0.021765 -0.998893 -0.013945 0.393722 0.919124 -0.008877 0.254352 0.967071 -0.008913 0.254352 0.967071 -0.013968 0.393722 0.919123 -0.001601 0.045079 0.998982 -0.005036 0.000931 0.999987 0.001860 0.000929 0.999998 -0.001584 0.045079 0.998982 0.007143 -0.000933 0.999974 0.003713 -0.045078 0.998977 0.003696 -0.045078 0.998977 0.000247 -0.000927 1.000000 0.020239 -0.254312 0.966910 0.031964 -0.393562 0.918742 0.031994 -0.393562 0.918741 0.020285 -0.254312 0.966909 -0.034543 0.999403 0.000000 -0.034543 0.999403 0.000000 0.079311 -0.996850 0.000000 0.079311 -0.996850 0.000000 1.000000 -0.000927 -0.000072 1.000000 0.000927 0.000072 1.000000 0.000927 -0.000072 1.000000 -0.000927 0.000072 0.919138 0.393730 0.012680 0.919139 0.393730 0.012635 0.000000 0.999510 0.031287 0.000000 0.999500 0.031611 -0.919136 0.393723 -0.013071 -0.919137 0.393723 -0.013005 0.000000 0.999469 -0.032590 0.000000 0.999469 -0.032590 -0.999998 0.000929 0.001918 -0.998982 0.045079 -0.001526 -0.998982 0.045079 -0.001561 -0.999987 0.000931 -0.004996 -0.967078 0.254351 -0.008139 -0.967077 0.254351 -0.008241 0.967078 0.254355 0.007997 0.967077 0.254355 0.008047 0.998982 0.045079 0.001483 0.999987 0.000931 0.004918 0.999998 0.000929 -0.001953 0.998982 0.045079 0.001490 1.000000 -0.000000 -0.000001 1.000000 0.000000 0.000004 0.999999 -0.001656 -0.000227 0.999999 0.001656 0.000229 1.000000 0.000000 -0.000001 0.999999 -0.001656 0.000230 1.000000 -0.000000 0.000015 0.999999 0.001656 -0.000217 -0.015691 0.683888 -0.729419 -0.015813 0.683886 -0.729417 -0.022850 0.999739 0.000000 -0.022850 0.999739 0.000000 -0.729424 0.683877 0.015884 -0.729426 0.683878 0.015774 0.000000 0.999739 0.022850 0.000000 0.999725 0.023446 -0.015842 -0.683886 -0.729417 
						-0.015678 -0.683888 -0.729419 -0.023451 -0.999725 0.000000 -0.023451 -0.999725 0.000000 0.729412 0.683895 -0.015691 0.729414 0.683897 -0.015485 0.000000 0.999739 -0.022850 0.000000 0.999739 -0.022850 0.926325 0.376630 -0.008503 0.926323 0.376630 -0.008717 0.999988 0.001664 -0.004545 0.999733 0.014849 -0.017722 0.999758 0.014828 0.016267 0.999994 0.001661 0.003046 0.994116 0.108294 -0.002529 0.994116 0.108294 -0.002529 0.994116 0.108294 -0.002497 0.994116 0.108294 -0.002497 -0.008720 0.376623 -0.926326 -0.008847 0.376623 -0.926325 -0.002497 0.108296 -0.994115 -0.002497 0.108296 -0.994115 -0.002513 0.108296 -0.994115 -0.002513 0.108296 -0.994115 0.016267 0.014828 -0.999758 0.003045 0.001661 -0.999994 -0.004593 0.001664 -0.999988 -0.017768 0.014849 -0.999732 -0.926329 0.376615 0.008719 -0.926328 0.376615 0.008804 -0.994116 0.108290 0.002530 -0.994116 0.108290 0.002531 -0.994116 0.108290 0.002612 -0.994116 0.108290 0.002612 -0.999756 0.014829 -0.016363 -0.999994 0.001661 -0.003143 -0.999989 0.001664 0.004461 -0.999734 0.014848 0.017641 -0.008674 -0.376623 -0.926326 -0.008503 -0.376624 -0.926327 -0.002581 -0.108294 -0.994115 -0.002581 -0.108294 -0.994115 -0.002612 -0.108294 -0.994115 -0.002612 -0.108294 -0.994115 0.016326 -0.014829 -0.999757 0.003105 -0.001661 -0.999994 -0.004605 -0.001664 -0.999988 -0.017779 -0.014849 -0.999732 1.000000 0.000000 0.000002 1.000000 0.000000 0.000006 1.000000 0.000000 0.000005 1.000000 0.000000 0.000003 1.000000 -0.000000 0.000004 1.000000 -0.000000 0.000003 1.000000 0.000000 -0.000010 1.000000 0.000000 -0.000010 1.000000 -0.000003 0.000016 1.000000 -0.000003 0.000016 1.000000 -0.000003 0.000016 1.000000 -0.000003 0.000016 0.000016 -0.000003 -1.000000 0.000016 -0.000003 -1.000000 0.000016 -0.000003 -1.000000 0.000016 -0.000003 -1.000000 1.000000 0.000003 0.000016 
						1.000000 0.000003 0.000016 1.000000 0.000003 0.000016 1.000000 0.000003 0.000016 -0.000016 -0.000003 1.000000 -0.000016 -0.000003 1.000000 -0.000016 -0.000003 1.000000 -0.000016 -0.000003 1.000000 1.000000 -0.000000 -0.000002 1.000000 0.000000 0.000009 1.000000 0.000000 0.000009 1.000000 -0.000000 -0.000001 1.000000 -0.000000 0.000029 1.000000 -0.000000 0.000030 1.000000 0.000000 -0.000023 1.000000 0.000000 -0.000022 -0.000024 0.000000 -1.000000 0.000054 -0.000000 -1.000000 0.000053 -0.000000 -1.000000 -0.000025 0.000000 -1.000000 -0.000008 0.000000 -1.000000 -0.000008 0.000000 -1.000000 -0.000020 -0.000000 -1.000000 -0.000022 -0.000000 -1.000000 -0.000010 1.000000 0.000045 -0.000010 1.000000 -0.000021 -0.000010 1.000000 -0.000023 -0.000010 1.000000 0.000044 -0.000021 1.000000 -0.000098 -0.000021 1.000000 0.000056 -0.000021 1.000000 0.000058 -0.000021 1.000000 -0.000097 0.000000 -1.000000 -0.000044 0.000000 -1.000000 -0.000044 0.000000 -1.000000 -0.000044 0.000000 -1.000000 -0.000044 0.000000 1.000000 0.000056 0.000000 1.000000 0.000056 0.000000 1.000000 0.000056 0.000000 1.000000 0.000056 0.000011 1.000000 -0.000023 0.000011 1.000000 0.000044 0.000011 1.000000 0.000045 0.000011 1.000000 -0.000021 0.000062 1.000000 0.000058 0.000062 1.000000 -0.000114 0.000062 1.000000 -0.000115 0.000062 1.000000 0.000056 0.000000 1.000000 -0.000022 0.000000 1.000000 -0.000022 0.000000 1.000000 -0.000022 0.000000 1.000000 -0.000022 0.000000 -1.000000 0.000103 0.000000 -1.000000 0.000103 0.000000 -1.000000 0.000103 0.000000 -1.000000 0.000103 1.000000 0.000028 -0.000000 1.000000 0.000028 -0.000000 1.000000 0.000028 -0.000000 1.000000 0.000028 -0.000000 0.000000 0.000000 -1.000000 0.000000 0.000000 -1.000000 0.000000 0.000000 -1.000000 0.000000 0.000000 -1.000000 1.000000 0.000031 0.000000 
						1.000000 0.000031 0.000000 1.000000 0.000031 0.000000 1.000000 0.000031 0.000000 0.000000 -0.000028 1.000000 0.000000 -0.000028 1.000000 0.000000 -0.000028 1.000000 0.000000 -0.000028 1.000000 0.998939 0.021236 -0.040875 1.000000 -0.000120 0.000669 0.998863 -0.021748 0.042422 0.030157 -0.021611 0.999312 -0.010023 0.000121 0.999950 -0.051787 0.022078 0.998414 0.999311 0.021611 0.030158 0.998414 -0.022078 -0.051787 0.999950 -0.000121 -0.010023 
					</float_array>
					<technique_common>
						<accessor count="208" offset="0" source="#meshId4-tangents-array" stride="3">
							<param name="X" type="float" />
							<param name="Y" type="float" />
							<param name="Z" type="float" />
						</accessor>
					</technique_common>
				</source>
				<source id="meshId4-bitangents" name="meshId4-bitangents">
					<float_array id="meshId4-bitangents-array" count="624"> 
						-1.000000 0.000120 0.000000 -0.999729 0.023259 -0.000000 -0.999742 0.022732 0.000000 -1.000000 -0.000395 -0.000922 -0.999999 -0.000354 -0.001344 -0.999999 -0.000355 -0.001350 -0.999999 -0.000395 -0.000923 -0.999999 -0.000062 -0.001368 -0.999987 0.000922 -0.005108 -0.999998 -0.000925 0.001932 -0.999999 -0.000061 -0.001353 -0.999974 0.000920 0.007216 -0.999995 -0.000143 0.003172 -0.999995 -0.000142 0.003158 -1.000000 -0.000927 0.000175 -0.999995 -0.000806 0.003065 -0.999997 -0.000905 0.002113 -0.999997 -0.000906 0.002115 -0.999995 -0.000808 0.003072 -1.000000 -0.000410 0.000000 -1.000000 -0.000410 0.000000 -1.000000 -0.000944 -0.000000 -1.000000 -0.000944 -0.000000 0.000000 -0.000927 1.000000 -0.000000 -0.000927 1.000000 -0.000000 0.000927 1.000000 0.000000 0.000927 1.000000 -0.000838 -0.000359 1.000000 -0.000835 -0.000358 1.000000 0.000000 -0.000371 1.000000 0.000000 -0.000375 1.000000 0.000864 -0.000370 -1.000000 0.000860 -0.000368 -1.000000 -0.000000 -0.000387 -1.000000 -0.000000 -0.000387 -1.000000 -0.001990 -0.000925 -0.999998 0.001304 -0.000059 -0.999999 0.001334 -0.000060 -0.999999 0.005069 0.000922 -0.999987 0.001232 -0.000324 -0.999999 0.001248 -0.000328 -0.999999 -0.001211 -0.000318 0.999999 -0.001218 -0.000320 0.999999 -0.001267 -0.000057 0.999999 -0.004991 0.000922 0.999987 0.002025 -0.000925 0.999997 -0.001273 -0.000057 0.999999 -0.000001 -0.000000 -1.000000 0.000004 -0.000000 -1.000000 0.000004 0.001656 -0.999999 -0.000002 0.001656 -0.999999 -0.000001 0.000000 -1.000000 -0.000001 -0.001656 -0.999999 0.000015 0.000000 -1.000000 0.000015 -0.001656 -0.999999 -1.000000 -0.000269 0.000287 -1.000000 -0.000271 0.000289 -1.000000 -0.000271 0.000000 -1.000000 -0.000271 0.000000 0.000290 -0.000272 1.000000 0.000288 -0.000270 1.000000 0.000000 -0.000271 1.000000 0.000000 -0.000278 1.000000 -1.000000 0.000271 0.000289 
						-1.000000 0.000268 0.000286 -1.000000 0.000278 0.000000 -1.000000 0.000278 0.000000 -0.000287 -0.000269 -1.000000 -0.000283 -0.000265 -1.000000 -0.000000 -0.000271 -1.000000 -0.000000 -0.000271 -1.000000 -0.000615 -0.000250 -1.000000 -0.000630 -0.000256 -1.000000 -0.004776 0.001648 -0.999987 -0.035320 0.014068 -0.999277 0.033868 -0.014090 -0.999327 0.003277 -0.001651 -0.999993 -0.001272 -0.000139 -0.999999 -0.001272 -0.000139 -0.999999 -0.001256 -0.000137 -0.999999 -0.001256 -0.000137 -0.999999 -1.000000 -0.000256 0.000631 -1.000000 -0.000260 0.000640 -0.999999 -0.000137 0.001256 -0.999999 -0.000137 0.001256 -0.999999 -0.000138 0.001264 -0.999999 -0.000138 0.001264 -0.999327 -0.014090 -0.033868 -0.999993 -0.001651 -0.003276 -0.999987 0.001648 0.004824 -0.999276 0.014067 0.035366 0.000631 -0.000256 1.000000 0.000637 -0.000259 1.000000 0.001273 -0.000139 0.999999 0.001273 -0.000139 0.999999 0.001314 -0.000143 0.999999 0.001314 -0.000143 0.999999 -0.033964 -0.014088 0.999324 -0.003374 -0.001651 0.999993 0.004692 0.001649 0.999988 0.035240 0.014069 0.999280 -1.000000 0.000255 0.000627 -1.000000 0.000250 0.000615 -0.999999 0.000141 0.001298 -0.999999 0.000141 0.001298 -0.999999 0.000143 0.001314 -0.999999 0.000143 0.001314 -0.999325 0.014089 -0.033928 -0.999993 0.001651 -0.003336 -0.999987 -0.001648 0.004836 -0.999275 -0.014067 0.035377 0.000002 -0.000000 -1.000000 0.000006 -0.000000 -1.000000 0.000005 -0.000000 -1.000000 0.000003 -0.000000 -1.000000 0.000004 0.000000 -1.000000 0.000003 0.000000 -1.000000 -0.000010 0.000000 -1.000000 -0.000010 0.000000 -1.000000 0.000059 0.179720 -0.983718 0.000059 0.179720 -0.983718 0.000059 0.179720 -0.983718 0.000059 0.179720 -0.983718 -0.983718 0.179720 -0.000059 -0.983718 0.179720 -0.000059 -0.983718 0.179720 -0.000059 -0.983718 0.179720 -0.000059 0.000059 -0.179720 -0.983718 
						0.000059 -0.179720 -0.983718 0.000059 -0.179720 -0.983718 0.000059 -0.179720 -0.983718 0.983718 0.179720 0.000059 0.983718 0.179720 0.000059 0.983718 0.179720 0.000059 0.983718 0.179720 0.000059 -0.000002 -0.000000 -1.000000 0.000009 -0.000000 -1.000000 0.000009 -0.000000 -1.000000 -0.000001 -0.000000 -1.000000 0.000029 0.000000 -1.000000 0.000030 0.000000 -1.000000 -0.000023 0.000000 -1.000000 -0.000022 0.000000 -1.000000 -1.000000 -0.000000 0.000024 -1.000000 -0.000000 -0.000054 -1.000000 -0.000000 -0.000053 -1.000000 -0.000000 0.000025 -1.000000 -0.000000 0.000008 -1.000000 -0.000000 0.000008 -1.000000 0.000000 0.000020 -1.000000 0.000000 0.000022 -0.000000 0.000001 -1.000000 0.000000 -0.000000 -1.000000 0.000000 -0.000000 -1.000000 -0.000000 0.000001 -1.000000 -0.000000 0.000001 1.000000 0.000000 -0.000001 1.000000 0.000000 -0.000001 1.000000 -0.000000 0.000001 1.000000 -1.000000 0.000000 0.000000 -1.000000 0.000000 0.000000 -1.000000 0.000000 0.000000 -1.000000 0.000000 0.000000 -1.000000 0.000000 0.000000 -1.000000 0.000000 0.000000 -1.000000 0.000000 0.000000 -1.000000 0.000000 0.000000 0.000000 0.000000 1.000000 -0.000000 -0.000001 1.000000 -0.000000 -0.000001 1.000000 0.000000 0.000000 1.000000 0.000000 0.000001 -1.000000 -0.000000 -0.000001 -1.000000 -0.000000 -0.000001 -1.000000 0.000000 0.000001 -1.000000 -1.000000 0.000000 0.000000 -1.000000 0.000000 0.000000 -1.000000 0.000000 0.000000 -1.000000 0.000000 0.000000 -1.000000 0.000000 0.000000 -1.000000 0.000000 0.000000 -1.000000 0.000000 0.000000 -1.000000 0.000000 0.000000 -0.002381 0.999997 0.000000 -0.002377 0.999997 0.000000 -0.002377 0.999997 0.000000 -0.002380 0.999997 0.000000 0.000000 1.000000 0.000000 0.000000 1.000000 0.000000 0.000000 1.000000 0.000000 0.000000 1.000000 0.000000 0.002645 -0.999996 0.000000 
						0.002643 -0.999996 0.000000 0.002643 -0.999996 0.000000 0.002645 -0.999996 0.000000 0.000000 0.999997 0.002381 0.000000 0.999997 0.002379 0.000000 0.999997 0.002379 0.000000 0.999997 0.002381 0.000727 -0.023243 -0.999730 0.000668 -0.000120 -1.000000 0.000725 -0.022749 -0.999741 0.999706 0.022069 0.010046 0.999950 -0.000119 0.010024 0.999698 0.022437 0.010046 -0.010045 0.022069 -0.999706 -0.010046 0.022437 -0.999698 -0.010024 -0.000119 -0.999950 
					</float_array>
					<technique_common>
						<accessor count="208" offset="0" source="#meshId4-bitangents-array" stride="3">
							<param name="X" type="float" />
							<param name="Y" type="float" />
							<param name="Z" type="float" />
						</accessor>
					</technique_common>
				</source>
				<source id="meshId4-tex0" name="meshId4-tex0">
					<float_array id="meshId4-tex0-array" count="416"> 
						0.927468 0.818494 0.910769 0.752364 0.944166 0.752364 0.925001 0.903595 0.912286 0.903027 0.912253 0.824047 0.924968 0.823469 0.912286 0.903027 0.906845 0.901645 0.906813 0.825433 0.912253 0.824047 0.968275 0.858088 0.962833 0.859467 0.962907 0.780487 0.968347 0.781876 0.962833 0.859467 0.950117 0.860028 0.950193 0.779902 0.962907 0.780487 0.932669 0.823465 0.932702 0.903592 0.942416 0.860021 0.942491 0.779895 0.823741 0.864847 0.899953 0.864847 0.899953 0.941059 0.823741 0.941059 0.968512 0.432566 0.968482 0.352439 0.976184 0.352437 0.976214 0.432563 0.956646 0.945138 0.956615 0.865012 0.964316 0.865009 0.964347 0.945135 0.938460 0.866976 0.943900 0.865590 0.943930 0.944570 0.938489 0.943188 0.943900 0.865590 0.943930 0.944570 0.955797 0.431997 0.955767 0.353017 0.955797 0.431997 0.950356 0.430615 0.950327 0.354403 0.955767 0.353017 0.167072 0.847261 0.247198 0.847261 0.244578 0.849882 0.169693 0.849882 0.247198 0.927387 0.244578 0.924767 0.167072 0.927387 0.169693 0.924767 0.982812 0.078400 0.982792 0.006243 0.991142 0.006241 0.991162 0.078398 0.982812 0.937127 0.982792 0.864971 0.991142 0.864968 0.991162 0.937125 0.733195 0.903696 
						0.733215 0.975853 0.724865 0.975855 0.724845 0.903699 0.986767 0.158263 0.986748 0.086106 0.995098 0.086104 0.995117 0.158261 0.980484 0.085925 0.980503 0.158447 0.974062 0.084746 0.975873 0.085427 0.975893 0.158948 0.974083 0.159631 0.975873 0.085427 0.980484 0.085925 0.980503 0.158447 0.975893 0.158948 0.976548 0.078584 0.976528 0.006062 0.976548 0.078584 0.971938 0.079085 0.971918 0.005564 0.976528 0.006062 0.971938 0.079085 0.970127 0.079768 0.970106 0.004883 0.971918 0.005564 0.976548 0.937312 0.976528 0.864790 0.976548 0.937312 0.971938 0.937812 0.971918 0.864292 0.976528 0.864790 0.971938 0.937812 0.970127 0.938495 0.970107 0.863610 0.971918 0.864292 0.739459 0.903512 0.739479 0.976034 0.739459 0.903512 0.744069 0.903011 0.744089 0.976532 0.739479 0.976034 0.744069 0.903011 0.745879 0.902329 0.745900 0.977214 0.744089 0.976532 0.831652 0.699548 0.903809 0.699548 0.899824 0.703533 0.835637 0.703533 0.903809 0.771705 0.899824 0.767720 0.831652 0.771705 0.835637 0.767720 0.768359 0.287246 0.832546 0.287262 0.819093 0.494013 0.781711 0.494004 0.768359 0.576471 0.832546 0.576486 0.819093 0.783238 0.781711 0.783229 0.595196 0.886313 
						0.531009 0.886297 0.544462 0.679545 0.581844 0.679555 0.784182 0.004883 0.848369 0.004898 0.834916 0.211650 0.797534 0.211641 0.705066 0.004883 0.742448 0.004883 0.741452 0.005879 0.706062 0.005879 0.742448 0.042265 0.741451 0.041269 0.705066 0.042265 0.706062 0.041269 0.111477 0.380215 0.076088 0.380215 0.077084 0.379219 0.110481 0.379219 0.111477 0.344825 0.110481 0.345821 0.076088 0.344825 0.077084 0.345821 0.981974 0.406258 0.981974 0.370868 0.991133 0.370868 0.991133 0.406258 0.748580 0.099843 0.749214 0.066446 0.752803 0.066446 0.752803 0.099843 0.144584 0.336768 0.144584 0.372158 0.135425 0.372158 0.135425 0.336768 0.064220 0.364550 0.064220 0.331153 0.067810 0.331153 0.067810 0.364550 0.981974 0.446641 0.981974 0.411251 0.991133 0.411251 0.991133 0.446641 0.056309 0.357336 0.056309 0.323938 0.059898 0.323938 0.059898 0.357336 0.981974 0.365875 0.981974 0.330485 0.991133 0.330485 0.991133 0.365875 0.008472 0.224768 0.009106 0.258165 0.004883 0.258165 0.004883 0.224768 0.934504 0.277636 0.967903 0.278190 0.967911 0.281744 0.934517 0.283058 0.910769 0.748810 0.944166 0.748810 0.944166 0.752364 0.910769 0.752364 0.967901 0.743863 
						0.934504 0.743774 0.934513 0.740220 0.967911 0.740309 0.776279 0.499561 0.809678 0.499006 0.809665 0.504429 0.776271 0.503115 0.934513 0.740220 0.951387 0.674135 0.967911 0.740309 0.809665 0.504429 0.792732 0.569304 0.776271 0.503115 0.934517 0.283058 0.967911 0.281744 0.951450 0.347934 
					</float_array>
					<technique_common>
						<accessor count="208" offset="0" source="#meshId4-tex0-array" stride="2">
							<param name="S" type="float" />
							<param name="T" type="float" />
						</accessor>
					</technique_common>
				</source>
				<vertices id="meshId4-vertices">
					<input semantic="POSITION" source="#meshId4-positions" />
				</vertices>
				<polylist count="126" material="defaultMaterial">
					<input offset="0" semantic="VERTEX" source="#meshId4-vertices" />
					<input offset="0" semantic="NORMAL" source="#meshId4-normals" />
					<input offset="0" semantic="TANGENT" source="#meshId4-tangents" />
					<input offset="0" semantic="BINORMAL" source="#meshId4-bitangents" />
					<input offset="0" semantic="TEXCOORD" source="#meshId4-tex0" set="0" />
					<vcount>
						3 3 3 3 3 3 3 3 3 3 3 3 3 3 3 3 3 3 3 3 3 3 3 3 3 3 3 3 3 3 3 3 3 3 3 3 3 3 3 3 3 3 3 3 3 3 3 3 3 3 3 3 3 3 3 3 3 3 3 3 3 3 3 3 
						3 3 3 3 3 3 3 3 3 3 3 3 3 3 3 3 3 3 3 3 3 3 3 3 3 3 3 3 3 3 3 3 3 3 3 3 3 3 3 3 3 3 3 3 3 3 3 3 3 3 3 3 3 3 3 3 3 3 3 3 3 3 
					</vcount>
					<p>
						0 1 2 6 3 4 4 5 6 10 7 8 8 9 10 14 11 12 12 13 14 18 15 16 16 17 18 20 3 6 6 19 20 16 21 22 22 17 16 26 23 24 24 25 26 30 27 28 28 29 30 34 31 32 32 33 34 38 35 36 36 37 38 40 39 32 32 31 40 28 27 41 41 42 28 46 43 44 44 45 46 50 47 48 48 49 50 49 48 51 51 52 49 52 51 53 53 54 52 54 53 47 47 50 54 58 55 56 56 57 58 62 59 60 60 61 62 66 63 64 64 65 66 70 67 68 68 69 70 72 71 68 68 67 72 76 73 74 74 75 76 80 77 78 78 79 80 56 55 81 81 82 56 86 83 84 84 85 86 90 87 88 88 89 90 60 59 91 91 92 60 96 93 94 94 95 96 100 97 98 98 99 100 64 63 101 101 102 64 106 103 104 
						104 105 106 110 107 108 108 109 110 114 111 112 112 113 114 113 112 115 115 116 113 116 115 117 117 118 116 118 117 111 111 114 118 122 119 120 120 121 122 126 123 124 124 125 126 130 127 128 128 129 130 134 131 132 132 133 134 138 135 136 136 137 138 137 136 139 139 140 137 140 139 141 141 142 140 142 141 135 135 138 142 146 143 144 144 145 146 148 147 143 143 146 148 150 149 147 147 148 150 145 144 149 149 150 145 154 151 152 152 153 154 158 155 156 156 157 158 162 159 160 160 161 162 166 163 164 164 165 166 170 167 168 168 169 170 174 171 172 172 173 174 178 175 176 176 177 178 182 179 180 180 181 182 186 183 184 184 185 186 190 187 188 188 189 190 194 191 192 192 193 194 198 195 196 196 197 198 199 200 201 202 203 204 205 206 207 
					</p>
				</polylist>
			</mesh>
		</geometry>
	</library_geometries>
	<library_visual_scenes>
		<visual_scene id="RootNode" name="RootNode">
			<node id="pCylinder1" name="pCylinder1">
				<matrix>0.867670 0.000000 0.000000 9.173901 0.000000 0.515230 0.000000 2.179038 0.000000 0.000000 0.867670 0.257661 0.000000 0.000000 0.000000 1.000000</matrix>
				<instance_geometry url="#meshId0">
					<bind_material>
						<technique_common>
							<instance_material symbol="defaultMaterial" target="#lambert1" />
						</technique_common>
					</bind_material>
				</instance_geometry>
			</node>
			<node id="pCube1" name="pCube1">
				<matrix>3.508913 0.000000 0.000000 9.191631 0.000000 3.508913 0.000000 4.398983 0.000000 0.000000 3.508913 0.227926 0.000000 0.000000 0.000000 1.000000</matrix>
				<instance_geometry url="#meshId1">
					<bind_material>
						<technique_common>
							<instance_material symbol="defaultMaterial" target="#lambert1" />
						</technique_common>
					</bind_material>
				</instance_geometry>
			</node>
			<node id="pCylinder3" name="pCylinder3">
				<matrix>-0.000000 0.375428 0.062674 7.124442 -1.356398 -0.000000 -0.000000 2.175136 -0.000000 -0.017366 1.354949 0.213661 0.000000 0.000000 0.000000 1.000000</matrix>
				<instance_geometry url="#meshId2">
					<bind_material>
						<technique_common>
							<instance_material symbol="defaultMaterial" target="#lambert1" />
						</technique_common>
					</bind_material>
				</instance_geometry>
			</node>
			<node id="imagePlane1" name="imagePlane1">
				<matrix>1.000000 0.000000 0.000000 0.659215 0.000000 1.000000 0.000000 7.104815 0.000000 0.000000 1.000000 -5.021590 0.000000 0.000000 0.000000 1.000000</matrix>
			</node>
			<node id="pCylinder4" name="pCylinder4">
				<matrix>0.382835 0.000000 0.000000 9.194066 0.000000 0.239899 0.000000 8.005049 0.000000 0.000000 0.382835 0.237110 0.000000 0.000000 0.000000 1.000000</matrix>
				<instance_geometry url="#meshId3">
					<bind_material>
						<technique_common>
							<instance_material symbol="defaultMaterial" target="#lambert1" />
						</technique_common>
					</bind_material>
				</instance_geometry>
			</node>
			<node id="pCube3" name="pCube3">
				<matrix>4.021665 0.000000 0.000000 9.195107 0.000000 0.438119 0.000000 6.074718 0.000000 0.000000 4.021665 0.211658 0.000000 0.000000 0.000000 1.000000</matrix>
				<instance_geometry url="#meshId4">
					<bind_material>
						<technique_common>
							<instance_material symbol="defaultMaterial" target="#lambert1" />
						</technique_common>
					</bind_material>
				</instance_geometry>
			</node>
		</visual_scene>
	</library_visual_scenes>
	<scene>
		<instance_visual_scene url="#RootNode" />
	</scene>
</COLLADA>
